Year,State,State ANSI,Ag District,County,County ANSI,barley_acre
2017,ALABAMA,1,BLACK BELT,AUTAUGA,1, (D)
2017,ALABAMA,1,MOUNTAINS & EASTERN VALLEY,DE KALB,49, (D)
2017,ALABAMA,1,NORTHERN VALLEY,LIMESTONE,83,270.00
2017,ALABAMA,1,WIREGRASS,GENEVA,61, (D)
2017,ALASKA,2,MATANUSKA-SUSITNA-ANCHORAGE,ANCHORAGE,,15.00
2017,ALASKA,2,TANANA VALLEY,FAIRBANKS NORTH STAR,,"4,832.00"
2017,ARIZONA,4,NORTHERN,YAVAPAI,25, (D)
2017,ARIZONA,4,SOUTHERN,COCHISE,3,"1,780.00"
2017,ARIZONA,4,SOUTHERN,GRAHAM,9,"1,459.00"
2017,ARIZONA,4,SOUTHERN,LAPAZ,12, (D)
2017,ARIZONA,4,SOUTHERN,MARICOPA,13,"3,579.00"
2017,ARIZONA,4,SOUTHERN,PIMA,19,102.00
2017,ARIZONA,4,SOUTHERN,PINAL,21,"9,073.00"
2017,ARIZONA,4,SOUTHERN,YUMA,27,307.00
2017,CALIFORNIA,6,CENTRAL COAST,LAKE,33, (D)
2017,CALIFORNIA,6,CENTRAL COAST,MONTEREY,53,"3,569.00"
2017,CALIFORNIA,6,CENTRAL COAST,SAN LUIS OBISPO,79,"8,630.00"
2017,CALIFORNIA,6,CENTRAL COAST,SAN MATEO,81, (D)
2017,CALIFORNIA,6,CENTRAL COAST,SONOMA,97, (D)
2017,CALIFORNIA,6,NORTHEAST,LASSEN,35, (D)
2017,CALIFORNIA,6,NORTHEAST,MODOC,49,"6,748.00"
2017,CALIFORNIA,6,NORTHEAST,PLUMAS,63, (D)
2017,CALIFORNIA,6,SACRAMENTO VALLEY,BUTTE,7, (D)
2017,CALIFORNIA,6,SACRAMENTO VALLEY,COLUSA,11, (D)
2017,CALIFORNIA,6,SACRAMENTO VALLEY,GLENN,21,624.00
2017,CALIFORNIA,6,SACRAMENTO VALLEY,SACRAMENTO,67, (D)
2017,CALIFORNIA,6,SACRAMENTO VALLEY,SOLANO,95,"1,380.00"
2017,CALIFORNIA,6,SACRAMENTO VALLEY,TEHAMA,103, (D)
2017,CALIFORNIA,6,SACRAMENTO VALLEY,YOLO,113,"4,141.00"
2017,CALIFORNIA,6,SAN JOAQUIN VALLEY,FRESNO,19,"4,313.00"
2017,CALIFORNIA,6,SAN JOAQUIN VALLEY,KERN,29,"1,585.00"
2017,CALIFORNIA,6,SAN JOAQUIN VALLEY,KINGS,31,628.00
2017,CALIFORNIA,6,SAN JOAQUIN VALLEY,MADERA,39,95.00
2017,CALIFORNIA,6,SAN JOAQUIN VALLEY,MERCED,47,"1,252.00"
2017,CALIFORNIA,6,SAN JOAQUIN VALLEY,SAN JOAQUIN,77,510.00
2017,CALIFORNIA,6,SAN JOAQUIN VALLEY,STANISLAUS,99, (D)
2017,CALIFORNIA,6,SAN JOAQUIN VALLEY,TULARE,107,274.00
2017,CALIFORNIA,6,SISKIYOU-SHASTA,SHASTA,89, (D)
2017,CALIFORNIA,6,SISKIYOU-SHASTA,SISKIYOU,93,"4,481.00"
2017,CALIFORNIA,6,SOUTHERN CALIFORNIA,LOS ANGELES,37, (D)
2017,CALIFORNIA,6,SOUTHERN CALIFORNIA,ORANGE,59, (D)
2017,CALIFORNIA,6,SOUTHERN CALIFORNIA,RIVERSIDE,65, (D)
2017,CALIFORNIA,6,SOUTHERN CALIFORNIA,SANTA BARBARA,83, (D)
2017,COLORADO,8,EAST CENTRAL,ADAMS,1, (D)
2017,COLORADO,8,EAST CENTRAL,LINCOLN,73, (D)
2017,COLORADO,8,EAST CENTRAL,WASHINGTON,121, (D)
2017,COLORADO,8,EAST CENTRAL,YUMA,125,600.00
2017,COLORADO,8,NORTHEAST,BOULDER,13,968.00
2017,COLORADO,8,NORTHEAST,LARIMER,69,813.00
2017,COLORADO,8,NORTHEAST,LOGAN,75,260.00
2017,COLORADO,8,NORTHEAST,WELD,123,"6,282.00"
2017,COLORADO,8,SAN LUIS VALLEY,ALAMOSA,3,"10,666.00"
2017,COLORADO,8,SAN LUIS VALLEY,CONEJOS,21,"6,008.00"
2017,COLORADO,8,SAN LUIS VALLEY,COSTILLA,23,"4,842.00"
2017,COLORADO,8,SAN LUIS VALLEY,RIO GRANDE,105,"18,567.00"
2017,COLORADO,8,SAN LUIS VALLEY,SAGUACHE,109,"14,116.00"
2017,COLORADO,8,SOUTHEAST,BACA,9, (D)
2017,COLORADO,8,SOUTHEAST,CROWLEY,25, (D)
2017,COLORADO,8,SOUTHWEST,ARCHULETA,7,236.00
2017,COLORADO,8,SOUTHWEST,DELTA,29, (D)
2017,COLORADO,8,SOUTHWEST,DOLORES,33, (D)
2017,COLORADO,8,SOUTHWEST,GARFIELD,45, (D)
2017,COLORADO,8,SOUTHWEST,LA PLATA,67,146.00
2017,COLORADO,8,SOUTHWEST,MONTEZUMA,83,225.00
2017,COLORADO,8,SOUTHWEST,MONTROSE,85,109.00
2017,CONNECTICUT,9,ALL COUNTIES,HARTFORD,3,51.00
2017,DELAWARE,10,CENTRAL,KENT,1,"8,433.00"
2017,DELAWARE,10,NORTHERN,NEW CASTLE,3,"2,173.00"
2017,DELAWARE,10,SOUTHERN,SUSSEX,5,"8,178.00"
2017,GEORGIA,13,CENTRAL,LAURENS,175,300.00
2017,GEORGIA,13,WEST CENTRAL,COWETA,77, (D)
2017,GEORGIA,13,WEST CENTRAL,UPSON,293, (D)
2017,IDAHO,16,EAST,BANNOCK,5,"6,553.00"
2017,IDAHO,16,EAST,BEAR LAKE,7,"8,369.00"
2017,IDAHO,16,EAST,BINGHAM,11,"19,764.00"
2017,IDAHO,16,EAST,BONNEVILLE,19,"68,414.00"
2017,IDAHO,16,EAST,BUTTE,23,"11,726.00"
2017,IDAHO,16,EAST,CARIBOU,29,"55,247.00"
2017,IDAHO,16,EAST,CLARK,33,"2,615.00"
2017,IDAHO,16,EAST,CUSTER,37,"3,283.00"
2017,IDAHO,16,EAST,FRANKLIN,41,"5,870.00"
2017,IDAHO,16,EAST,FREMONT,43,"58,565.00"
2017,IDAHO,16,EAST,JEFFERSON,51,"40,084.00"
2017,IDAHO,16,EAST,LEMHI,59, (D)
2017,IDAHO,16,EAST,MADISON,65,"37,668.00"
2017,IDAHO,16,EAST,ONEIDA,71,994.00
2017,IDAHO,16,EAST,POWER,77,"3,476.00"
2017,IDAHO,16,EAST,TETON,81,"28,706.00"
2017,IDAHO,16,NORTH,BENEWAH,9,"1,808.00"
2017,IDAHO,16,NORTH,BONNER,17,206.00
2017,IDAHO,16,NORTH,BOUNDARY,21,"2,333.00"
2017,IDAHO,16,NORTH,CLEARWATER,35, (D)
2017,IDAHO,16,NORTH,IDAHO,49,"7,228.00"
2017,IDAHO,16,NORTH,KOOTENAI,55, (D)
2017,IDAHO,16,NORTH,LATAH,57,"6,028.00"
2017,IDAHO,16,NORTH,LEWIS,61,"3,882.00"
2017,IDAHO,16,NORTH,NEZ PERCE,69,"6,116.00"
2017,IDAHO,16,SOUTH CENTRAL,BLAINE,13,"8,205.00"
2017,IDAHO,16,SOUTH CENTRAL,CAMAS,25,"8,836.00"
2017,IDAHO,16,SOUTH CENTRAL,CASSIA,31,"33,937.00"
2017,IDAHO,16,SOUTH CENTRAL,GOODING,47,"1,579.00"
2017,IDAHO,16,SOUTH CENTRAL,JEROME,53,"13,297.00"
2017,IDAHO,16,SOUTH CENTRAL,LINCOLN,63,"2,935.00"
2017,IDAHO,16,SOUTH CENTRAL,MINIDOKA,67,"47,296.00"
2017,IDAHO,16,SOUTH CENTRAL,TWIN FALLS,83,"24,825.00"
2017,IDAHO,16,SOUTHWEST,ADA,1,690.00
2017,IDAHO,16,SOUTHWEST,CANYON,27,719.00
2017,IDAHO,16,SOUTHWEST,GEM,45,543.00
2017,IDAHO,16,SOUTHWEST,OWYHEE,73,707.00
2017,IDAHO,16,SOUTHWEST,PAYETTE,75, (D)
2017,IDAHO,16,SOUTHWEST,WASHINGTON,87,933.00
2017,ILLINOIS,17,CENTRAL,WOODFORD,203,112.00
2017,ILLINOIS,17,EAST,FORD,53, (D)
2017,ILLINOIS,17,EAST SOUTHEAST,COLES,29, (D)
2017,ILLINOIS,17,EAST SOUTHEAST,DOUGLAS,41, (D)
2017,ILLINOIS,17,EAST SOUTHEAST,LAWRENCE,101, (D)
2017,ILLINOIS,17,NORTHEAST,BOONE,7, (D)
2017,ILLINOIS,17,NORTHEAST,KANE,89, (D)
2017,ILLINOIS,17,NORTHEAST,KENDALL,93, (D)
2017,ILLINOIS,17,NORTHWEST,BUREAU,11, (D)
2017,ILLINOIS,17,NORTHWEST,JO DAVIESS,85,79.00
2017,ILLINOIS,17,NORTHWEST,ROCK ISLAND,161, (D)
2017,ILLINOIS,17,SOUTHEAST,JEFFERSON,81, (D)
2017,ILLINOIS,17,SOUTHWEST,CLINTON,27,70.00
2017,ILLINOIS,17,SOUTHWEST,MONROE,133, (D)
2017,ILLINOIS,17,SOUTHWEST,RANDOLPH,157, (D)
2017,ILLINOIS,17,WEST,BROWN,9, (D)
2017,ILLINOIS,17,WEST SOUTHWEST,GREENE,61, (D)
2017,INDIANA,18,CENTRAL,BARTHOLOMEW,5, (D)
2017,INDIANA,18,CENTRAL,DECATUR,31,362.00
2017,INDIANA,18,CENTRAL,RUSH,139,300.00
2017,INDIANA,18,NORTH CENTRAL,ELKHART,39,33.00
2017,INDIANA,18,NORTH CENTRAL,MARSHALL,99,30.00
2017,INDIANA,18,NORTH CENTRAL,MIAMI,103, (D)
2017,INDIANA,18,NORTH CENTRAL,WABASH,169,30.00
2017,INDIANA,18,NORTHEAST,LAGRANGE,87,235.00
2017,INDIANA,18,NORTHEAST,NOBLE,113, (D)
2017,INDIANA,18,NORTHWEST,PORTER,127, (D)
2017,INDIANA,18,SOUTH CENTRAL,HARRISON,61, (D)
2017,INDIANA,18,SOUTH CENTRAL,LAWRENCE,93,60.00
2017,INDIANA,18,SOUTHWEST,DAVIESS,27, (D)
2017,INDIANA,18,WEST CENTRAL,VIGO,167, (D)
2017,IOWA,19,CENTRAL,BOONE,15, (D)
2017,IOWA,19,EAST CENTRAL,SCOTT,163, (D)
2017,IOWA,19,NORTHEAST,ALLAMAKEE,5, (D)
2017,IOWA,19,NORTHEAST,BREMER,17, (D)
2017,IOWA,19,NORTHEAST,BUCHANAN,19, (D)
2017,IOWA,19,NORTHEAST,DUBUQUE,61,107.00
2017,IOWA,19,NORTHEAST,WINNESHIEK,191, (D)
2017,IOWA,19,NORTHWEST,CHEROKEE,35, (D)
2017,IOWA,19,NORTHWEST,LYON,119, (D)
2017,IOWA,19,NORTHWEST,O BRIEN,141, (D)
2017,IOWA,19,SOUTHEAST,DAVIS,51, (D)
2017,IOWA,19,SOUTHEAST,HENRY,87, (D)
2017,IOWA,19,SOUTHEAST,JEFFERSON,101, (D)
2017,IOWA,19,SOUTHEAST,WASHINGTON,183, (D)
2017,IOWA,19,WEST CENTRAL,AUDUBON,9, (D)
2017,IOWA,19,WEST CENTRAL,GREENE,73, (D)
2017,IOWA,19,WEST CENTRAL,IDA,93,270.00
2017,IOWA,19,WEST CENTRAL,SHELBY,165, (D)
2017,KANSAS,20,CENTRAL,BARTON,9, (D)
2017,KANSAS,20,CENTRAL,MARION,115,218.00
2017,KANSAS,20,CENTRAL,MCPHERSON,113, (D)
2017,KANSAS,20,EAST CENTRAL,WABAUNSEE,197, (D)
2017,KANSAS,20,NORTH CENTRAL,JEWELL,89, (D)
2017,KANSAS,20,NORTH CENTRAL,OSBORNE,141, (D)
2017,KANSAS,20,NORTH CENTRAL,PHILLIPS,147, (D)
2017,KANSAS,20,NORTHEAST,JEFFERSON,87,315.00
2017,KANSAS,20,NORTHWEST,CHEYENNE,23, (D)
2017,KANSAS,20,NORTHWEST,RAWLINS,153, (D)
2017,KANSAS,20,SOUTH CENTRAL,HARVEY,79,420.00
2017,KANSAS,20,SOUTH CENTRAL,RENO,155,131.00
2017,KANSAS,20,SOUTH CENTRAL,SUMNER,191, (D)
2017,KANSAS,20,SOUTHEAST,COWLEY,35, (D)
2017,KANSAS,20,SOUTHEAST,GREENWOOD,73, (D)
2017,KANSAS,20,SOUTHEAST,LABETTE,99,210.00
2017,KANSAS,20,SOUTHEAST,NEOSHO,133,34.00
2017,KANSAS,20,SOUTHEAST,WILSON,205, (D)
2017,KANSAS,20,SOUTHEAST,WOODSON,207, (D)
2017,KANSAS,20,SOUTHWEST,HAMILTON,75, (D)
2017,KANSAS,20,SOUTHWEST,STEVENS,189, (D)
2017,KANSAS,20,WEST CENTRAL,GOVE,63,375.00
2017,KANSAS,20,WEST CENTRAL,LOGAN,109, (D)
2017,KANSAS,20,WEST CENTRAL,TREGO,195, (D)
2017,KENTUCKY,21,BLUEGRASS,BOYLE,21, (D)
2017,KENTUCKY,21,BLUEGRASS,FLEMING,69,234.00
2017,KENTUCKY,21,BLUEGRASS,LINCOLN,137,69.00
2017,KENTUCKY,21,BLUEGRASS,MERCER,167, (D)
2017,KENTUCKY,21,CENTRAL,ALLEN,3,672.00
2017,KENTUCKY,21,CENTRAL,BRECKINRIDGE,27,44.00
2017,KENTUCKY,21,CENTRAL,CLINTON,53, (D)
2017,KENTUCKY,21,CENTRAL,HARDIN,93, (D)
2017,KENTUCKY,21,CENTRAL,MEADE,163, (D)
2017,KENTUCKY,21,CENTRAL,NELSON,179,382.00
2017,KENTUCKY,21,EASTERN OR MOUNTAIN,MAGOFFIN,153,9.00
2017,KENTUCKY,21,EASTERN OR MOUNTAIN,MORGAN,175, (D)
2017,KENTUCKY,21,EASTERN OR MOUNTAIN,WAYNE,231, (D)
2017,KENTUCKY,21,MIDWESTERN,CHRISTIAN,47,172.00
2017,KENTUCKY,21,MIDWESTERN,HENDERSON,101, (D)
2017,KENTUCKY,21,MIDWESTERN,LOGAN,141,"1,133.00"
2017,KENTUCKY,21,MIDWESTERN,MUHLENBERG,177, (D)
2017,KENTUCKY,21,MIDWESTERN,SIMPSON,213,309.00
2017,KENTUCKY,21,MIDWESTERN,TODD,219,542.00
2017,KENTUCKY,21,NORTHERN,OLDHAM,185, (D)
2017,KENTUCKY,21,PURCHASE,BALLARD,7, (D)
2017,KENTUCKY,21,PURCHASE,CARLISLE,39, (D)
2017,KENTUCKY,21,PURCHASE,TRIGG,221, (D)
2017,MAINE,23,CENTRAL,PENOBSCOT,19, (D)
2017,MAINE,23,CENTRAL,PISCATAQUIS,21,12.00
2017,MAINE,23,CENTRAL,WALDO,27,3.00
2017,MAINE,23,NORTH,AROOSTOOK,3,"14,979.00"
2017,MAINE,23,SOUTH,KENNEBEC,11, (D)
2017,MARYLAND,24,LOWER EASTERN SHORE,DORCHESTER,19,530.00
2017,MARYLAND,24,LOWER EASTERN SHORE,SOMERSET,39,998.00
2017,MARYLAND,24,LOWER EASTERN SHORE,WICOMICO,45,310.00
2017,MARYLAND,24,LOWER EASTERN SHORE,WORCESTER,47,362.00
2017,MARYLAND,24,NORTH CENTRAL,BALTIMORE,5,814.00
2017,MARYLAND,24,NORTH CENTRAL,CARROLL,13,"2,260.00"
2017,MARYLAND,24,NORTH CENTRAL,FREDERICK,21,"2,242.00"
2017,MARYLAND,24,NORTH CENTRAL,HARFORD,25,"1,401.00"
2017,MARYLAND,24,NORTH CENTRAL,HOWARD,27,116.00
2017,MARYLAND,24,NORTH CENTRAL,WASHINGTON,43,"2,309.00"
2017,MARYLAND,24,SOUTHERN,ANNE ARUNDEL,3, (D)
2017,MARYLAND,24,SOUTHERN,CALVERT,9,45.00
2017,MARYLAND,24,SOUTHERN,CHARLES,17,376.00
2017,MARYLAND,24,SOUTHERN,PRINCE GEORGES,33, (D)
2017,MARYLAND,24,SOUTHERN,ST MARYS,37,451.00
2017,MARYLAND,24,UPPER EASTERN SHORE,CAROLINE,11,"4,059.00"
2017,MARYLAND,24,UPPER EASTERN SHORE,CECIL,15,"1,796.00"
2017,MARYLAND,24,UPPER EASTERN SHORE,KENT,29,"1,380.00"
2017,MARYLAND,24,UPPER EASTERN SHORE,QUEEN ANNES,35,"2,523.00"
2017,MARYLAND,24,UPPER EASTERN SHORE,TALBOT,41,"2,165.00"
2017,MARYLAND,24,WESTERN,ALLEGANY,1,450.00
2017,MARYLAND,24,WESTERN,GARRETT,23,106.00
2017,MASSACHUSETTS,25,ALL COUNTIES,HAMPSHIRE,15,28.00
2017,MASSACHUSETTS,25,ALL COUNTIES,MIDDLESEX,17, (D)
2017,MASSACHUSETTS,25,ALL COUNTIES,WORCESTER,27, (D)
2017,MICHIGAN,26,CENTRAL,CLARE,35,74.00
2017,MICHIGAN,26,CENTRAL,GLADWIN,51, (D)
2017,MICHIGAN,26,CENTRAL,ISABELLA,73,253.00
2017,MICHIGAN,26,CENTRAL,MECOSTA,107, (D)
2017,MICHIGAN,26,CENTRAL,OSCEOLA,133, (D)
2017,MICHIGAN,26,EAST CENTRAL,ARENAC,11, (D)
2017,MICHIGAN,26,EAST CENTRAL,BAY,17, (D)
2017,MICHIGAN,26,EAST CENTRAL,HURON,63,166.00
2017,MICHIGAN,26,EAST CENTRAL,SANILAC,151, (D)
2017,MICHIGAN,26,EAST CENTRAL,TUSCOLA,157,25.00
2017,MICHIGAN,26,NORTHEAST,ALCONA,1, (D)
2017,MICHIGAN,26,NORTHEAST,ALPENA,7,176.00
2017,MICHIGAN,26,NORTHEAST,CHEBOYGAN,31,144.00
2017,MICHIGAN,26,NORTHEAST,IOSCO,69, (D)
2017,MICHIGAN,26,NORTHEAST,OGEMAW,129, (D)
2017,MICHIGAN,26,NORTHEAST,OSCODA,135,70.00
2017,MICHIGAN,26,NORTHEAST,PRESQUE ISLE,141,73.00
2017,MICHIGAN,26,NORTHWEST,CHARLEVOIX,29,118.00
2017,MICHIGAN,26,NORTHWEST,EMMET,47,60.00
2017,MICHIGAN,26,NORTHWEST,GRAND TRAVERSE,55,767.00
2017,MICHIGAN,26,NORTHWEST,KALKASKA,79, (D)
2017,MICHIGAN,26,SOUTH CENTRAL,BARRY,15, (D)
2017,MICHIGAN,26,SOUTH CENTRAL,CALHOUN,25, (D)
2017,MICHIGAN,26,SOUTH CENTRAL,CLINTON,37,24.00
2017,MICHIGAN,26,SOUTH CENTRAL,EATON,45,40.00
2017,MICHIGAN,26,SOUTH CENTRAL,HILLSDALE,59, (D)
2017,MICHIGAN,26,SOUTH CENTRAL,IONIA,67, (D)
2017,MICHIGAN,26,SOUTH CENTRAL,JACKSON,75,45.00
2017,MICHIGAN,26,SOUTH CENTRAL,SHIAWASSEE,155, (D)
2017,MICHIGAN,26,SOUTH CENTRAL,ST JOSEPH,149,34.00
2017,MICHIGAN,26,SOUTHEAST,GENESEE,49,14.00
2017,MICHIGAN,26,SOUTHEAST,LAPEER,87, (D)
2017,MICHIGAN,26,SOUTHEAST,LENAWEE,91, (D)
2017,MICHIGAN,26,SOUTHEAST,MONROE,115, (D)
2017,MICHIGAN,26,SOUTHEAST,ST CLAIR,147, (D)
2017,MICHIGAN,26,SOUTHEAST,WASHTENAW,161, (D)
2017,MICHIGAN,26,SOUTHWEST,ALLEGAN,5, (D)
2017,MICHIGAN,26,SOUTHWEST,CASS,27,318.00
2017,MICHIGAN,26,SOUTHWEST,KALAMAZOO,77, (D)
2017,MICHIGAN,26,SOUTHWEST,KENT,81,106.00
2017,MICHIGAN,26,SOUTHWEST,OTTAWA,139, (D)
2017,MICHIGAN,26,UPPER PENINSULA,ALGER,3, (D)
2017,MICHIGAN,26,UPPER PENINSULA,CHIPPEWA,33, (D)
2017,MICHIGAN,26,UPPER PENINSULA,DELTA,41,802.00
2017,MICHIGAN,26,UPPER PENINSULA,HOUGHTON,61,250.00
2017,MICHIGAN,26,UPPER PENINSULA,IRON,71,150.00
2017,MICHIGAN,26,UPPER PENINSULA,MACKINAC,97, (D)
2017,MICHIGAN,26,UPPER PENINSULA,MARQUETTE,103, (D)
2017,MICHIGAN,26,UPPER PENINSULA,MENOMINEE,109,752.00
2017,MICHIGAN,26,UPPER PENINSULA,ONTONAGON,131, (D)
2017,MICHIGAN,26,UPPER PENINSULA,SCHOOLCRAFT,153, (D)
2017,MICHIGAN,26,WEST CENTRAL,NEWAYGO,123, (D)
2017,MICHIGAN,26,WEST CENTRAL,OCEANA,127, (D)
2017,MINNESOTA,27,CENTRAL,BENTON,9,199.00
2017,MINNESOTA,27,CENTRAL,KANDIYOHI,67,116.00
2017,MINNESOTA,27,CENTRAL,MCLEOD,85,50.00
2017,MINNESOTA,27,CENTRAL,MEEKER,93,308.00
2017,MINNESOTA,27,CENTRAL,MORRISON,97,236.00
2017,MINNESOTA,27,CENTRAL,RENVILLE,129,274.00
2017,MINNESOTA,27,CENTRAL,SCOTT,139, (D)
2017,MINNESOTA,27,CENTRAL,SIBLEY,143,634.00
2017,MINNESOTA,27,CENTRAL,STEARNS,145,"1,693.00"
2017,MINNESOTA,27,CENTRAL,TODD,153,"1,273.00"
2017,MINNESOTA,27,CENTRAL,WADENA,159, (D)
2017,MINNESOTA,27,CENTRAL,WRIGHT,171, (D)
2017,MINNESOTA,27,EAST CENTRAL,CARLTON,17,47.00
2017,MINNESOTA,27,EAST CENTRAL,CHISAGO,25, (D)
2017,MINNESOTA,27,EAST CENTRAL,HENNEPIN,53,5.00
2017,MINNESOTA,27,EAST CENTRAL,KANABEC,65,20.00
2017,MINNESOTA,27,EAST CENTRAL,MILLE LACS,95, (D)
2017,MINNESOTA,27,EAST CENTRAL,PINE,115,126.00
2017,MINNESOTA,27,EAST CENTRAL,RAMSEY,123, (D)
2017,MINNESOTA,27,EAST CENTRAL,WASHINGTON,163,46.00
2017,MINNESOTA,27,NORTH CENTRAL,BELTRAMI,7,232.00
2017,MINNESOTA,27,NORTH CENTRAL,CASS,21, (D)
2017,MINNESOTA,27,NORTH CENTRAL,ITASCA,61,10.00
2017,MINNESOTA,27,NORTH CENTRAL,KOOCHICHING,71, (D)
2017,MINNESOTA,27,NORTH CENTRAL,LAKE OF THE WOODS,77,"1,328.00"
2017,MINNESOTA,27,NORTHEAST,ST. LOUIS,137,212.00
2017,MINNESOTA,27,NORTHWEST,BECKER,5,69.00
2017,MINNESOTA,27,NORTHWEST,CLAY,27,"1,200.00"
2017,MINNESOTA,27,NORTHWEST,CLEARWATER,29,92.00
2017,MINNESOTA,27,NORTHWEST,KITTSON,69,"3,251.00"
2017,MINNESOTA,27,NORTHWEST,MAHNOMEN,87, (D)
2017,MINNESOTA,27,NORTHWEST,MARSHALL,89,"16,770.00"
2017,MINNESOTA,27,NORTHWEST,NORMAN,107,"4,963.00"
2017,MINNESOTA,27,NORTHWEST,PENNINGTON,113,"6,448.00"
2017,MINNESOTA,27,NORTHWEST,POLK,119,"5,331.00"
2017,MINNESOTA,27,NORTHWEST,RED LAKE,125,"3,863.00"
2017,MINNESOTA,27,NORTHWEST,ROSEAU,135,"9,689.00"
2017,MINNESOTA,27,SOUTH CENTRAL,BLUE EARTH,13, (D)
2017,MINNESOTA,27,SOUTH CENTRAL,BROWN,15,97.00
2017,MINNESOTA,27,SOUTH CENTRAL,FARIBAULT,43,129.00
2017,MINNESOTA,27,SOUTH CENTRAL,FREEBORN,47,61.00
2017,MINNESOTA,27,SOUTH CENTRAL,LE SUEUR,79, (D)
2017,MINNESOTA,27,SOUTH CENTRAL,MARTIN,91, (D)
2017,MINNESOTA,27,SOUTH CENTRAL,NICOLLET,103, (D)
2017,MINNESOTA,27,SOUTH CENTRAL,RICE,131,151.00
2017,MINNESOTA,27,SOUTH CENTRAL,STEELE,147, (D)
2017,MINNESOTA,27,SOUTH CENTRAL,WATONWAN,165, (D)
2017,MINNESOTA,27,SOUTHEAST,DAKOTA,37,244.00
2017,MINNESOTA,27,SOUTHEAST,DODGE,39,184.00
2017,MINNESOTA,27,SOUTHEAST,FILLMORE,45,226.00
2017,MINNESOTA,27,SOUTHEAST,GOODHUE,49,396.00
2017,MINNESOTA,27,SOUTHEAST,HOUSTON,55,40.00
2017,MINNESOTA,27,SOUTHEAST,MOWER,99,349.00
2017,MINNESOTA,27,SOUTHEAST,OLMSTED,109,108.00
2017,MINNESOTA,27,SOUTHEAST,WABASHA,157,581.00
2017,MINNESOTA,27,SOUTHEAST,WINONA,169,451.00
2017,MINNESOTA,27,SOUTHWEST,COTTONWOOD,33,36.00
2017,MINNESOTA,27,SOUTHWEST,JACKSON,63, (D)
2017,MINNESOTA,27,SOUTHWEST,LINCOLN,81, (D)
2017,MINNESOTA,27,SOUTHWEST,LYON,83, (D)
2017,MINNESOTA,27,SOUTHWEST,MURRAY,101, (D)
2017,MINNESOTA,27,SOUTHWEST,PIPESTONE,117, (D)
2017,MINNESOTA,27,WEST CENTRAL,CHIPPEWA,23, (D)
2017,MINNESOTA,27,WEST CENTRAL,DOUGLAS,41, (D)
2017,MINNESOTA,27,WEST CENTRAL,GRANT,51, (D)
2017,MINNESOTA,27,WEST CENTRAL,LAC QUI PARLE,73,142.00
2017,MINNESOTA,27,WEST CENTRAL,OTTER TAIL,111,"1,115.00"
2017,MINNESOTA,27,WEST CENTRAL,STEVENS,149, (D)
2017,MINNESOTA,27,WEST CENTRAL,SWIFT,151, (D)
2017,MINNESOTA,27,WEST CENTRAL,WILKIN,167,"2,404.00"
2017,MINNESOTA,27,WEST CENTRAL,YELLOW MEDICINE,173, (D)
2017,MISSOURI,29,CENTRAL,COLE,51, (D)
2017,MISSOURI,29,CENTRAL,LACLEDE,105, (D)
2017,MISSOURI,29,CENTRAL,MARIES,125,171.00
2017,MISSOURI,29,CENTRAL,MONITEAU,135,147.00
2017,MISSOURI,29,CENTRAL,MORGAN,141,347.00
2017,MISSOURI,29,CENTRAL,OSAGE,151,68.00
2017,MISSOURI,29,CENTRAL,PETTIS,159, (D)
2017,MISSOURI,29,EAST,GASCONADE,73, (D)
2017,MISSOURI,29,EAST,JEFFERSON,99,76.00
2017,MISSOURI,29,EAST,PERRY,157, (D)
2017,MISSOURI,29,EAST,ST LOUIS,189, (D)
2017,MISSOURI,29,NORTH CENTRAL,ADAIR,1, (D)
2017,MISSOURI,29,NORTH CENTRAL,LINN,115,6.00
2017,MISSOURI,29,NORTH CENTRAL,LIVINGSTON,117, (D)
2017,MISSOURI,29,NORTHEAST,KNOX,103,170.00
2017,MISSOURI,29,NORTHEAST,PIKE,163, (D)
2017,MISSOURI,29,NORTHEAST,SCOTLAND,199,220.00
2017,MISSOURI,29,NORTHWEST,GENTRY,75,14.00
2017,MISSOURI,29,NORTHWEST,NODAWAY,147,210.00
2017,MISSOURI,29,SOUTHEAST,CAPE GIRARDEAU,31,87.00
2017,MISSOURI,29,SOUTHWEST,BARRY,9, (D)
2017,MISSOURI,29,SOUTHWEST,LAWRENCE,109,630.00
2017,MISSOURI,29,SOUTHWEST,NEWTON,145,198.00
2017,MISSOURI,29,WEST,CASS,37, (D)
2017,MONTANA,30,CENTRAL,BROADWATER,7,"2,808.00"
2017,MONTANA,30,CENTRAL,CASCADE,13,"27,991.00"
2017,MONTANA,30,CENTRAL,FERGUS,27,"28,052.00"
2017,MONTANA,30,CENTRAL,GOLDEN VALLEY,37, (D)
2017,MONTANA,30,CENTRAL,JUDITH BASIN,45,"10,972.00"
2017,MONTANA,30,CENTRAL,LEWIS AND CLARK,49,"8,502.00"
2017,MONTANA,30,CENTRAL,MEAGHER,59,"5,725.00"
2017,MONTANA,30,CENTRAL,MUSSELSHELL,65,"2,935.00"
2017,MONTANA,30,CENTRAL,PETROLEUM,69,"2,887.00"
2017,MONTANA,30,CENTRAL,WHEATLAND,107,"6,575.00"
2017,MONTANA,30,NORTH CENTRAL,BLAINE,5,"9,604.00"
2017,MONTANA,30,NORTH CENTRAL,CHOUTEAU,15,"55,603.00"
2017,MONTANA,30,NORTH CENTRAL,GLACIER,35,"54,216.00"
2017,MONTANA,30,NORTH CENTRAL,HILL,41,"17,039.00"
2017,MONTANA,30,NORTH CENTRAL,LIBERTY,51,"20,091.00"
2017,MONTANA,30,NORTH CENTRAL,PHILLIPS,71,"5,498.00"
2017,MONTANA,30,NORTH CENTRAL,PONDERA,73,"50,625.00"
2017,MONTANA,30,NORTH CENTRAL,TETON,99,"56,837.00"
2017,MONTANA,30,NORTH CENTRAL,TOOLE,101,"82,404.00"
2017,MONTANA,30,NORTHEAST,DANIELS,19,286.00
2017,MONTANA,30,NORTHEAST,DAWSON,21,"2,302.00"
2017,MONTANA,30,NORTHEAST,GARFIELD,33,"7,503.00"
2017,MONTANA,30,NORTHEAST,MCCONE,55,"4,640.00"
2017,MONTANA,30,NORTHEAST,RICHLAND,83,"4,363.00"
2017,MONTANA,30,NORTHEAST,ROOSEVELT,85,"2,355.00"
2017,MONTANA,30,NORTHEAST,SHERIDAN,91,"2,156.00"
2017,MONTANA,30,NORTHEAST,VALLEY,105,"5,650.00"
2017,MONTANA,30,NORTHWEST,FLATHEAD,29,"2,714.00"
2017,MONTANA,30,NORTHWEST,GRANITE,39, (D)
2017,MONTANA,30,NORTHWEST,LAKE,47,675.00
2017,MONTANA,30,NORTHWEST,LINCOLN,53, (D)
2017,MONTANA,30,NORTHWEST,MINERAL,61, (D)
2017,MONTANA,30,NORTHWEST,MISSOULA,63, (D)
2017,MONTANA,30,NORTHWEST,POWELL,77,680.00
2017,MONTANA,30,NORTHWEST,RAVALLI,81,323.00
2017,MONTANA,30,NORTHWEST,SANDERS,89, (D)
2017,MONTANA,30,SOUTH CENTRAL,BIG HORN,3,"11,129.00"
2017,MONTANA,30,SOUTH CENTRAL,CARBON,9,"11,896.00"
2017,MONTANA,30,SOUTH CENTRAL,PARK,67,"4,979.00"
2017,MONTANA,30,SOUTH CENTRAL,STILLWATER,95,"3,127.00"
2017,MONTANA,30,SOUTH CENTRAL,SWEET GRASS,97, (D)
2017,MONTANA,30,SOUTH CENTRAL,TREASURE,103,"6,593.00"
2017,MONTANA,30,SOUTH CENTRAL,YELLOWSTONE,111,"16,742.00"
2017,MONTANA,30,SOUTHEAST,CARTER,11,600.00
2017,MONTANA,30,SOUTHEAST,CUSTER,17,764.00
2017,MONTANA,30,SOUTHEAST,FALLON,25,798.00
2017,MONTANA,30,SOUTHEAST,POWDER RIVER,75,"1,434.00"
2017,MONTANA,30,SOUTHEAST,PRAIRIE,79,"1,777.00"
2017,MONTANA,30,SOUTHEAST,ROSEBUD,87,"4,142.00"
2017,MONTANA,30,SOUTHEAST,WIBAUX,109,"1,168.00"
2017,MONTANA,30,SOUTHWEST,BEAVERHEAD,1,"8,392.00"
2017,MONTANA,30,SOUTHWEST,GALLATIN,31,"31,738.00"
2017,MONTANA,30,SOUTHWEST,MADISON,57,"5,015.00"
2017,NEBRASKA,31,EAST,HAMILTON,81, (D)
2017,NEBRASKA,31,EAST,LANCASTER,109, (D)
2017,NEBRASKA,31,NORTHWEST,BANNER,7,750.00
2017,NEBRASKA,31,NORTHWEST,CHEYENNE,33,162.00
2017,NEBRASKA,31,NORTHWEST,GARDEN,69, (D)
2017,NEBRASKA,31,NORTHWEST,KIMBALL,105,825.00
2017,NEBRASKA,31,NORTHWEST,SHERIDAN,161, (D)
2017,NEBRASKA,31,NORTHWEST,SIOUX,165, (D)
2017,NEBRASKA,31,SOUTH,FRANKLIN,61, (D)
2017,NEBRASKA,31,SOUTH,HARLAN,83, (D)
2017,NEBRASKA,31,SOUTHEAST,NEMAHA,127,16.00
2017,NEBRASKA,31,SOUTHWEST,CHASE,29, (D)
2017,NEBRASKA,31,SOUTHWEST,PERKINS,135, (D)
2017,NEVADA,32,NORTHEAST,ELKO,7, (D)
2017,NEVADA,32,NORTHEAST,EUREKA,11,500.00
2017,NEVADA,32,NORTHWEST,CHURCHILL,1, (D)
2017,NEVADA,32,NORTHWEST,HUMBOLDT,13, (D)
2017,NEVADA,32,NORTHWEST,PERSHING,27,615.00
2017,NEW JERSEY,34,CENTRAL,BURLINGTON,5, (D)
2017,NEW JERSEY,34,CENTRAL,MIDDLESEX,23, (D)
2017,NEW JERSEY,34,CENTRAL,MONMOUTH,25, (D)
2017,NEW JERSEY,34,NORTH,HUNTERDON,19, (D)
2017,NEW JERSEY,34,NORTH,SUSSEX,37, (D)
2017,NEW JERSEY,34,NORTH,WARREN,41, (D)
2017,NEW JERSEY,34,SOUTH,CUMBERLAND,11,119.00
2017,NEW JERSEY,34,SOUTH,GLOUCESTER,15,380.00
2017,NEW JERSEY,34,SOUTH,SALEM,33,427.00
2017,NEW MEXICO,35,NORTHEAST,CURRY,9, (D)
2017,NEW MEXICO,35,NORTHEAST,MORA,33, (D)
2017,NEW MEXICO,35,NORTHWEST,TAOS,55, (D)
2017,NEW MEXICO,35,SOUTHEAST,CHAVES,5,717.00
2017,NEW MEXICO,35,SOUTHWEST,LUNA,29, (D)
2017,NEW YORK,36,CENTRAL,CAYUGA,11,797.00
2017,NEW YORK,36,CENTRAL,CHENANGO,17,78.00
2017,NEW YORK,36,CENTRAL,CORTLAND,23,170.00
2017,NEW YORK,36,CENTRAL,HERKIMER,43,116.00
2017,NEW YORK,36,CENTRAL,MADISON,53,"1,279.00"
2017,NEW YORK,36,CENTRAL,ONEIDA,65, (D)
2017,NEW YORK,36,CENTRAL,ONONDAGA,67,707.00
2017,NEW YORK,36,CENTRAL,OSWEGO,75, (D)
2017,NEW YORK,36,CENTRAL,OTSEGO,77, (D)
2017,NEW YORK,36,EASTERN,ALBANY,1, (D)
2017,NEW YORK,36,EASTERN,MONTGOMERY,57,202.00
2017,NEW YORK,36,EASTERN,RENSSELAER,83,40.00
2017,NEW YORK,36,EASTERN,SARATOGA,91, (D)
2017,NEW YORK,36,EASTERN,SCHOHARIE,95,90.00
2017,NEW YORK,36,EASTERN,WASHINGTON,115,133.00
2017,NEW YORK,36,LONG ISLAND,SUFFOLK,103,26.00
2017,NEW YORK,36,NORTHEAST,ESSEX,31,3.00
2017,NEW YORK,36,NORTHEAST,FRANKLIN,33,309.00
2017,NEW YORK,36,NORTHERN,JEFFERSON,45,77.00
2017,NEW YORK,36,NORTHERN,LEWIS,49,128.00
2017,NEW YORK,36,NORTHERN,ST LAWRENCE,89,383.00
2017,NEW YORK,36,SOUTHEAST,COLUMBIA,21, (D)
2017,NEW YORK,36,SOUTHEAST,DELAWARE,25,11.00
2017,NEW YORK,36,SOUTHEAST,DUTCHESS,27, (D)
2017,NEW YORK,36,SOUTHEAST,ORANGE,71,235.00
2017,NEW YORK,36,SOUTHEAST,ULSTER,111, (D)
2017,NEW YORK,36,SOUTHEAST,WESTCHESTER,119, (D)
2017,NEW YORK,36,SOUTHERN,SCHUYLER,97,218.00
2017,NEW YORK,36,SOUTHERN,TIOGA,107, (D)
2017,NEW YORK,36,SOUTHERN,TOMPKINS,109, (D)
2017,NEW YORK,36,SOUTHWEST,ALLEGANY,3, (D)
2017,NEW YORK,36,SOUTHWEST,CHAUTAUQUA,13, (D)
2017,NEW YORK,36,SOUTHWEST,STEUBEN,101,"1,383.00"
2017,NEW YORK,36,WESTERN,ERIE,29, (D)
2017,NEW YORK,36,WESTERN,GENESEE,37,139.00
2017,NEW YORK,36,WESTERN,MONROE,55, (D)
2017,NEW YORK,36,WESTERN,NIAGARA,63, (D)
2017,NEW YORK,36,WESTERN,ONTARIO,69,202.00
2017,NEW YORK,36,WESTERN,ORLEANS,73,221.00
2017,NEW YORK,36,WESTERN,SENECA,99,"1,040.00"
2017,NEW YORK,36,WESTERN,WAYNE,117, (D)
2017,NEW YORK,36,WESTERN,WYOMING,121,134.00
2017,NEW YORK,36,WESTERN,YATES,123,589.00
2017,NORTH CAROLINA,37,CENTRAL COASTAL,BEAUFORT,13, (D)
2017,NORTH CAROLINA,37,CENTRAL COASTAL,GREENE,79, (D)
2017,NORTH CAROLINA,37,CENTRAL COASTAL,JOHNSTON,101,628.00
2017,NORTH CAROLINA,37,CENTRAL PIEDMONT,ALEXANDER,3, (D)
2017,NORTH CAROLINA,37,CENTRAL PIEDMONT,CATAWBA,35,268.00
2017,NORTH CAROLINA,37,CENTRAL PIEDMONT,CHATHAM,37,340.00
2017,NORTH CAROLINA,37,CENTRAL PIEDMONT,DAVIDSON,57,574.00
2017,NORTH CAROLINA,37,CENTRAL PIEDMONT,DAVIE,59,279.00
2017,NORTH CAROLINA,37,CENTRAL PIEDMONT,IREDELL,97,565.00
2017,NORTH CAROLINA,37,CENTRAL PIEDMONT,RANDOLPH,151,581.00
2017,NORTH CAROLINA,37,CENTRAL PIEDMONT,ROWAN,159,"2,558.00"
2017,NORTH CAROLINA,37,CENTRAL PIEDMONT,WAKE,183, (D)
2017,NORTH CAROLINA,37,NORTHERN COASTAL,NASH,127, (D)
2017,NORTH CAROLINA,37,NORTHERN MOUNTAIN,SURRY,171, (D)
2017,NORTH CAROLINA,37,NORTHERN MOUNTAIN,WILKES,193,196.00
2017,NORTH CAROLINA,37,NORTHERN MOUNTAIN,YADKIN,197,998.00
2017,NORTH CAROLINA,37,NORTHERN PIEDMONT,ALAMANCE,1, (D)
2017,NORTH CAROLINA,37,NORTHERN PIEDMONT,CASWELL,33, (D)
2017,NORTH CAROLINA,37,NORTHERN PIEDMONT,FORSYTH,67, (D)
2017,NORTH CAROLINA,37,NORTHERN PIEDMONT,GUILFORD,81,345.00
2017,NORTH CAROLINA,37,NORTHERN PIEDMONT,ORANGE,135, (D)
2017,NORTH CAROLINA,37,NORTHERN PIEDMONT,PERSON,145, (D)
2017,NORTH CAROLINA,37,NORTHERN PIEDMONT,ROCKINGHAM,157, (D)
2017,NORTH CAROLINA,37,NORTHERN PIEDMONT,WARREN,185,80.00
2017,NORTH CAROLINA,37,SOUTHERN COASTAL,HARNETT,85, (D)
2017,NORTH CAROLINA,37,SOUTHERN COASTAL,SAMPSON,163, (D)
2017,NORTH CAROLINA,37,SOUTHERN PIEDMONT,ANSON,7, (D)
2017,NORTH CAROLINA,37,SOUTHERN PIEDMONT,CABARRUS,25,683.00
2017,NORTH CAROLINA,37,SOUTHERN PIEDMONT,CLEVELAND,45,134.00
2017,NORTH CAROLINA,37,SOUTHERN PIEDMONT,GASTON,71, (D)
2017,NORTH CAROLINA,37,SOUTHERN PIEDMONT,LINCOLN,109,33.00
2017,NORTH CAROLINA,37,SOUTHERN PIEDMONT,MOORE,125, (D)
2017,NORTH CAROLINA,37,SOUTHERN PIEDMONT,STANLY,167,197.00
2017,NORTH CAROLINA,37,WESTERN MOUNTAIN,BUNCOMBE,21,51.00
2017,NORTH CAROLINA,37,WESTERN MOUNTAIN,POLK,149, (D)
2017,NORTH DAKOTA,38,CENTRAL,EDDY,27,"3,789.00"
2017,NORTH DAKOTA,38,CENTRAL,FOSTER,31,"11,354.00"
2017,NORTH DAKOTA,38,CENTRAL,KIDDER,43,"6,308.00"
2017,NORTH DAKOTA,38,CENTRAL,SHERIDAN,83,"16,515.00"
2017,NORTH DAKOTA,38,CENTRAL,STUTSMAN,93,"8,314.00"
2017,NORTH DAKOTA,38,CENTRAL,WELLS,103,"13,705.00"
2017,NORTH DAKOTA,38,EAST CENTRAL,BARNES,3,"11,471.00"
2017,NORTH DAKOTA,38,EAST CENTRAL,CASS,17,"12,082.00"
2017,NORTH DAKOTA,38,EAST CENTRAL,GRIGGS,39,"6,289.00"
2017,NORTH DAKOTA,38,EAST CENTRAL,STEELE,91,"10,090.00"
2017,NORTH DAKOTA,38,EAST CENTRAL,TRAILL,97,"12,857.00"
2017,NORTH DAKOTA,38,NORTH CENTRAL,BENSON,5,"25,857.00"
2017,NORTH DAKOTA,38,NORTH CENTRAL,BOTTINEAU,9,"20,219.00"
2017,NORTH DAKOTA,38,NORTH CENTRAL,MCHENRY,49,"10,686.00"
2017,NORTH DAKOTA,38,NORTH CENTRAL,PIERCE,69,"17,649.00"
2017,NORTH DAKOTA,38,NORTH CENTRAL,ROLETTE,79,"8,790.00"
2017,NORTH DAKOTA,38,NORTHEAST,CAVALIER,19,"15,798.00"
2017,NORTH DAKOTA,38,NORTHEAST,GRAND FORKS,35,"5,215.00"
2017,NORTH DAKOTA,38,NORTHEAST,NELSON,63,"10,537.00"
2017,NORTH DAKOTA,38,NORTHEAST,PEMBINA,67,"4,929.00"
2017,NORTH DAKOTA,38,NORTHEAST,RAMSEY,71,"31,443.00"
2017,NORTH DAKOTA,38,NORTHEAST,TOWNER,95,"8,030.00"
2017,NORTH DAKOTA,38,NORTHEAST,WALSH,99,"10,864.00"
2017,NORTH DAKOTA,38,NORTHWEST,BURKE,13,"10,660.00"
2017,NORTH DAKOTA,38,NORTHWEST,DIVIDE,23,985.00
2017,NORTH DAKOTA,38,NORTHWEST,MOUNTRAIL,61,"7,479.00"
2017,NORTH DAKOTA,38,NORTHWEST,RENVILLE,75,"25,532.00"
2017,NORTH DAKOTA,38,NORTHWEST,WARD,101,"15,316.00"
2017,NORTH DAKOTA,38,NORTHWEST,WILLIAMS,105,"11,521.00"
2017,NORTH DAKOTA,38,SOUTH CENTRAL,BURLEIGH,15,"16,645.00"
2017,NORTH DAKOTA,38,SOUTH CENTRAL,EMMONS,29,"7,019.00"
2017,NORTH DAKOTA,38,SOUTH CENTRAL,GRANT,37, (D)
2017,NORTH DAKOTA,38,SOUTH CENTRAL,MORTON,59,"8,050.00"
2017,NORTH DAKOTA,38,SOUTH CENTRAL,SIOUX,85,472.00
2017,NORTH DAKOTA,38,SOUTHEAST,DICKEY,21,"2,403.00"
2017,NORTH DAKOTA,38,SOUTHEAST,LA MOURE,45,"2,563.00"
2017,NORTH DAKOTA,38,SOUTHEAST,LOGAN,47,"3,305.00"
2017,NORTH DAKOTA,38,SOUTHEAST,MCINTOSH,51,672.00
2017,NORTH DAKOTA,38,SOUTHEAST,RANSOM,73, (D)
2017,NORTH DAKOTA,38,SOUTHEAST,RICHLAND,77,639.00
2017,NORTH DAKOTA,38,SOUTHEAST,SARGENT,81,"3,372.00"
2017,NORTH DAKOTA,38,SOUTHWEST,ADAMS,1,"2,091.00"
2017,NORTH DAKOTA,38,SOUTHWEST,BILLINGS,7,"2,610.00"
2017,NORTH DAKOTA,38,SOUTHWEST,BOWMAN,11,"5,561.00"
2017,NORTH DAKOTA,38,SOUTHWEST,GOLDEN VALLEY,33,652.00
2017,NORTH DAKOTA,38,SOUTHWEST,HETTINGER,41,"1,013.00"
2017,NORTH DAKOTA,38,SOUTHWEST,SLOPE,87,"2,241.00"
2017,NORTH DAKOTA,38,SOUTHWEST,STARK,89,"2,446.00"
2017,NORTH DAKOTA,38,WEST CENTRAL,DUNN,25,"6,909.00"
2017,NORTH DAKOTA,38,WEST CENTRAL,MCKENZIE,53,"6,744.00"
2017,NORTH DAKOTA,38,WEST CENTRAL,MCLEAN,55,"7,528.00"
2017,NORTH DAKOTA,38,WEST CENTRAL,MERCER,57,"6,977.00"
2017,NORTH DAKOTA,38,WEST CENTRAL,OLIVER,65,"2,353.00"
2017,OHIO,39,CENTRAL,DELAWARE,41, (D)
2017,OHIO,39,CENTRAL,FAIRFIELD,45,46.00
2017,OHIO,39,CENTRAL,FAYETTE,47, (D)
2017,OHIO,39,CENTRAL,KNOX,83,70.00
2017,OHIO,39,CENTRAL,LICKING,89,78.00
2017,OHIO,39,CENTRAL,MORROW,117, (D)
2017,OHIO,39,CENTRAL,PICKAWAY,129,69.00
2017,OHIO,39,CENTRAL,ROSS,141,64.00
2017,OHIO,39,CENTRAL,UNION,159, (D)
2017,OHIO,39,EAST CENTRAL,COSHOCTON,31, (D)
2017,OHIO,39,EAST CENTRAL,HOLMES,75,149.00
2017,OHIO,39,EAST CENTRAL,JEFFERSON,81,43.00
2017,OHIO,39,NORTH CENTRAL,ASHLAND,5,47.00
2017,OHIO,39,NORTH CENTRAL,CRAWFORD,33, (D)
2017,OHIO,39,NORTH CENTRAL,ERIE,43, (D)
2017,OHIO,39,NORTH CENTRAL,HURON,77, (D)
2017,OHIO,39,NORTH CENTRAL,RICHLAND,139,278.00
2017,OHIO,39,NORTH CENTRAL,SANDUSKY,143, (D)
2017,OHIO,39,NORTH CENTRAL,WYANDOT,175,59.00
2017,OHIO,39,NORTHEAST,ASHTABULA,7, (D)
2017,OHIO,39,NORTHEAST,COLUMBIANA,29,115.00
2017,OHIO,39,NORTHEAST,GEAUGA,55,8.00
2017,OHIO,39,NORTHEAST,MAHONING,99,129.00
2017,OHIO,39,NORTHEAST,MEDINA,103, (D)
2017,OHIO,39,NORTHEAST,STARK,151,38.00
2017,OHIO,39,NORTHEAST,TRUMBULL,155, (D)
2017,OHIO,39,NORTHEAST,WAYNE,169,656.00
2017,OHIO,39,NORTHWEST,FULTON,51,5.00
2017,OHIO,39,NORTHWEST,LUCAS,95, (D)
2017,OHIO,39,NORTHWEST,PUTNAM,137,204.00
2017,OHIO,39,NORTHWEST,WOOD,173, (D)
2017,OHIO,39,SOUTH CENTRAL,HIGHLAND,71, (D)
2017,OHIO,39,SOUTH CENTRAL,JACKSON,79, (D)
2017,OHIO,39,SOUTHEAST,GUERNSEY,59, (D)
2017,OHIO,39,SOUTHEAST,MEIGS,105, (D)
2017,OHIO,39,SOUTHEAST,MONROE,111,48.00
2017,OHIO,39,SOUTHEAST,MORGAN,115,47.00
2017,OHIO,39,SOUTHEAST,MUSKINGUM,119, (D)
2017,OHIO,39,SOUTHEAST,WASHINGTON,167,50.00
2017,OHIO,39,SOUTHWEST,BUTLER,17, (D)
2017,OHIO,39,SOUTHWEST,GREENE,57,60.00
2017,OHIO,39,SOUTHWEST,PREBLE,135,129.00
2017,OHIO,39,WEST CENTRAL,AUGLAIZE,11,89.00
2017,OHIO,39,WEST CENTRAL,CLARK,23, (D)
2017,OHIO,39,WEST CENTRAL,DARKE,37, (D)
2017,OHIO,39,WEST CENTRAL,HARDIN,65, (D)
2017,OHIO,39,WEST CENTRAL,MIAMI,109, (D)
2017,OHIO,39,WEST CENTRAL,SHELBY,149, (D)
2017,OKLAHOMA,40,CENTRAL,CANADIAN,17, (D)
2017,OKLAHOMA,40,CENTRAL,GRADY,51, (D)
2017,OKLAHOMA,40,CENTRAL,KINGFISHER,73, (D)
2017,OKLAHOMA,40,NORTH CENTRAL,GARFIELD,47, (D)
2017,OKLAHOMA,40,NORTH CENTRAL,GRANT,53, (D)
2017,OKLAHOMA,40,NORTH CENTRAL,KAY,71,480.00
2017,OKLAHOMA,40,NORTH CENTRAL,NOBLE,103, (D)
2017,OKLAHOMA,40,NORTH CENTRAL,WOODS,151, (D)
2017,OKLAHOMA,40,NORTHEAST,CRAIG,35, (D)
2017,OKLAHOMA,40,NORTHEAST,MAYES,97, (D)
2017,OKLAHOMA,40,NORTHEAST,WAGONER,145,960.00
2017,OKLAHOMA,40,PANHANDLE,CIMARRON,25, (D)
2017,OKLAHOMA,40,PANHANDLE,TEXAS,139, (D)
2017,OKLAHOMA,40,SOUTHWEST,GREER,55, (D)
2017,OKLAHOMA,40,SOUTHWEST,JACKSON,65, (D)
2017,OKLAHOMA,40,SOUTHWEST,KIOWA,75,"3,363.00"
2017,OKLAHOMA,40,SOUTHWEST,TILLMAN,141, (D)
2017,OKLAHOMA,40,WEST CENTRAL,DEWEY,43, (D)
2017,OREGON,41,NORTH CENTRAL,GILLIAM,21,"1,072.00"
2017,OREGON,41,NORTH CENTRAL,MORROW,49,"2,760.00"
2017,OREGON,41,NORTH CENTRAL,SHERMAN,55,"4,746.00"
2017,OREGON,41,NORTH CENTRAL,WASCO,65,866.00
2017,OREGON,41,NORTHEAST,BAKER,1,730.00
2017,OREGON,41,NORTHEAST,UMATILLA,59,"2,722.00"
2017,OREGON,41,NORTHEAST,UNION,61,"3,598.00"
2017,OREGON,41,NORTHEAST,WALLOWA,63,"2,188.00"
2017,OREGON,41,NORTHWEST,BENTON,3,15.00
2017,OREGON,41,NORTHWEST,CLACKAMAS,5,75.00
2017,OREGON,41,NORTHWEST,LINN,43, (D)
2017,OREGON,41,NORTHWEST,MARION,47,211.00
2017,OREGON,41,NORTHWEST,POLK,53,733.00
2017,OREGON,41,NORTHWEST,WASHINGTON,67,609.00
2017,OREGON,41,NORTHWEST,YAMHILL,71,86.00
2017,OREGON,41,SOUTHEAST,DESCHUTES,17, (D)
2017,OREGON,41,SOUTHEAST,GRANT,23, (D)
2017,OREGON,41,SOUTHEAST,JEFFERSON,31,51.00
2017,OREGON,41,SOUTHEAST,KLAMATH,35,"17,203.00"
2017,OREGON,41,SOUTHEAST,LAKE,37,134.00
2017,OREGON,41,SOUTHEAST,MALHEUR,45,463.00
2017,OREGON,41,SOUTHWEST,DOUGLAS,19,15.00
2017,OREGON,41,SOUTHWEST,JACKSON,29,79.00
2017,PENNSYLVANIA,42,CENTRAL,BLAIR,13,510.00
2017,PENNSYLVANIA,42,CENTRAL,CAMBRIA,21,210.00
2017,PENNSYLVANIA,42,CENTRAL,CENTRE,27,243.00
2017,PENNSYLVANIA,42,CENTRAL,CLEARFIELD,33, (D)
2017,PENNSYLVANIA,42,CENTRAL,COLUMBIA,37, (D)
2017,PENNSYLVANIA,42,CENTRAL,DAUPHIN,43,603.00
2017,PENNSYLVANIA,42,CENTRAL,HUNTINGDON,61,290.00
2017,PENNSYLVANIA,42,CENTRAL,JUNIATA,67,287.00
2017,PENNSYLVANIA,42,CENTRAL,MIFFLIN,87,435.00
2017,PENNSYLVANIA,42,CENTRAL,MONTOUR,93,170.00
2017,PENNSYLVANIA,42,CENTRAL,NORTHUMBERLAND,97,"2,036.00"
2017,PENNSYLVANIA,42,CENTRAL,PERRY,99,"1,641.00"
2017,PENNSYLVANIA,42,CENTRAL,SNYDER,109,927.00
2017,PENNSYLVANIA,42,CENTRAL,UNION,119,372.00
2017,PENNSYLVANIA,42,EAST CENTRAL,CARBON,25, (D)
2017,PENNSYLVANIA,42,EAST CENTRAL,LEHIGH,77,446.00
2017,PENNSYLVANIA,42,EAST CENTRAL,NORTHAMPTON,95,209.00
2017,PENNSYLVANIA,42,EAST CENTRAL,SCHUYLKILL,107,645.00
2017,PENNSYLVANIA,42,NORTH CENTRAL,BRADFORD,15,39.00
2017,PENNSYLVANIA,42,NORTH CENTRAL,CAMERON,23, (D)
2017,PENNSYLVANIA,42,NORTH CENTRAL,CLINTON,35, (D)
2017,PENNSYLVANIA,42,NORTH CENTRAL,ELK,47, (D)
2017,PENNSYLVANIA,42,NORTH CENTRAL,LYCOMING,81,123.00
2017,PENNSYLVANIA,42,NORTH CENTRAL,POTTER,105,76.00
2017,PENNSYLVANIA,42,NORTH CENTRAL,TIOGA,117,349.00
2017,PENNSYLVANIA,42,NORTHWESTERN,CRAWFORD,39,131.00
2017,PENNSYLVANIA,42,NORTHWESTERN,ERIE,49, (D)
2017,PENNSYLVANIA,42,NORTHWESTERN,MERCER,85,82.00
2017,PENNSYLVANIA,42,NORTHWESTERN,VENANGO,121, (D)
2017,PENNSYLVANIA,42,SOUTH CENTRAL,ADAMS,1,"1,094.00"
2017,PENNSYLVANIA,42,SOUTH CENTRAL,BEDFORD,9,"1,342.00"
2017,PENNSYLVANIA,42,SOUTH CENTRAL,CUMBERLAND,41,"2,893.00"
2017,PENNSYLVANIA,42,SOUTH CENTRAL,FRANKLIN,55,"7,350.00"
2017,PENNSYLVANIA,42,SOUTH CENTRAL,FULTON,57,798.00
2017,PENNSYLVANIA,42,SOUTH CENTRAL,YORK,133,"4,706.00"
2017,PENNSYLVANIA,42,SOUTHEASTERN,BERKS,11,"2,895.00"
2017,PENNSYLVANIA,42,SOUTHEASTERN,BUCKS,17,189.00
2017,PENNSYLVANIA,42,SOUTHEASTERN,CHESTER,29,925.00
2017,PENNSYLVANIA,42,SOUTHEASTERN,LANCASTER,71,"5,503.00"
2017,PENNSYLVANIA,42,SOUTHEASTERN,LEBANON,75,"2,039.00"
2017,PENNSYLVANIA,42,SOUTHEASTERN,MONTGOMERY,91, (D)
2017,PENNSYLVANIA,42,SOUTHWESTERN,FAYETTE,51,46.00
2017,PENNSYLVANIA,42,SOUTHWESTERN,GREENE,59, (D)
2017,PENNSYLVANIA,42,SOUTHWESTERN,SOMERSET,111,264.00
2017,PENNSYLVANIA,42,SOUTHWESTERN,WASHINGTON,125,13.00
2017,PENNSYLVANIA,42,SOUTHWESTERN,WESTMORELAND,129,573.00
2017,PENNSYLVANIA,42,WEST CENTRAL,ARMSTRONG,5,708.00
2017,PENNSYLVANIA,42,WEST CENTRAL,BEAVER,7,81.00
2017,PENNSYLVANIA,42,WEST CENTRAL,BUTLER,19,112.00
2017,PENNSYLVANIA,42,WEST CENTRAL,CLARION,31,54.00
2017,PENNSYLVANIA,42,WEST CENTRAL,INDIANA,63, (D)
2017,PENNSYLVANIA,42,WEST CENTRAL,JEFFERSON,65,213.00
2017,PENNSYLVANIA,42,WEST CENTRAL,LAWRENCE,73,10.00
2017,SOUTH CAROLINA,45,EASTERN,HORRY,51, (D)
2017,SOUTH CAROLINA,45,NORTHWEST,ANDERSON,7, (D)
2017,SOUTH CAROLINA,45,NORTHWEST,GREENVILLE,45, (D)
2017,SOUTH CAROLINA,45,NORTHWEST,OCONEE,73, (D)
2017,SOUTH CAROLINA,45,WEST CENTRAL,MCCORMICK,65, (D)
2017,SOUTH CAROLINA,45,WEST CENTRAL,NEWBERRY,71, (D)
2017,SOUTH DAKOTA,46,CENTRAL,AURORA,3, (D)
2017,SOUTH DAKOTA,46,CENTRAL,HAND,59, (D)
2017,SOUTH DAKOTA,46,NORTH CENTRAL,BROWN,13, (D)
2017,SOUTH DAKOTA,46,NORTH CENTRAL,EDMUNDS,45, (D)
2017,SOUTH DAKOTA,46,NORTH CENTRAL,MCPHERSON,89,"1,250.00"
2017,SOUTH DAKOTA,46,NORTH CENTRAL,SPINK,115,941.00
2017,SOUTH DAKOTA,46,NORTH CENTRAL,WALWORTH,129, (D)
2017,SOUTH DAKOTA,46,NORTHEAST,MARSHALL,91, (D)
2017,SOUTH DAKOTA,46,NORTHEAST,ROBERTS,109,692.00
2017,SOUTH DAKOTA,46,NORTHWEST,BUTTE,19, (D)
2017,SOUTH DAKOTA,46,NORTHWEST,CORSON,31, (D)
2017,SOUTH DAKOTA,46,NORTHWEST,DEWEY,41, (D)
2017,SOUTH DAKOTA,46,NORTHWEST,HARDING,63,896.00
2017,SOUTH DAKOTA,46,NORTHWEST,PERKINS,105,"1,650.00"
2017,SOUTH DAKOTA,46,SOUTH CENTRAL,JONES,75,"2,200.00"
2017,SOUTH DAKOTA,46,SOUTHEAST,CHARLES MIX,23,160.00
2017,SOUTH DAKOTA,46,WEST CENTRAL,HAAKON,55,996.00
2017,SOUTH DAKOTA,46,WEST CENTRAL,LAWRENCE,81, (D)
2017,SOUTH DAKOTA,46,WEST CENTRAL,MEADE,93,"1,385.00"
2017,SOUTH DAKOTA,46,WEST CENTRAL,STANLEY,117, (D)
2017,TENNESSEE,47,CENTRAL BASIN,LINCOLN,103, (D)
2017,TENNESSEE,47,CENTRAL BASIN,RUTHERFORD,149, (D)
2017,TENNESSEE,47,CENTRAL BASIN,SUMNER,165, (D)
2017,TENNESSEE,47,CUMBERLAND PLATEAU,GRUNDY,61, (D)
2017,TENNESSEE,47,EAST TENNESSEE,MONROE,123, (D)
2017,TENNESSEE,47,EAST TENNESSEE,WASHINGTON,179,18.00
2017,TENNESSEE,47,WEST TENNESSEE,HENRY,79, (D)
2017,TENNESSEE,47,WEST TENNESSEE,WEAKLEY,183, (D)
2017,TENNESSEE,47,WESTERN RIM,ROBERTSON,147, (D)
2017,TEXAS,48,BLACKLANDS,COOKE,97, (D)
2017,TEXAS,48,BLACKLANDS,DENTON,121, (D)
2017,TEXAS,48,BLACKLANDS,HILL,217, (D)
2017,TEXAS,48,CROSS TIMBERS,MONTAGUE,337, (D)
2017,TEXAS,48,CROSS TIMBERS,PARKER,367, (D)
2017,TEXAS,48,CROSS TIMBERS,WISE,497, (D)
2017,TEXAS,48,CROSS TIMBERS,YOUNG,503, (D)
2017,TEXAS,48,EAST TEXAS NORTH,HOPKINS,223, (D)
2017,TEXAS,48,EAST TEXAS NORTH,RUSK,401, (D)
2017,TEXAS,48,EDWARDS PLATEAU,CONCHO,95,418.00
2017,TEXAS,48,EDWARDS PLATEAU,GILLESPIE,171, (D)
2017,TEXAS,48,NORTHERN HIGH PLAINS,CASTRO,69, (D)
2017,TEXAS,48,NORTHERN HIGH PLAINS,DALLAM,111,"1,619.00"
2017,TEXAS,48,NORTHERN HIGH PLAINS,DEAF SMITH,117, (D)
2017,TEXAS,48,NORTHERN HIGH PLAINS,FLOYD,153, (D)
2017,TEXAS,48,NORTHERN HIGH PLAINS,PARMER,369,"5,272.00"
2017,TEXAS,48,NORTHERN LOW PLAINS,CHILDRESS,75, (D)
2017,TEXAS,48,SOUTH CENTRAL,BEXAR,29, (D)
2017,TEXAS,48,SOUTHERN HIGH PLAINS,GAINES,165, (D)
2017,TEXAS,48,SOUTHERN HIGH PLAINS,YOAKUM,501, (D)
2017,TEXAS,48,SOUTHERN LOW PLAINS,RUNNELS,399, (D)
2017,UTAH,49,CENTRAL,JUAB,23,466.00
2017,UTAH,49,CENTRAL,MILLARD,27,"3,246.00"
2017,UTAH,49,CENTRAL,SANPETE,39,998.00
2017,UTAH,49,CENTRAL,SEVIER,41,114.00
2017,UTAH,49,CENTRAL,UTAH,49,"1,706.00"
2017,UTAH,49,EASTERN,DAGGETT,9, (D)
2017,UTAH,49,EASTERN,DUCHESNE,13, (D)
2017,UTAH,49,EASTERN,EMERY,15,15.00
2017,UTAH,49,EASTERN,UINTAH,47,698.00
2017,UTAH,49,NORTHERN,BOX ELDER,3,"2,280.00"
2017,UTAH,49,NORTHERN,CACHE,5,"8,033.00"
2017,UTAH,49,NORTHERN,DAVIS,11, (D)
2017,UTAH,49,NORTHERN,MORGAN,29,"1,223.00"
2017,UTAH,49,NORTHERN,TOOELE,45, (D)
2017,UTAH,49,NORTHERN,WEBER,57,591.00
2017,UTAH,49,SOUTHERN,BEAVER,1, (D)
2017,UTAH,49,SOUTHERN,GARFIELD,17, (D)
2017,UTAH,49,SOUTHERN,IRON,21, (D)
2017,UTAH,49,SOUTHERN,PIUTE,31,260.00
2017,UTAH,49,SOUTHERN,WASHINGTON,53, (D)
2017,UTAH,49,SOUTHERN,WAYNE,55,57.00
2017,VERMONT,50,ALL COUNTIES,ADDISON,1, (D)
2017,VERMONT,50,ALL COUNTIES,GRAND ISLE,13, (D)
2017,VIRGINIA,51,CENTRAL,AMELIA,7,432.00
2017,VIRGINIA,51,CENTRAL,APPOMATTOX,11, (D)
2017,VIRGINIA,51,CENTRAL,BEDFORD,19,91.00
2017,VIRGINIA,51,CENTRAL,CAMPBELL,31, (D)
2017,VIRGINIA,51,CENTRAL,CAROLINE,33, (D)
2017,VIRGINIA,51,CENTRAL,CHESTERFIELD,41, (D)
2017,VIRGINIA,51,CENTRAL,FLUVANNA,65, (D)
2017,VIRGINIA,51,CENTRAL,GREENE,79,48.00
2017,VIRGINIA,51,CENTRAL,HANOVER,85,889.00
2017,VIRGINIA,51,CENTRAL,LOUISA,109, (D)
2017,VIRGINIA,51,CENTRAL,ORANGE,137,427.00
2017,VIRGINIA,51,CENTRAL,POWHATAN,145, (D)
2017,VIRGINIA,51,CENTRAL,PRINCE EDWARD,147, (D)
2017,VIRGINIA,51,CENTRAL,SPOTSYLVANIA,177,204.00
2017,VIRGINIA,51,EASTERN,ACCOMACK,1,592.00
2017,VIRGINIA,51,EASTERN,ESSEX,57,"1,270.00"
2017,VIRGINIA,51,EASTERN,GLOUCESTER,73, (D)
2017,VIRGINIA,51,EASTERN,KING AND QUEEN,97, (D)
2017,VIRGINIA,51,EASTERN,KING WILLIAM,101, (D)
2017,VIRGINIA,51,EASTERN,LANCASTER,103, (D)
2017,VIRGINIA,51,EASTERN,MIDDLESEX,119, (D)
2017,VIRGINIA,51,EASTERN,NEW KENT,127, (D)
2017,VIRGINIA,51,EASTERN,NORTHAMPTON,131, (D)
2017,VIRGINIA,51,EASTERN,NORTHUMBERLAND,133,130.00
2017,VIRGINIA,51,EASTERN,RICHMOND,159,259.00
2017,VIRGINIA,51,EASTERN,WESTMORELAND,193,745.00
2017,VIRGINIA,51,NORTHERN,CLARKE,43,52.00
2017,VIRGINIA,51,NORTHERN,CULPEPER,47,602.00
2017,VIRGINIA,51,NORTHERN,FAUQUIER,61,977.00
2017,VIRGINIA,51,NORTHERN,LOUDOUN,107, (D)
2017,VIRGINIA,51,NORTHERN,MADISON,113,582.00
2017,VIRGINIA,51,NORTHERN,PAGE,139,671.00
2017,VIRGINIA,51,NORTHERN,PRINCE WILLIAM,153, (D)
2017,VIRGINIA,51,NORTHERN,ROCKINGHAM,165,570.00
2017,VIRGINIA,51,NORTHERN,SHENANDOAH,171,633.00
2017,VIRGINIA,51,NORTHERN,WARREN,187, (D)
2017,VIRGINIA,51,SOUTHEASTERN,DINWIDDIE,53, (D)
2017,VIRGINIA,51,SOUTHERN,CHARLOTTE,37, (D)
2017,VIRGINIA,51,SOUTHERN,FRANKLIN,67,632.00
2017,VIRGINIA,51,SOUTHERN,NOTTOWAY,135, (D)
2017,VIRGINIA,51,SOUTHERN,PITTSYLVANIA,143,653.00
2017,VIRGINIA,51,SOUTHWESTERN,MONTGOMERY,121,95.00
2017,VIRGINIA,51,SOUTHWESTERN,RUSSELL,167, (D)
2017,VIRGINIA,51,WESTERN,AUGUSTA,15,734.00
2017,VIRGINIA,51,WESTERN,HIGHLAND,91, (D)
2017,VIRGINIA,51,WESTERN,ROCKBRIDGE,163,89.00
2017,WASHINGTON,53,CENTRAL,KITTITAS,37,374.00
2017,WASHINGTON,53,CENTRAL,KLICKITAT,39,"1,278.00"
2017,WASHINGTON,53,CENTRAL,OKANOGAN,47,"1,236.00"
2017,WASHINGTON,53,CENTRAL,YAKIMA,77,279.00
2017,WASHINGTON,53,EAST CENTRAL,DOUGLAS,17,884.00
2017,WASHINGTON,53,EAST CENTRAL,FRANKLIN,21,421.00
2017,WASHINGTON,53,EAST CENTRAL,GRANT,25,"2,979.00"
2017,WASHINGTON,53,EAST CENTRAL,LINCOLN,43,"11,092.00"
2017,WASHINGTON,53,NORTHEAST,SPOKANE,63,"17,407.00"
2017,WASHINGTON,53,NORTHEAST,STEVENS,65,"1,827.00"
2017,WASHINGTON,53,SOUTHEAST,ASOTIN,3, (D)
2017,WASHINGTON,53,SOUTHEAST,COLUMBIA,13,"1,855.00"
2017,WASHINGTON,53,SOUTHEAST,GARFIELD,23,"3,578.00"
2017,WASHINGTON,53,SOUTHEAST,WALLA WALLA,71,683.00
2017,WASHINGTON,53,SOUTHEAST,WHITMAN,75,"41,643.00"
2017,WASHINGTON,53,WESTERN,CLALLAM,9,568.00
2017,WASHINGTON,53,WESTERN,CLARK,11, (D)
2017,WASHINGTON,53,WESTERN,COWLITZ,15, (D)
2017,WASHINGTON,53,WESTERN,GRAYS HARBOR,27, (D)
2017,WASHINGTON,53,WESTERN,ISLAND,29, (D)
2017,WASHINGTON,53,WESTERN,KING,33, (D)
2017,WASHINGTON,53,WESTERN,LEWIS,41,310.00
2017,WASHINGTON,53,WESTERN,SAN JUAN,55,269.00
2017,WASHINGTON,53,WESTERN,SKAGIT,57,"4,993.00"
2017,WASHINGTON,53,WESTERN,SNOHOMISH,61,791.00
2017,WASHINGTON,53,WESTERN,THURSTON,67, (D)
2017,WASHINGTON,53,WESTERN,WHATCOM,73, (D)
2017,WEST VIRGINIA,54,EASTERN,BERKELEY,3,220.00
2017,WEST VIRGINIA,54,EASTERN,GREENBRIER,25, (D)
2017,WEST VIRGINIA,54,EASTERN,HAMPSHIRE,27, (D)
2017,WEST VIRGINIA,54,EASTERN,HARDY,31,231.00
2017,WEST VIRGINIA,54,EASTERN,JEFFERSON,37,256.00
2017,WEST VIRGINIA,54,EASTERN,MONROE,63, (D)
2017,WEST VIRGINIA,54,EASTERN,MORGAN,65, (D)
2017,WEST VIRGINIA,54,EASTERN,PENDLETON,71,64.00
2017,WEST VIRGINIA,54,EASTERN,POCAHONTAS,75, (D)
2017,WEST VIRGINIA,54,EASTERN,RANDOLPH,83, (D)
2017,WEST VIRGINIA,54,NORTHWEST,DODDRIDGE,17,73.00
2017,WEST VIRGINIA,54,NORTHWEST,MONONGALIA,61,32.00
2017,WEST VIRGINIA,54,NORTHWEST,PRESTON,77,83.00
2017,WEST VIRGINIA,54,NORTHWEST,TYLER,95, (D)
2017,WEST VIRGINIA,54,SOUTHWEST,MASON,53, (D)
2017,WEST VIRGINIA,54,SOUTHWEST,PUTNAM,79,6.00
2017,WISCONSIN,55,CENTRAL,ADAMS,1, (D)
2017,WISCONSIN,55,CENTRAL,GREEN LAKE,47,139.00
2017,WISCONSIN,55,CENTRAL,JUNEAU,57,86.00
2017,WISCONSIN,55,CENTRAL,MARQUETTE,77, (D)
2017,WISCONSIN,55,CENTRAL,PORTAGE,97, (D)
2017,WISCONSIN,55,CENTRAL,WAUPACA,135,120.00
2017,WISCONSIN,55,CENTRAL,WAUSHARA,137, (D)
2017,WISCONSIN,55,CENTRAL,WOOD,141,242.00
2017,WISCONSIN,55,EAST CENTRAL,BROWN,9,85.00
2017,WISCONSIN,55,EAST CENTRAL,CALUMET,15,124.00
2017,WISCONSIN,55,EAST CENTRAL,DOOR,29,513.00
2017,WISCONSIN,55,EAST CENTRAL,FOND DU LAC,39,250.00
2017,WISCONSIN,55,EAST CENTRAL,KEWAUNEE,61,146.00
2017,WISCONSIN,55,EAST CENTRAL,MANITOWOC,71,414.00
2017,WISCONSIN,55,EAST CENTRAL,OUTAGAMIE,87,75.00
2017,WISCONSIN,55,EAST CENTRAL,SHEBOYGAN,117,149.00
2017,WISCONSIN,55,EAST CENTRAL,WINNEBAGO,139, (D)
2017,WISCONSIN,55,NORTH CENTRAL,CLARK,19,"1,165.00"
2017,WISCONSIN,55,NORTH CENTRAL,IRON,51, (D)
2017,WISCONSIN,55,NORTH CENTRAL,LINCOLN,69,445.00
2017,WISCONSIN,55,NORTH CENTRAL,MARATHON,73,580.00
2017,WISCONSIN,55,NORTH CENTRAL,ONEIDA,85,79.00
2017,WISCONSIN,55,NORTH CENTRAL,PRICE,99,60.00
2017,WISCONSIN,55,NORTH CENTRAL,TAYLOR,119, (D)
2017,WISCONSIN,55,NORTHEAST,FOREST,41,5.00
2017,WISCONSIN,55,NORTHEAST,LANGLADE,67,501.00
2017,WISCONSIN,55,NORTHEAST,OCONTO,83, (D)
2017,WISCONSIN,55,NORTHEAST,SHAWANO,115,448.00
2017,WISCONSIN,55,NORTHWEST,BARRON,5,209.00
2017,WISCONSIN,55,NORTHWEST,BAYFIELD,7,"1,451.00"
2017,WISCONSIN,55,NORTHWEST,BURNETT,13, (D)
2017,WISCONSIN,55,NORTHWEST,CHIPPEWA,17,771.00
2017,WISCONSIN,55,NORTHWEST,DOUGLAS,31, (D)
2017,WISCONSIN,55,NORTHWEST,POLK,95,294.00
2017,WISCONSIN,55,NORTHWEST,RUSK,107,247.00
2017,WISCONSIN,55,NORTHWEST,SAWYER,113,198.00
2017,WISCONSIN,55,NORTHWEST,WASHBURN,129, (D)
2017,WISCONSIN,55,SOUTH CENTRAL,DANE,25,362.00
2017,WISCONSIN,55,SOUTH CENTRAL,DODGE,27,323.00
2017,WISCONSIN,55,SOUTH CENTRAL,GREEN,45,281.00
2017,WISCONSIN,55,SOUTH CENTRAL,ROCK,105,15.00
2017,WISCONSIN,55,SOUTHEAST,KENOSHA,59, (D)
2017,WISCONSIN,55,SOUTHEAST,OZAUKEE,89, (D)
2017,WISCONSIN,55,SOUTHEAST,WALWORTH,127, (D)
2017,WISCONSIN,55,SOUTHEAST,WASHINGTON,131,166.00
2017,WISCONSIN,55,SOUTHEAST,WAUKESHA,133, (D)
2017,WISCONSIN,55,SOUTHWEST,CRAWFORD,23,41.00
2017,WISCONSIN,55,SOUTHWEST,GRANT,43,693.00
2017,WISCONSIN,55,SOUTHWEST,IOWA,49,573.00
2017,WISCONSIN,55,SOUTHWEST,LAFAYETTE,65,417.00
2017,WISCONSIN,55,SOUTHWEST,SAUK,111,36.00
2017,WISCONSIN,55,SOUTHWEST,VERNON,123,297.00
2017,WISCONSIN,55,WEST CENTRAL,BUFFALO,11,694.00
2017,WISCONSIN,55,WEST CENTRAL,DUNN,33,274.00
2017,WISCONSIN,55,WEST CENTRAL,EAU CLAIRE,35, (D)
2017,WISCONSIN,55,WEST CENTRAL,JACKSON,53, (D)
2017,WISCONSIN,55,WEST CENTRAL,LA CROSSE,63,375.00
2017,WISCONSIN,55,WEST CENTRAL,MONROE,81,327.00
2017,WISCONSIN,55,WEST CENTRAL,PEPIN,91,162.00
2017,WISCONSIN,55,WEST CENTRAL,PIERCE,93,166.00
2017,WISCONSIN,55,WEST CENTRAL,ST CROIX,109,53.00
2017,WISCONSIN,55,WEST CENTRAL,TREMPEALEAU,121,"1,182.00"
2017,WYOMING,56,NORTHEAST,CAMPBELL,5,509.00
2017,WYOMING,56,NORTHEAST,CROOK,11,597.00
2017,WYOMING,56,NORTHEAST,SHERIDAN,33,158.00
2017,WYOMING,56,NORTHEAST,WESTON,45, (D)
2017,WYOMING,56,NORTHWEST,BIG HORN,3,"18,476.00"
2017,WYOMING,56,NORTHWEST,FREMONT,13,"5,075.00"
2017,WYOMING,56,NORTHWEST,HOT SPRINGS,17, (D)
2017,WYOMING,56,NORTHWEST,PARK,29,"19,091.00"
2017,WYOMING,56,NORTHWEST,WASHAKIE,43,"9,682.00"
2017,WYOMING,56,SOUTH CENTRAL,NATRONA,25,602.00
2017,WYOMING,56,SOUTH CENTRAL,SWEETWATER,37,827.00
2017,WYOMING,56,SOUTHEAST,CONVERSE,9,285.00
2017,WYOMING,56,SOUTHEAST,GOSHEN,15,"1,190.00"
2017,WYOMING,56,SOUTHEAST,LARAMIE,21,"1,128.00"
2017,WYOMING,56,SOUTHEAST,PLATTE,31,"1,017.00"
2017,WYOMING,56,WEST,LINCOLN,23,"3,502.00"
2017,WYOMING,56,WEST,SUBLETTE,35, (D)
2017,WYOMING,56,WEST,TETON,39,"1,698.00"
2017,WYOMING,56,WEST,UINTA,41,132.00