Year,State,State ANSI,Ag District,County,County ANSI,canola_acre
2017,ALABAMA,1,NORTHERN VALLEY,LIMESTONE,83, (D)
2017,CALIFORNIA,6,SACRAMENTO VALLEY,YOLO,113, (D)
2017,CALIFORNIA,6,SOUTHERN CALIFORNIA,IMPERIAL,25, (D)
2017,COLORADO,8,EAST CENTRAL,KIT CARSON,63, (D)
2017,COLORADO,8,EAST CENTRAL,WASHINGTON,121,59.00
2017,COLORADO,8,EAST CENTRAL,YUMA,125, (D)
2017,COLORADO,8,SAN LUIS VALLEY,ALAMOSA,3, (D)
2017,COLORADO,8,SAN LUIS VALLEY,COSTILLA,23, (D)
2017,COLORADO,8,SAN LUIS VALLEY,RIO GRANDE,105,994.00
2017,COLORADO,8,SAN LUIS VALLEY,SAGUACHE,109,479.00
2017,DELAWARE,10,CENTRAL,KENT,1, (D)
2017,GEORGIA,13,NORTHWEST,GORDON,129, (D)
2017,IDAHO,16,EAST,BINGHAM,11, (D)
2017,IDAHO,16,EAST,BONNEVILLE,19, (D)
2017,IDAHO,16,EAST,CARIBOU,29, (D)
2017,IDAHO,16,EAST,FREMONT,43, (D)
2017,IDAHO,16,EAST,JEFFERSON,51, (D)
2017,IDAHO,16,EAST,ONEIDA,71,153.00
2017,IDAHO,16,EAST,POWER,77, (D)
2017,IDAHO,16,EAST,TETON,81, (D)
2017,IDAHO,16,NORTH,BENEWAH,9, (D)
2017,IDAHO,16,NORTH,BOUNDARY,21,3256.00
2017,IDAHO,16,NORTH,IDAHO,49,5980.00
2017,IDAHO,16,NORTH,KOOTENAI,55,319.00
2017,IDAHO,16,NORTH,LATAH,57,687.00
2017,IDAHO,16,NORTH,LEWIS,61,3994.00
2017,IDAHO,16,NORTH,NEZ PERCE,69,4598.00
2017,IDAHO,16,SOUTH CENTRAL,MINIDOKA,67, (D)
2017,ILLINOIS,17,SOUTHEAST,WAYNE,191, (D)
2017,ILLINOIS,17,SOUTHWEST,CLINTON,27, (D)
2017,INDIANA,18,NORTH CENTRAL,CASS,17, (D)
2017,INDIANA,18,SOUTHWEST,KNOX,83, (D)
2017,INDIANA,18,SOUTHWEST,POSEY,129, (D)
2017,KANSAS,20,CENTRAL,DICKINSON,41, (D)
2017,KANSAS,20,CENTRAL,ELLSWORTH,53, (D)
2017,KANSAS,20,CENTRAL,RICE,159,132.00
2017,KANSAS,20,EAST CENTRAL,MIAMI,121, (D)
2017,KANSAS,20,NORTH CENTRAL,CLOUD,29, (D)
2017,KANSAS,20,NORTH CENTRAL,ROOKS,163,27.00
2017,KANSAS,20,NORTH CENTRAL,WASHINGTON,201, (D)
2017,KANSAS,20,NORTHEAST,NEMAHA,131, (D)
2017,KANSAS,20,NORTHEAST,RILEY,161, (D)
2017,KANSAS,20,NORTHWEST,RAWLINS,153, (D)
2017,KANSAS,20,NORTHWEST,SHERIDAN,179, (D)
2017,KANSAS,20,NORTHWEST,SHERMAN,181,180.00
2017,KANSAS,20,SOUTH CENTRAL,BARBER,7,6093.00
2017,KANSAS,20,SOUTH CENTRAL,HARPER,77,22002.00
2017,KANSAS,20,SOUTH CENTRAL,KINGMAN,95,4356.00
2017,KANSAS,20,SOUTH CENTRAL,PRATT,151, (D)
2017,KANSAS,20,SOUTH CENTRAL,RENO,155,1622.00
2017,KANSAS,20,SOUTH CENTRAL,SEDGWICK,173, (D)
2017,KANSAS,20,SOUTH CENTRAL,STAFFORD,185,2906.00
2017,KANSAS,20,SOUTH CENTRAL,SUMNER,191,5775.00
2017,KANSAS,20,SOUTHEAST,BUTLER,15, (D)
2017,KANSAS,20,SOUTHEAST,CHEROKEE,21, (D)
2017,KANSAS,20,SOUTHEAST,LABETTE,99,170.00
2017,KANSAS,20,SOUTHWEST,CLARK,25, (D)
2017,KANSAS,20,SOUTHWEST,FINNEY,55, (D)
2017,KANSAS,20,SOUTHWEST,STEVENS,189,1175.00
2017,KANSAS,20,WEST CENTRAL,GREELEY,71, (D)
2017,KENTUCKY,21,BLUEGRASS,MASON,161, (D)
2017,KENTUCKY,21,CENTRAL,BARREN,9, (D)
2017,KENTUCKY,21,CENTRAL,MONROE,171, (D)
2017,KENTUCKY,21,MIDWESTERN,DAVIESS,59, (D)
2017,KENTUCKY,21,MIDWESTERN,SIMPSON,213, (D)
2017,KENTUCKY,21,PURCHASE,CALLOWAY,35, (D)
2017,KENTUCKY,21,PURCHASE,GRAVES,83, (D)
2017,KENTUCKY,21,PURCHASE,TRIGG,221, (D)
2017,LOUISIANA,22,SOUTHEAST,TERREBONNE,109,15.00
2017,MAINE,23,NORTH,AROOSTOOK,3, (D)
2017,MICHIGAN,26,CENTRAL,CLARE,35, (D)
2017,MINNESOTA,27,CENTRAL,MEEKER,93,105.00
2017,MINNESOTA,27,EAST CENTRAL,AITKIN,1, (D)
2017,MINNESOTA,27,EAST CENTRAL,RAMSEY,123, (D)
2017,MINNESOTA,27,NORTH CENTRAL,BELTRAMI,7, (D)
2017,MINNESOTA,27,NORTH CENTRAL,KOOCHICHING,71, (D)
2017,MINNESOTA,27,NORTHEAST,ST. LOUIS,137, (D)
2017,MINNESOTA,27,NORTHWEST,CLAY,27, (D)
2017,MINNESOTA,27,NORTHWEST,CLEARWATER,29, (D)
2017,MINNESOTA,27,NORTHWEST,KITTSON,69,10604.00
2017,MINNESOTA,27,NORTHWEST,MARSHALL,89,5026.00
2017,MINNESOTA,27,NORTHWEST,PENNINGTON,113,1538.00
2017,MINNESOTA,27,NORTHWEST,ROSEAU,135,12726.00
2017,MINNESOTA,27,WEST CENTRAL,OTTER TAIL,111, (D)
2017,MINNESOTA,27,WEST CENTRAL,POPE,121, (D)
2017,MISSISSIPPI,28,UPPER DELTA,COAHOMA,27, (D)
2017,MISSOURI,29,SOUTHWEST,BARTON,11, (D)
2017,MISSOURI,29,SOUTHWEST,NEWTON,145, (D)
2017,MONTANA,30,CENTRAL,CASCADE,13,1160.00
2017,MONTANA,30,CENTRAL,FERGUS,27,1264.00
2017,MONTANA,30,CENTRAL,JUDITH BASIN,45, (D)
2017,MONTANA,30,CENTRAL,LEWIS AND CLARK,49,1850.00
2017,MONTANA,30,CENTRAL,MEAGHER,59, (D)
2017,MONTANA,30,CENTRAL,WHEATLAND,107, (D)
2017,MONTANA,30,NORTH CENTRAL,BLAINE,5,5925.00
2017,MONTANA,30,NORTH CENTRAL,CHOUTEAU,15,6065.00
2017,MONTANA,30,NORTH CENTRAL,GLACIER,35,3700.00
2017,MONTANA,30,NORTH CENTRAL,HILL,41,6790.00
2017,MONTANA,30,NORTH CENTRAL,LIBERTY,51,4066.00
2017,MONTANA,30,NORTH CENTRAL,PHILLIPS,71,1280.00
2017,MONTANA,30,NORTH CENTRAL,PONDERA,73,7856.00
2017,MONTANA,30,NORTH CENTRAL,TETON,99,3188.00
2017,MONTANA,30,NORTH CENTRAL,TOOLE,101,11694.00
2017,MONTANA,30,NORTHEAST,DANIELS,19,4094.00
2017,MONTANA,30,NORTHEAST,DAWSON,21,2094.00
2017,MONTANA,30,NORTHEAST,MCCONE,55,1296.00
2017,MONTANA,30,NORTHEAST,RICHLAND,83,4497.00
2017,MONTANA,30,NORTHEAST,ROOSEVELT,85,24601.00
2017,MONTANA,30,NORTHEAST,SHERIDAN,91,6062.00
2017,MONTANA,30,NORTHEAST,VALLEY,105,26854.00
2017,MONTANA,30,NORTHWEST,FLATHEAD,29,10225.00
2017,MONTANA,30,NORTHWEST,LAKE,47,673.00
2017,MONTANA,30,SOUTH CENTRAL,STILLWATER,95, (D)
2017,MONTANA,30,SOUTH CENTRAL,TREASURE,103, (D)
2017,MONTANA,30,SOUTHEAST,CARTER,11, (D)
2017,MONTANA,30,SOUTHEAST,FALLON,25,762.00
2017,MONTANA,30,SOUTHEAST,WIBAUX,109,1752.00
2017,MONTANA,30,SOUTHWEST,GALLATIN,31,1415.00
2017,MONTANA,30,SOUTHWEST,MADISON,57,645.00
2017,NEBRASKA,31,NORTHWEST,CHEYENNE,33, (D)
2017,NEW MEXICO,35,NORTHEAST,CURRY,9, (D)
2017,NORTH DAKOTA,38,CENTRAL,EDDY,27,4439.00
2017,NORTH DAKOTA,38,CENTRAL,FOSTER,31,3344.00
2017,NORTH DAKOTA,38,CENTRAL,KIDDER,43,5440.00
2017,NORTH DAKOTA,38,CENTRAL,SHERIDAN,83,22662.00
2017,NORTH DAKOTA,38,CENTRAL,STUTSMAN,93,1178.00
2017,NORTH DAKOTA,38,CENTRAL,WELLS,103,9188.00
2017,NORTH DAKOTA,38,EAST CENTRAL,BARNES,3,980.00
2017,NORTH DAKOTA,38,EAST CENTRAL,CASS,17, (D)
2017,NORTH DAKOTA,38,EAST CENTRAL,GRIGGS,39,275.00
2017,NORTH DAKOTA,38,NORTH CENTRAL,BENSON,5,6917.00
2017,NORTH DAKOTA,38,NORTH CENTRAL,BOTTINEAU,9,96249.00
2017,NORTH DAKOTA,38,NORTH CENTRAL,MCHENRY,49,48288.00
2017,NORTH DAKOTA,38,NORTH CENTRAL,PIERCE,69,31321.00
2017,NORTH DAKOTA,38,NORTH CENTRAL,ROLETTE,79,66367.00
2017,NORTH DAKOTA,38,NORTHEAST,CAVALIER,19,252852.00
2017,NORTH DAKOTA,38,NORTHEAST,GRAND FORKS,35,4083.00
2017,NORTH DAKOTA,38,NORTHEAST,NELSON,63,16169.00
2017,NORTH DAKOTA,38,NORTHEAST,PEMBINA,67,12942.00
2017,NORTH DAKOTA,38,NORTHEAST,RAMSEY,71,60419.00
2017,NORTH DAKOTA,38,NORTHEAST,TOWNER,95,83408.00
2017,NORTH DAKOTA,38,NORTHEAST,WALSH,99,40097.00
2017,NORTH DAKOTA,38,NORTHWEST,BURKE,13,62774.00
2017,NORTH DAKOTA,38,NORTHWEST,DIVIDE,23,44196.00
2017,NORTH DAKOTA,38,NORTHWEST,MOUNTRAIL,61,130380.00
2017,NORTH DAKOTA,38,NORTHWEST,RENVILLE,75,77958.00
2017,NORTH DAKOTA,38,NORTHWEST,WARD,101,122156.00
2017,NORTH DAKOTA,38,NORTHWEST,WILLIAMS,105,59161.00
2017,NORTH DAKOTA,38,SOUTH CENTRAL,BURLEIGH,15,12240.00
2017,NORTH DAKOTA,38,SOUTH CENTRAL,EMMONS,29,4220.00
2017,NORTH DAKOTA,38,SOUTH CENTRAL,GRANT,37,12409.00
2017,NORTH DAKOTA,38,SOUTH CENTRAL,MORTON,59,3780.00
2017,NORTH DAKOTA,38,SOUTH CENTRAL,SIOUX,85, (D)
2017,NORTH DAKOTA,38,SOUTHEAST,LOGAN,47, (D)
2017,NORTH DAKOTA,38,SOUTHEAST,MCINTOSH,51,779.00
2017,NORTH DAKOTA,38,SOUTHEAST,RANSOM,73, (D)
2017,NORTH DAKOTA,38,SOUTHWEST,ADAMS,1,26692.00
2017,NORTH DAKOTA,38,SOUTHWEST,BILLINGS,7,1918.00
2017,NORTH DAKOTA,38,SOUTHWEST,BOWMAN,11,7286.00
2017,NORTH DAKOTA,38,SOUTHWEST,GOLDEN VALLEY,33,8016.00
2017,NORTH DAKOTA,38,SOUTHWEST,HETTINGER,41,79139.00
2017,NORTH DAKOTA,38,SOUTHWEST,SLOPE,87,8191.00
2017,NORTH DAKOTA,38,SOUTHWEST,STARK,89,22414.00
2017,NORTH DAKOTA,38,WEST CENTRAL,DUNN,25,8396.00
2017,NORTH DAKOTA,38,WEST CENTRAL,MCKENZIE,53,12928.00
2017,NORTH DAKOTA,38,WEST CENTRAL,MCLEAN,55,86983.00
2017,NORTH DAKOTA,38,WEST CENTRAL,MERCER,57,17936.00
2017,NORTH DAKOTA,38,WEST CENTRAL,OLIVER,65,4429.00
2017,OKLAHOMA,40,CENTRAL,CANADIAN,17,6875.00
2017,OKLAHOMA,40,CENTRAL,GRADY,51, (D)
2017,OKLAHOMA,40,CENTRAL,KINGFISHER,73,11835.00
2017,OKLAHOMA,40,CENTRAL,LOGAN,83,1502.00
2017,OKLAHOMA,40,CENTRAL,PAYNE,119, (D)
2017,OKLAHOMA,40,NORTH CENTRAL,ALFALFA,3,3950.00
2017,OKLAHOMA,40,NORTH CENTRAL,GARFIELD,47,23352.00
2017,OKLAHOMA,40,NORTH CENTRAL,GRANT,53,21012.00
2017,OKLAHOMA,40,NORTH CENTRAL,KAY,71,799.00
2017,OKLAHOMA,40,NORTH CENTRAL,MAJOR,93,6811.00
2017,OKLAHOMA,40,NORTH CENTRAL,NOBLE,103,1211.00
2017,OKLAHOMA,40,NORTH CENTRAL,WOODS,151,3721.00
2017,OKLAHOMA,40,NORTH CENTRAL,WOODWARD,153, (D)
2017,OKLAHOMA,40,NORTHEAST,OTTAWA,115, (D)
2017,OKLAHOMA,40,PANHANDLE,ELLIS,45, (D)
2017,OKLAHOMA,40,PANHANDLE,TEXAS,139, (D)
2017,OKLAHOMA,40,SOUTH CENTRAL,GARVIN,49, (D)
2017,OKLAHOMA,40,SOUTH CENTRAL,MARSHALL,95,6.00
2017,OKLAHOMA,40,SOUTH CENTRAL,STEPHENS,137, (D)
2017,OKLAHOMA,40,SOUTHWEST,CADDO,15,8959.00
2017,OKLAHOMA,40,SOUTHWEST,COMANCHE,31,700.00
2017,OKLAHOMA,40,SOUTHWEST,COTTON,33,4700.00
2017,OKLAHOMA,40,SOUTHWEST,GREER,55, (D)
2017,OKLAHOMA,40,SOUTHWEST,HARMON,57,2459.00
2017,OKLAHOMA,40,SOUTHWEST,JACKSON,65, (D)
2017,OKLAHOMA,40,SOUTHWEST,KIOWA,75,6392.00
2017,OKLAHOMA,40,SOUTHWEST,TILLMAN,141,3778.00
2017,OKLAHOMA,40,WEST CENTRAL,BLAINE,11,8463.00
2017,OKLAHOMA,40,WEST CENTRAL,CUSTER,39,7754.00
2017,OKLAHOMA,40,WEST CENTRAL,DEWEY,43, (D)
2017,OKLAHOMA,40,WEST CENTRAL,WASHITA,149, (D)
2017,OREGON,41,NORTH CENTRAL,MORROW,49,352.00
2017,OREGON,41,NORTHEAST,UMATILLA,59,3420.00
2017,OREGON,41,NORTHEAST,UNION,61,2528.00
2017,OREGON,41,NORTHEAST,WALLOWA,63, (D)
2017,OREGON,41,NORTHWEST,LINN,43, (D)
2017,OREGON,41,NORTHWEST,MARION,47, (D)
2017,OREGON,41,NORTHWEST,WASHINGTON,67, (D)
2017,OREGON,41,SOUTHEAST,DESCHUTES,17, (D)
2017,PENNSYLVANIA,42,CENTRAL,DAUPHIN,43, (D)
2017,PENNSYLVANIA,42,CENTRAL,MIFFLIN,87, (D)
2017,PENNSYLVANIA,42,CENTRAL,PERRY,99, (D)
2017,PENNSYLVANIA,42,CENTRAL,UNION,119, (D)
2017,PENNSYLVANIA,42,EAST CENTRAL,LUZERNE,79, (D)
2017,PENNSYLVANIA,42,EAST CENTRAL,NORTHAMPTON,95, (D)
2017,PENNSYLVANIA,42,NORTH CENTRAL,LYCOMING,81, (D)
2017,SOUTH CAROLINA,45,EASTERN,DARLINGTON,31, (D)
2017,SOUTH DAKOTA,46,CENTRAL,HUGHES,65,18.00
2017,SOUTH DAKOTA,46,EAST CENTRAL,BROOKINGS,11, (D)
2017,SOUTH DAKOTA,46,NORTHWEST,CORSON,31, (D)
2017,TENNESSEE,47,WEST TENNESSEE,CROCKETT,33, (D)
2017,TENNESSEE,47,WEST TENNESSEE,GIBSON,53, (D)
2017,TENNESSEE,47,WEST TENNESSEE,HENRY,79, (D)
2017,TENNESSEE,47,WESTERN RIM,ROBERTSON,147, (D)
2017,TEXAS,48,CROSS TIMBERS,ARCHER,9, (D)
2017,TEXAS,48,CROSS TIMBERS,CLAY,77,487.00
2017,TEXAS,48,EDWARDS PLATEAU,MCCULLOCH,307, (D)
2017,TEXAS,48,NORTHERN HIGH PLAINS,FLOYD,153, (D)
2017,TEXAS,48,NORTHERN HIGH PLAINS,SHERMAN,421, (D)
2017,TEXAS,48,NORTHERN LOW PLAINS,FOARD,155, (D)
2017,TEXAS,48,NORTHERN LOW PLAINS,HARDEMAN,197, (D)
2017,TEXAS,48,NORTHERN LOW PLAINS,WICHITA,485,1987.00
2017,TEXAS,48,NORTHERN LOW PLAINS,WILBARGER,487,6339.00
2017,TEXAS,48,SOUTHERN LOW PLAINS,COLEMAN,83, (D)
2017,TEXAS,48,SOUTHERN LOW PLAINS,RUNNELS,399, (D)
2017,TEXAS,48,SOUTHERN LOW PLAINS,TAYLOR,441, (D)
2017,UTAH,49,NORTHERN,CACHE,5, (D)
2017,VIRGINIA,51,EASTERN,NORTHUMBERLAND,133, (D)
2017,VIRGINIA,51,NORTHERN,ROCKINGHAM,165, (D)
2017,WASHINGTON,53,CENTRAL,BENTON,5, (D)
2017,WASHINGTON,53,CENTRAL,KITTITAS,37,335.00
2017,WASHINGTON,53,CENTRAL,KLICKITAT,39, (D)
2017,WASHINGTON,53,CENTRAL,OKANOGAN,47,867.00
2017,WASHINGTON,53,EAST CENTRAL,ADAMS,1,4484.00
2017,WASHINGTON,53,EAST CENTRAL,DOUGLAS,17,7215.00
2017,WASHINGTON,53,EAST CENTRAL,FRANKLIN,21, (D)
2017,WASHINGTON,53,EAST CENTRAL,GRANT,25,5387.00
2017,WASHINGTON,53,EAST CENTRAL,LINCOLN,43,8711.00
2017,WASHINGTON,53,NORTHEAST,SPOKANE,63,11334.00
2017,WASHINGTON,53,NORTHEAST,STEVENS,65, (D)
2017,WASHINGTON,53,SOUTHEAST,ASOTIN,3,540.00
2017,WASHINGTON,53,SOUTHEAST,COLUMBIA,13,541.00
2017,WASHINGTON,53,SOUTHEAST,GARFIELD,23,2473.00
2017,WASHINGTON,53,SOUTHEAST,WALLA WALLA,71,3500.00
2017,WASHINGTON,53,SOUTHEAST,WHITMAN,75,7099.00
2017,WASHINGTON,53,WESTERN,CLARK,11, (D)
2017,WASHINGTON,53,WESTERN,GRAYS HARBOR,27, (D)
2017,WISCONSIN,55,NORTH CENTRAL,MARATHON,73, (D)
2017,WISCONSIN,55,SOUTH CENTRAL,DANE,25, (D)
2017,WISCONSIN,55,SOUTHWEST,CRAWFORD,23, (D)
2017,MONTANA,30,CENTRAL,FERGUS,27,1500.00
2017,MONTANA,30,CENTRAL,OTHER (COMBINED) COUNTIES,,4600.00
2017,MONTANA,30,NORTH CENTRAL,CHOUTEAU,15,5600.00
2017,MONTANA,30,NORTH CENTRAL,GLACIER,35,4900.00
2017,MONTANA,30,NORTH CENTRAL,LIBERTY,51,4800.00
2017,MONTANA,30,NORTH CENTRAL,OTHER (COMBINED) COUNTIES,,13150.00
2017,MONTANA,30,NORTH CENTRAL,PHILLIPS,71,2950.00
2017,MONTANA,30,NORTH CENTRAL,PONDERA,73,9250.00
2017,MONTANA,30,NORTH CENTRAL,TETON,99,3450.00
2017,MONTANA,30,NORTH CENTRAL,TOOLE,101,7700.00
2017,MONTANA,30,NORTHEAST,DANIELS,19,9700.00
2017,MONTANA,30,NORTHEAST,DAWSON,21,2300.00
2017,MONTANA,30,NORTHEAST,OTHER (COMBINED) COUNTIES,,6800.00
2017,MONTANA,30,NORTHEAST,RICHLAND,83,5500.00
2017,MONTANA,30,NORTHEAST,ROOSEVELT,85,17800.00
2017,MONTANA,30,NORTHEAST,VALLEY,105,22600.00
2017,NORTH DAKOTA,38,CENTRAL,KIDDER,43,5500.00
2017,NORTH DAKOTA,38,CENTRAL,OTHER (COMBINED) COUNTIES,,9840.00
2017,NORTH DAKOTA,38,CENTRAL,SHERIDAN,83,26100.00
2017,NORTH DAKOTA,38,CENTRAL,WELLS,103,6160.00
2017,NORTH DAKOTA,38,NORTH CENTRAL,BOTTINEAU,9,77300.00
2017,NORTH DAKOTA,38,NORTH CENTRAL,OTHER (COMBINED) COUNTIES,,66400.00
2017,NORTH DAKOTA,38,NORTH CENTRAL,PIERCE,69,28900.00
2017,NORTH DAKOTA,38,NORTH CENTRAL,ROLETTE,79,59900.00
2017,NORTH DAKOTA,38,NORTHEAST,CAVALIER,19,244000.00
2017,NORTH DAKOTA,38,NORTHEAST,GRAND FORKS,35,3100.00
2017,NORTH DAKOTA,38,NORTHEAST,NELSON,63,19100.00
2017,NORTH DAKOTA,38,NORTHEAST,PEMBINA,67,8100.00
2017,NORTH DAKOTA,38,NORTHEAST,RAMSEY,71,60500.00
2017,NORTH DAKOTA,38,NORTHEAST,TOWNER,95,86900.00
2017,NORTH DAKOTA,38,NORTHEAST,WALSH,99,34300.00
2017,NORTH DAKOTA,38,NORTHWEST,BURKE,13,77000.00
2017,NORTH DAKOTA,38,NORTHWEST,MOUNTRAIL,61,115000.00
2017,NORTH DAKOTA,38,NORTHWEST,OTHER (COMBINED) COUNTIES,,126200.00
2017,NORTH DAKOTA,38,NORTHWEST,RENVILLE,75,71400.00
2017,NORTH DAKOTA,38,NORTHWEST,WARD,101,109900.00
2017,NORTH DAKOTA,38,SOUTH CENTRAL,BURLEIGH,15,13900.00
2017,NORTH DAKOTA,38,SOUTH CENTRAL,GRANT,37,9600.00
2017,NORTH DAKOTA,38,SOUTH CENTRAL,MORTON,59,4300.00
2017,NORTH DAKOTA,38,SOUTH CENTRAL,OTHER (COMBINED) COUNTIES,,3800.00
2017,NORTH DAKOTA,38,SOUTHWEST,BILLINGS,7,1900.00
2017,NORTH DAKOTA,38,SOUTHWEST,BOWMAN,11,4900.00
2017,NORTH DAKOTA,38,SOUTHWEST,HETTINGER,41,80800.00
2017,NORTH DAKOTA,38,SOUTHWEST,OTHER (COMBINED) COUNTIES,,29600.00
2017,NORTH DAKOTA,38,SOUTHWEST,SLOPE,87,14400.00
2017,NORTH DAKOTA,38,SOUTHWEST,STARK,89,22300.00
2017,NORTH DAKOTA,38,WEST CENTRAL,MCKENZIE,53,11400.00
2017,NORTH DAKOTA,38,WEST CENTRAL,MCLEAN,55,92100.00
2017,NORTH DAKOTA,38,WEST CENTRAL,MERCER,57,17500.00
2017,NORTH DAKOTA,38,WEST CENTRAL,OTHER (COMBINED) COUNTIES,,14100.00