Year,State,State ANSI,Ag District,County,County ANSI,cotton_acres
2017,ALABAMA,1,BLACK BELT,AUTAUGA,1,9261.00
2017,ALABAMA,1,BLACK BELT,DALLAS,47,14133.00
2017,ALABAMA,1,BLACK BELT,ELMORE,51,13795.00
2017,ALABAMA,1,BLACK BELT,LOWNDES,85,4046.00
2017,ALABAMA,1,BLACK BELT,MACON,87,12376.00
2017,ALABAMA,1,BLACK BELT,MARENGO,91,3656.00
2017,ALABAMA,1,BLACK BELT,MONTGOMERY,101,4701.00
2017,ALABAMA,1,BLACK BELT,PERRY,105,2655.00
2017,ALABAMA,1,BLACK BELT,SUMTER,119, (D)
2017,ALABAMA,1,COASTAL PLAINS & GULF COAST,BALDWIN,3,12243.00
2017,ALABAMA,1,COASTAL PLAINS & GULF COAST,CHOCTAW,23, (D)
2017,ALABAMA,1,COASTAL PLAINS & GULF COAST,CLARKE,25, (D)
2017,ALABAMA,1,COASTAL PLAINS & GULF COAST,CONECUH,35,11328.00
2017,ALABAMA,1,COASTAL PLAINS & GULF COAST,ESCAMBIA,53,19612.00
2017,ALABAMA,1,COASTAL PLAINS & GULF COAST,MOBILE,97,7962.00
2017,ALABAMA,1,COASTAL PLAINS & GULF COAST,MONROE,99,16673.00
2017,ALABAMA,1,COASTAL PLAINS & GULF COAST,WASHINGTON,129,3800.00
2017,ALABAMA,1,COASTAL PLAINS & GULF COAST,WILCOX,131, (D)
2017,ALABAMA,1,MOUNTAINS & EASTERN VALLEY,BLOUNT,9,2494.00
2017,ALABAMA,1,MOUNTAINS & EASTERN VALLEY,CALHOUN,15,5804.00
2017,ALABAMA,1,MOUNTAINS & EASTERN VALLEY,CHEROKEE,19,29034.00
2017,ALABAMA,1,MOUNTAINS & EASTERN VALLEY,CULLMAN,43, (D)
2017,ALABAMA,1,MOUNTAINS & EASTERN VALLEY,DE KALB,49,1522.00
2017,ALABAMA,1,MOUNTAINS & EASTERN VALLEY,ETOWAH,55,2075.00
2017,ALABAMA,1,MOUNTAINS & EASTERN VALLEY,JACKSON,71,3815.00
2017,ALABAMA,1,MOUNTAINS & EASTERN VALLEY,MARSHALL,95, (D)
2017,ALABAMA,1,NORTHERN VALLEY,COLBERT,33,5199.00
2017,ALABAMA,1,NORTHERN VALLEY,FRANKLIN,59,3262.00
2017,ALABAMA,1,NORTHERN VALLEY,LAUDERDALE,77,18354.00
2017,ALABAMA,1,NORTHERN VALLEY,LAWRENCE,79,18804.00
2017,ALABAMA,1,NORTHERN VALLEY,LIMESTONE,83,28058.00
2017,ALABAMA,1,NORTHERN VALLEY,MADISON,89,30498.00
2017,ALABAMA,1,NORTHERN VALLEY,MARION,93, (D)
2017,ALABAMA,1,NORTHERN VALLEY,MORGAN,103,2205.00
2017,ALABAMA,1,UPPER PLAINS & PIEDMONT,CHAMBERS,17, (D)
2017,ALABAMA,1,UPPER PLAINS & PIEDMONT,CHILTON,21, (D)
2017,ALABAMA,1,UPPER PLAINS & PIEDMONT,FAYETTE,57,5760.00
2017,ALABAMA,1,UPPER PLAINS & PIEDMONT,LAMAR,75, (D)
2017,ALABAMA,1,UPPER PLAINS & PIEDMONT,LEE,81,983.00
2017,ALABAMA,1,UPPER PLAINS & PIEDMONT,PICKENS,107,3175.00
2017,ALABAMA,1,UPPER PLAINS & PIEDMONT,RANDOLPH,111, (D)
2017,ALABAMA,1,UPPER PLAINS & PIEDMONT,SHELBY,117,5095.00
2017,ALABAMA,1,UPPER PLAINS & PIEDMONT,TALLADEGA,121,5405.00
2017,ALABAMA,1,UPPER PLAINS & PIEDMONT,TALLAPOOSA,123, (D)
2017,ALABAMA,1,UPPER PLAINS & PIEDMONT,TUSCALOOSA,125,1422.00
2017,ALABAMA,1,UPPER PLAINS & PIEDMONT,WALKER,127, (D)
2017,ALABAMA,1,WIREGRASS,BARBOUR,5,6825.00
2017,ALABAMA,1,WIREGRASS,COFFEE,31,12628.00
2017,ALABAMA,1,WIREGRASS,COVINGTON,39,13390.00
2017,ALABAMA,1,WIREGRASS,CRENSHAW,41, (D)
2017,ALABAMA,1,WIREGRASS,DALE,45,10656.00
2017,ALABAMA,1,WIREGRASS,GENEVA,61,22530.00
2017,ALABAMA,1,WIREGRASS,HENRY,67,19876.00
2017,ALABAMA,1,WIREGRASS,HOUSTON,69,17389.00
2017,ALABAMA,1,WIREGRASS,PIKE,109,4524.00
2017,ALABAMA,1,WIREGRASS,RUSSELL,113,4713.00
2017,ARIZONA,4,NORTHERN,MOHAVE,15, (D)
2017,ARIZONA,4,SOUTHERN,COCHISE,3, (D)
2017,ARIZONA,4,SOUTHERN,GRAHAM,9,26179.00
2017,ARIZONA,4,SOUTHERN,GREENLEE,11,176.00
2017,ARIZONA,4,SOUTHERN,LAPAZ,12,10987.00
2017,ARIZONA,4,SOUTHERN,MARICOPA,13,27659.00
2017,ARIZONA,4,SOUTHERN,PIMA,19,11693.00
2017,ARIZONA,4,SOUTHERN,PINAL,21,88107.00
2017,ARIZONA,4,SOUTHERN,YUMA,27,12264.00
2017,ARKANSAS,5,EAST CENTRAL,CRITTENDEN,35,18903.00
2017,ARKANSAS,5,EAST CENTRAL,CROSS,37, (D)
2017,ARKANSAS,5,EAST CENTRAL,LEE,77,43881.00
2017,ARKANSAS,5,EAST CENTRAL,LONOKE,85,4768.00
2017,ARKANSAS,5,EAST CENTRAL,MONROE,95,2959.00
2017,ARKANSAS,5,EAST CENTRAL,PHILLIPS,107,27230.00
2017,ARKANSAS,5,EAST CENTRAL,PRAIRIE,117, (D)
2017,ARKANSAS,5,EAST CENTRAL,SAINT FRANCIS,123,23341.00
2017,ARKANSAS,5,EAST CENTRAL,WOODRUFF,147, (D)
2017,ARKANSAS,5,NORTHEAST,CLAY,21,25698.00
2017,ARKANSAS,5,NORTHEAST,CRAIGHEAD,31,71824.00
2017,ARKANSAS,5,NORTHEAST,GREENE,55,4461.00
2017,ARKANSAS,5,NORTHEAST,MISSISSIPPI,93,92385.00
2017,ARKANSAS,5,NORTHEAST,POINSETT,111,22977.00
2017,ARKANSAS,5,SOUTH CENTRAL,CLARK,19, (D)
2017,ARKANSAS,5,SOUTHEAST,ASHLEY,3,20608.00
2017,ARKANSAS,5,SOUTHEAST,CHICOT,17,22180.00
2017,ARKANSAS,5,SOUTHEAST,DESHA,41,17037.00
2017,ARKANSAS,5,SOUTHEAST,DREW,43,9369.00
2017,ARKANSAS,5,SOUTHEAST,JEFFERSON,69,5937.00
2017,ARKANSAS,5,SOUTHEAST,LINCOLN,79,19719.00
2017,ARKANSAS,5,SOUTHWEST,LITTLE RIVER,81, (D)
2017,ARKANSAS,5,SOUTHWEST,MILLER,91, (D)
2017,CALIFORNIA,6,SACRAMENTO VALLEY,COLUSA,11,463.00
2017,CALIFORNIA,6,SACRAMENTO VALLEY,GLENN,21,3159.00
2017,CALIFORNIA,6,SACRAMENTO VALLEY,SUTTER,101, (D)
2017,CALIFORNIA,6,SAN JOAQUIN VALLEY,FRESNO,19,74535.00
2017,CALIFORNIA,6,SAN JOAQUIN VALLEY,KERN,29,24945.00
2017,CALIFORNIA,6,SAN JOAQUIN VALLEY,KINGS,31,114865.00
2017,CALIFORNIA,6,SAN JOAQUIN VALLEY,MADERA,39, (D)
2017,CALIFORNIA,6,SAN JOAQUIN VALLEY,MERCED,47,47766.00
2017,CALIFORNIA,6,SAN JOAQUIN VALLEY,TULARE,107,25492.00
2017,CALIFORNIA,6,SOUTHERN CALIFORNIA,IMPERIAL,25,4331.00
2017,CALIFORNIA,6,SOUTHERN CALIFORNIA,RIVERSIDE,65,5475.00
2017,FLORIDA,12,CENTRAL,MARION,83, (D)
2017,FLORIDA,12,NORTHEAST,COLUMBIA,23, (D)
2017,FLORIDA,12,NORTHEAST,LAFAYETTE,67,1490.00
2017,FLORIDA,12,NORTHEAST,MADISON,79, (D)
2017,FLORIDA,12,NORTHWEST,CALHOUN,13,9000.00
2017,FLORIDA,12,NORTHWEST,ESCAMBIA,33,11520.00
2017,FLORIDA,12,NORTHWEST,HOLMES,59,4317.00
2017,FLORIDA,12,NORTHWEST,JACKSON,63,42605.00
2017,FLORIDA,12,NORTHWEST,JEFFERSON,65,1846.00
2017,FLORIDA,12,NORTHWEST,OKALOOSA,91,3064.00
2017,FLORIDA,12,NORTHWEST,SANTA ROSA,113,18864.00
2017,FLORIDA,12,NORTHWEST,WALTON,131,3745.00
2017,FLORIDA,12,NORTHWEST,WASHINGTON,133,1794.00
2017,GEORGIA,13,CENTRAL,BLECKLEY,23,5144.00
2017,GEORGIA,13,CENTRAL,CRAWFORD,79, (D)
2017,GEORGIA,13,CENTRAL,DODGE,91,12960.00
2017,GEORGIA,13,CENTRAL,HOUSTON,153,4252.00
2017,GEORGIA,13,CENTRAL,JOHNSON,167,2565.00
2017,GEORGIA,13,CENTRAL,LAURENS,175,10493.00
2017,GEORGIA,13,CENTRAL,MONTGOMERY,209,7975.00
2017,GEORGIA,13,CENTRAL,MORGAN,211,2075.00
2017,GEORGIA,13,CENTRAL,NEWTON,217, (D)
2017,GEORGIA,13,CENTRAL,PEACH,225,1545.00
2017,GEORGIA,13,CENTRAL,PULASKI,235,10033.00
2017,GEORGIA,13,CENTRAL,PUTNAM,237, (D)
2017,GEORGIA,13,CENTRAL,TREUTLEN,283,2586.00
2017,GEORGIA,13,CENTRAL,TWIGGS,289,6256.00
2017,GEORGIA,13,CENTRAL,WASHINGTON,303,3662.00
2017,GEORGIA,13,CENTRAL,WHEELER,309,2178.00
2017,GEORGIA,13,CENTRAL,WILKINSON,319, (D)
2017,GEORGIA,13,EAST CENTRAL,BULLOCH,31,62540.00
2017,GEORGIA,13,EAST CENTRAL,BURKE,33,35030.00
2017,GEORGIA,13,EAST CENTRAL,CANDLER,43,9532.00
2017,GEORGIA,13,EAST CENTRAL,EFFINGHAM,103,9059.00
2017,GEORGIA,13,EAST CENTRAL,EMANUEL,107,19933.00
2017,GEORGIA,13,EAST CENTRAL,GLASCOCK,125,1156.00
2017,GEORGIA,13,EAST CENTRAL,JEFFERSON,163,13297.00
2017,GEORGIA,13,EAST CENTRAL,JENKINS,165,14140.00
2017,GEORGIA,13,EAST CENTRAL,MCDUFFIE,189, (D)
2017,GEORGIA,13,EAST CENTRAL,SCREVEN,251,31791.00
2017,GEORGIA,13,EAST CENTRAL,WARREN,301,1590.00
2017,GEORGIA,13,NORTH CENTRAL,BARROW,13, (D)
2017,GEORGIA,13,NORTH CENTRAL,OCONEE,219, (D)
2017,GEORGIA,13,NORTH CENTRAL,WALTON,297, (D)
2017,GEORGIA,13,NORTHEAST,ELBERT,105,249.00
2017,GEORGIA,13,NORTHEAST,WILKES,317, (D)
2017,GEORGIA,13,NORTHWEST,BARTOW,15,1548.00
2017,GEORGIA,13,NORTHWEST,FLOYD,115, (D)
2017,GEORGIA,13,NORTHWEST,GORDON,129, (D)
2017,GEORGIA,13,NORTHWEST,POLK,233,669.00
2017,GEORGIA,13,SOUTH CENTRAL,ATKINSON,3,15407.00
2017,GEORGIA,13,SOUTH CENTRAL,BEN HILL,17,8838.00
2017,GEORGIA,13,SOUTH CENTRAL,BERRIEN,19,21720.00
2017,GEORGIA,13,SOUTH CENTRAL,BROOKS,27,37756.00
2017,GEORGIA,13,SOUTH CENTRAL,CLINCH,65, (D)
2017,GEORGIA,13,SOUTH CENTRAL,COFFEE,69,42607.00
2017,GEORGIA,13,SOUTH CENTRAL,COLQUITT,71,50150.00
2017,GEORGIA,13,SOUTH CENTRAL,COOK,75,21197.00
2017,GEORGIA,13,SOUTH CENTRAL,CRISP,81,35312.00
2017,GEORGIA,13,SOUTH CENTRAL,DOOLY,93,71495.00
2017,GEORGIA,13,SOUTH CENTRAL,ECHOLS,101,1300.00
2017,GEORGIA,13,SOUTH CENTRAL,IRWIN,155,32760.00
2017,GEORGIA,13,SOUTH CENTRAL,JEFF DAVIS,161,18699.00
2017,GEORGIA,13,SOUTH CENTRAL,LANIER,173,9846.00
2017,GEORGIA,13,SOUTH CENTRAL,LOWNDES,185,2110.00
2017,GEORGIA,13,SOUTH CENTRAL,TELFAIR,271,5599.00
2017,GEORGIA,13,SOUTH CENTRAL,TIFT,277,32240.00
2017,GEORGIA,13,SOUTH CENTRAL,TURNER,287,23412.00
2017,GEORGIA,13,SOUTH CENTRAL,WILCOX,315,25013.00
2017,GEORGIA,13,SOUTH CENTRAL,WORTH,321,55128.00
2017,GEORGIA,13,SOUTHEAST,APPLING,1,35684.00
2017,GEORGIA,13,SOUTHEAST,BACON,5,14059.00
2017,GEORGIA,13,SOUTHEAST,BRANTLEY,25,35.00
2017,GEORGIA,13,SOUTHEAST,BRYAN,29, (D)
2017,GEORGIA,13,SOUTHEAST,EVANS,109,5467.00
2017,GEORGIA,13,SOUTHEAST,PIERCE,229,17614.00
2017,GEORGIA,13,SOUTHEAST,TATTNALL,267,7575.00
2017,GEORGIA,13,SOUTHEAST,TOOMBS,279,8523.00
2017,GEORGIA,13,SOUTHEAST,WARE,299,6240.00
2017,GEORGIA,13,SOUTHEAST,WAYNE,305,5530.00
2017,GEORGIA,13,SOUTHWEST,BAKER,7,13298.00
2017,GEORGIA,13,SOUTHWEST,CALHOUN,37,20370.00
2017,GEORGIA,13,SOUTHWEST,CLAY,61,8047.00
2017,GEORGIA,13,SOUTHWEST,DECATUR,87,46223.00
2017,GEORGIA,13,SOUTHWEST,DOUGHERTY,95,2565.00
2017,GEORGIA,13,SOUTHWEST,EARLY,99,29753.00
2017,GEORGIA,13,SOUTHWEST,GRADY,131,21978.00
2017,GEORGIA,13,SOUTHWEST,LEE,177,15802.00
2017,GEORGIA,13,SOUTHWEST,MILLER,201,19487.00
2017,GEORGIA,13,SOUTHWEST,MITCHELL,205,38694.00
2017,GEORGIA,13,SOUTHWEST,QUITMAN,239, (D)
2017,GEORGIA,13,SOUTHWEST,RANDOLPH,243,13073.00
2017,GEORGIA,13,SOUTHWEST,SEMINOLE,253,24563.00
2017,GEORGIA,13,SOUTHWEST,STEWART,259,853.00
2017,GEORGIA,13,SOUTHWEST,SUMTER,261,28269.00
2017,GEORGIA,13,SOUTHWEST,TERRELL,273,29253.00
2017,GEORGIA,13,SOUTHWEST,THOMAS,275,41021.00
2017,GEORGIA,13,SOUTHWEST,WEBSTER,307,9480.00
2017,GEORGIA,13,WEST CENTRAL,FAYETTE,113, (D)
2017,GEORGIA,13,WEST CENTRAL,MACON,193,18178.00
2017,GEORGIA,13,WEST CENTRAL,MARION,197,1189.00
2017,GEORGIA,13,WEST CENTRAL,SCHLEY,249,665.00
2017,GEORGIA,13,WEST CENTRAL,TAYLOR,269, (D)
2017,KANSAS,20,CENTRAL,MARION,115, (D)
2017,KANSAS,20,CENTRAL,RICE,159, (D)
2017,KANSAS,20,NORTH CENTRAL,ROOKS,163,18.00
2017,KANSAS,20,SOUTH CENTRAL,BARBER,7,8022.00
2017,KANSAS,20,SOUTH CENTRAL,EDWARDS,47, (D)
2017,KANSAS,20,SOUTH CENTRAL,HARPER,77,8316.00
2017,KANSAS,20,SOUTH CENTRAL,HARVEY,79,2000.00
2017,KANSAS,20,SOUTH CENTRAL,KINGMAN,95,4227.00
2017,KANSAS,20,SOUTH CENTRAL,KIOWA,97,3328.00
2017,KANSAS,20,SOUTH CENTRAL,PAWNEE,145, (D)
2017,KANSAS,20,SOUTH CENTRAL,PRATT,151,17979.00
2017,KANSAS,20,SOUTH CENTRAL,RENO,155,1533.00
2017,KANSAS,20,SOUTH CENTRAL,SEDGWICK,173,1356.00
2017,KANSAS,20,SOUTH CENTRAL,SUMNER,191,21360.00
2017,KANSAS,20,SOUTHEAST,BUTLER,15, (D)
2017,KANSAS,20,SOUTHEAST,COWLEY,35,8462.00
2017,KANSAS,20,SOUTHWEST,FORD,57, (D)
2017,KANSAS,20,SOUTHWEST,GRANT,67,302.00
2017,KANSAS,20,SOUTHWEST,HAMILTON,75, (D)
2017,KANSAS,20,SOUTHWEST,HASKELL,81, (D)
2017,KANSAS,20,SOUTHWEST,MORTON,129,792.00
2017,KANSAS,20,SOUTHWEST,SEWARD,175,3282.00
2017,KANSAS,20,SOUTHWEST,STEVENS,189,11792.00
2017,LOUISIANA,22,CENTRAL,AVOYELLES,9,5654.00
2017,LOUISIANA,22,CENTRAL,CATAHOULA,25,22707.00
2017,LOUISIANA,22,CENTRAL,CONCORDIA,29,17905.00
2017,LOUISIANA,22,CENTRAL,GRANT,43,4457.00
2017,LOUISIANA,22,CENTRAL,POINTE COUPEE,77,1400.00
2017,LOUISIANA,22,CENTRAL,RAPIDES,79,9567.00
2017,LOUISIANA,22,CENTRAL,SAINT LANDRY,97, (D)
2017,LOUISIANA,22,EAST CENTRAL,WEST FELICIANA,125, (D)
2017,LOUISIANA,22,NORTH CENTRAL,CALDWELL,21,1837.00
2017,LOUISIANA,22,NORTH CENTRAL,OUACHITA,73,4370.00
2017,LOUISIANA,22,NORTHEAST,EAST CARROLL,35,10698.00
2017,LOUISIANA,22,NORTHEAST,FRANKLIN,41,9223.00
2017,LOUISIANA,22,NORTHEAST,MADISON,65,21997.00
2017,LOUISIANA,22,NORTHEAST,MOREHOUSE,67,12817.00
2017,LOUISIANA,22,NORTHEAST,RICHLAND,83,24196.00
2017,LOUISIANA,22,NORTHEAST,TENSAS,107,39355.00
2017,LOUISIANA,22,NORTHEAST,WEST CARROLL,123,1272.00
2017,LOUISIANA,22,NORTHWEST,BOSSIER,15,2856.00
2017,LOUISIANA,22,NORTHWEST,CADDO,17,19164.00
2017,LOUISIANA,22,NORTHWEST,DE SOTO,31, (D)
2017,LOUISIANA,22,NORTHWEST,RED RIVER,81, (D)
2017,LOUISIANA,22,WEST CENTRAL,NATCHITOCHES,69,5436.00
2017,MISSISSIPPI,28,CENTRAL,ATTALA,7, (D)
2017,MISSISSIPPI,28,CENTRAL,CARROLL,15,21892.00
2017,MISSISSIPPI,28,CENTRAL,CHOCTAW,19, (D)
2017,MISSISSIPPI,28,CENTRAL,HOLMES,51,43979.00
2017,MISSISSIPPI,28,CENTRAL,LEAKE,79,1296.00
2017,MISSISSIPPI,28,CENTRAL,MADISON,89,4997.00
2017,MISSISSIPPI,28,CENTRAL,MONTGOMERY,97,4967.00
2017,MISSISSIPPI,28,CENTRAL,RANKIN,121,1840.00
2017,MISSISSIPPI,28,CENTRAL,SCOTT,123,960.00
2017,MISSISSIPPI,28,CENTRAL,WEBSTER,155,6151.00
2017,MISSISSIPPI,28,EAST CENTRAL,CHICKASAW,17,1944.00
2017,MISSISSIPPI,28,EAST CENTRAL,CLAY,25, (D)
2017,MISSISSIPPI,28,EAST CENTRAL,LOWNDES,87,13325.00
2017,MISSISSIPPI,28,EAST CENTRAL,MONROE,95,7266.00
2017,MISSISSIPPI,28,EAST CENTRAL,NOXUBEE,103,23095.00
2017,MISSISSIPPI,28,EAST CENTRAL,OKTIBBEHA,105, (D)
2017,MISSISSIPPI,28,EAST CENTRAL,WINSTON,159, (D)
2017,MISSISSIPPI,28,LOWER DELTA,HUMPHREYS,53,21427.00
2017,MISSISSIPPI,28,LOWER DELTA,ISSAQUENA,55,7833.00
2017,MISSISSIPPI,28,LOWER DELTA,LEFLORE,83,43857.00
2017,MISSISSIPPI,28,LOWER DELTA,SHARKEY,125,13787.00
2017,MISSISSIPPI,28,LOWER DELTA,SUNFLOWER,133,20705.00
2017,MISSISSIPPI,28,LOWER DELTA,WASHINGTON,151,22758.00
2017,MISSISSIPPI,28,LOWER DELTA,YAZOO,163,30802.00
2017,MISSISSIPPI,28,NORTH CENTRAL,BENTON,9, (D)
2017,MISSISSIPPI,28,NORTH CENTRAL,CALHOUN,13,9050.00
2017,MISSISSIPPI,28,NORTH CENTRAL,DE SOTO,33,6122.00
2017,MISSISSIPPI,28,NORTH CENTRAL,GRENADA,43, (D)
2017,MISSISSIPPI,28,NORTH CENTRAL,LAFAYETTE,71,3143.00
2017,MISSISSIPPI,28,NORTH CENTRAL,MARSHALL,93,2342.00
2017,MISSISSIPPI,28,NORTH CENTRAL,PANOLA,107,28861.00
2017,MISSISSIPPI,28,NORTH CENTRAL,TATE,137,5389.00
2017,MISSISSIPPI,28,NORTH CENTRAL,YALOBUSHA,161,5334.00
2017,MISSISSIPPI,28,NORTHEAST,ALCORN,3,3088.00
2017,MISSISSIPPI,28,NORTHEAST,ITAWAMBA,57,2200.00
2017,MISSISSIPPI,28,NORTHEAST,LEE,81,6171.00
2017,MISSISSIPPI,28,NORTHEAST,PONTOTOC,115,645.00
2017,MISSISSIPPI,28,NORTHEAST,PRENTISS,117,2610.00
2017,MISSISSIPPI,28,NORTHEAST,TIPPAH,139,3395.00
2017,MISSISSIPPI,28,NORTHEAST,TISHOMINGO,141,9700.00
2017,MISSISSIPPI,28,NORTHEAST,UNION,145, (D)
2017,MISSISSIPPI,28,SOUTH CENTRAL,COVINGTON,31, (D)
2017,MISSISSIPPI,28,SOUTH CENTRAL,SMITH,129, (D)
2017,MISSISSIPPI,28,SOUTHEAST AND COASTAL,FORREST,35, (D)
2017,MISSISSIPPI,28,SOUTHEAST AND COASTAL,GEORGE,39,2700.00
2017,MISSISSIPPI,28,SOUTHEAST AND COASTAL,JACKSON,59, (D)
2017,MISSISSIPPI,28,SOUTHEAST AND COASTAL,PERRY,111, (D)
2017,MISSISSIPPI,28,SOUTHEAST AND COASTAL,STONE,131, (D)
2017,MISSISSIPPI,28,SOUTHWEST,ADAMS,1,2270.00
2017,MISSISSIPPI,28,SOUTHWEST,CLAIBORNE,21,3337.00
2017,MISSISSIPPI,28,SOUTHWEST,COPIAH,29, (D)
2017,MISSISSIPPI,28,SOUTHWEST,HINDS,49,4317.00
2017,MISSISSIPPI,28,SOUTHWEST,JEFFERSON,63, (D)
2017,MISSISSIPPI,28,SOUTHWEST,WARREN,149,9212.00
2017,MISSISSIPPI,28,UPPER DELTA,BOLIVAR,11,13680.00
2017,MISSISSIPPI,28,UPPER DELTA,COAHOMA,27,91135.00
2017,MISSISSIPPI,28,UPPER DELTA,QUITMAN,119,25186.00
2017,MISSISSIPPI,28,UPPER DELTA,TALLAHATCHIE,135,44082.00
2017,MISSISSIPPI,28,UPPER DELTA,TUNICA,143,33434.00
2017,MISSOURI,29,SOUTHEAST,DUNKLIN,69,98930.00
2017,MISSOURI,29,SOUTHEAST,NEW MADRID,143,87247.00
2017,MISSOURI,29,SOUTHEAST,PEMISCOT,155,37952.00
2017,MISSOURI,29,SOUTHEAST,SCOTT,201,6311.00
2017,MISSOURI,29,SOUTHEAST,STODDARD,207,73756.00
2017,NEW MEXICO,35,NORTHEAST,CURRY,9,5654.00
2017,NEW MEXICO,35,NORTHEAST,QUAY,37,2452.00
2017,NEW MEXICO,35,NORTHEAST,ROOSEVELT,41,4427.00
2017,NEW MEXICO,35,SOUTHEAST,CHAVES,5,3216.00
2017,NEW MEXICO,35,SOUTHEAST,DONA ANA,13,11626.00
2017,NEW MEXICO,35,SOUTHEAST,EDDY,15,3495.00
2017,NEW MEXICO,35,SOUTHEAST,LEA,25,16375.00
2017,NEW MEXICO,35,SOUTHWEST,HIDALGO,23, (D)
2017,NEW MEXICO,35,SOUTHWEST,LUNA,29,2923.00
2017,NEW MEXICO,35,SOUTHWEST,SIERRA,51, (D)
2017,NORTH CAROLINA,37,CENTRAL COASTAL,BEAUFORT,13,9236.00
2017,NORTH CAROLINA,37,CENTRAL COASTAL,CARTERET,31, (D)
2017,NORTH CAROLINA,37,CENTRAL COASTAL,CRAVEN,49,2861.00
2017,NORTH CAROLINA,37,CENTRAL COASTAL,GREENE,79,5706.00
2017,NORTH CAROLINA,37,CENTRAL COASTAL,HYDE,95,8094.00
2017,NORTH CAROLINA,37,CENTRAL COASTAL,JOHNSTON,101,4547.00
2017,NORTH CAROLINA,37,CENTRAL COASTAL,JONES,103,13079.00
2017,NORTH CAROLINA,37,CENTRAL COASTAL,LENOIR,107,7697.00
2017,NORTH CAROLINA,37,CENTRAL COASTAL,PITT,147,13527.00
2017,NORTH CAROLINA,37,CENTRAL COASTAL,WAYNE,191,4434.00
2017,NORTH CAROLINA,37,CENTRAL COASTAL,WILSON,195,8525.00
2017,NORTH CAROLINA,37,CENTRAL PIEDMONT,DAVIE,59, (D)
2017,NORTH CAROLINA,37,CENTRAL PIEDMONT,RANDOLPH,151, (D)
2017,NORTH CAROLINA,37,CENTRAL PIEDMONT,ROWAN,159,612.00
2017,NORTH CAROLINA,37,CENTRAL PIEDMONT,WAKE,183, (D)
2017,NORTH CAROLINA,37,NORTHERN COASTAL,BERTIE,15,21298.00
2017,NORTH CAROLINA,37,NORTHERN COASTAL,CAMDEN,29, (D)
2017,NORTH CAROLINA,37,NORTHERN COASTAL,CHOWAN,41,9461.00
2017,NORTH CAROLINA,37,NORTHERN COASTAL,EDGECOMBE,65,14236.00
2017,NORTH CAROLINA,37,NORTHERN COASTAL,GATES,73,10226.00
2017,NORTH CAROLINA,37,NORTHERN COASTAL,HALIFAX,83,48492.00
2017,NORTH CAROLINA,37,NORTHERN COASTAL,HERTFORD,91,13768.00
2017,NORTH CAROLINA,37,NORTHERN COASTAL,MARTIN,117,32351.00
2017,NORTH CAROLINA,37,NORTHERN COASTAL,NASH,127,6816.00
2017,NORTH CAROLINA,37,NORTHERN COASTAL,NORTHAMPTON,131,43390.00
2017,NORTH CAROLINA,37,NORTHERN COASTAL,PASQUOTANK,139, (D)
2017,NORTH CAROLINA,37,NORTHERN COASTAL,PERQUIMANS,143,5937.00
2017,NORTH CAROLINA,37,NORTHERN COASTAL,TYRRELL,177, (D)
2017,NORTH CAROLINA,37,NORTHERN COASTAL,WASHINGTON,187,7788.00
2017,NORTH CAROLINA,37,NORTHERN PIEDMONT,FRANKLIN,69, (D)
2017,NORTH CAROLINA,37,NORTHERN PIEDMONT,WARREN,185, (D)
2017,NORTH CAROLINA,37,SOUTHERN COASTAL,BLADEN,17,900.00
2017,NORTH CAROLINA,37,SOUTHERN COASTAL,BRUNSWICK,19, (D)
2017,NORTH CAROLINA,37,SOUTHERN COASTAL,COLUMBUS,47,1638.00
2017,NORTH CAROLINA,37,SOUTHERN COASTAL,CUMBERLAND,51,3314.00
2017,NORTH CAROLINA,37,SOUTHERN COASTAL,DUPLIN,61,5683.00
2017,NORTH CAROLINA,37,SOUTHERN COASTAL,HARNETT,85,6602.00
2017,NORTH CAROLINA,37,SOUTHERN COASTAL,HOKE,93,5667.00
2017,NORTH CAROLINA,37,SOUTHERN COASTAL,ONSLOW,133,2900.00
2017,NORTH CAROLINA,37,SOUTHERN COASTAL,PENDER,141, (D)
2017,NORTH CAROLINA,37,SOUTHERN COASTAL,ROBESON,155,10803.00
2017,NORTH CAROLINA,37,SOUTHERN COASTAL,SAMPSON,163,11161.00
2017,NORTH CAROLINA,37,SOUTHERN COASTAL,SCOTLAND,165,3761.00
2017,NORTH CAROLINA,37,SOUTHERN PIEDMONT,ANSON,7,892.00
2017,NORTH CAROLINA,37,SOUTHERN PIEDMONT,CABARRUS,25, (D)
2017,NORTH CAROLINA,37,SOUTHERN PIEDMONT,CLEVELAND,45, (D)
2017,NORTH CAROLINA,37,SOUTHERN PIEDMONT,LINCOLN,109, (D)
2017,NORTH CAROLINA,37,SOUTHERN PIEDMONT,MONTGOMERY,123,262.00
2017,NORTH CAROLINA,37,SOUTHERN PIEDMONT,MOORE,125, (D)
2017,NORTH CAROLINA,37,SOUTHERN PIEDMONT,RICHMOND,153, (D)
2017,NORTH CAROLINA,37,SOUTHERN PIEDMONT,STANLY,167,10675.00
2017,NORTH CAROLINA,37,SOUTHERN PIEDMONT,UNION,179,2692.00
2017,OKLAHOMA,40,CENTRAL,CANADIAN,17,3076.00
2017,OKLAHOMA,40,CENTRAL,GRADY,51,4001.00
2017,OKLAHOMA,40,CENTRAL,KINGFISHER,73, (D)
2017,OKLAHOMA,40,CENTRAL,LINCOLN,81,3854.00
2017,OKLAHOMA,40,CENTRAL,MCCLAIN,87, (D)
2017,OKLAHOMA,40,CENTRAL,OKLAHOMA,109,4000.00
2017,OKLAHOMA,40,NORTH CENTRAL,ALFALFA,3,138.00
2017,OKLAHOMA,40,NORTH CENTRAL,GARFIELD,47, (D)
2017,OKLAHOMA,40,NORTH CENTRAL,GRANT,53,3512.00
2017,OKLAHOMA,40,NORTH CENTRAL,KAY,71,6500.00
2017,OKLAHOMA,40,NORTH CENTRAL,MAJOR,93,912.00
2017,OKLAHOMA,40,NORTH CENTRAL,NOBLE,103,1680.00
2017,OKLAHOMA,40,NORTH CENTRAL,WOODWARD,153, (D)
2017,OKLAHOMA,40,NORTHEAST,DELAWARE,41, (D)
2017,OKLAHOMA,40,PANHANDLE,BEAVER,7,2623.00
2017,OKLAHOMA,40,PANHANDLE,CIMARRON,25,1408.00
2017,OKLAHOMA,40,PANHANDLE,ELLIS,45, (D)
2017,OKLAHOMA,40,PANHANDLE,TEXAS,139,10193.00
2017,OKLAHOMA,40,SOUTHEAST,MCCURTAIN,89, (D)
2017,OKLAHOMA,40,SOUTHWEST,CADDO,15,19530.00
2017,OKLAHOMA,40,SOUTHWEST,COMANCHE,31,24829.00
2017,OKLAHOMA,40,SOUTHWEST,COTTON,33,8251.00
2017,OKLAHOMA,40,SOUTHWEST,GREER,55,14843.00
2017,OKLAHOMA,40,SOUTHWEST,HARMON,57,32477.00
2017,OKLAHOMA,40,SOUTHWEST,JACKSON,65,143950.00
2017,OKLAHOMA,40,SOUTHWEST,KIOWA,75,31059.00
2017,OKLAHOMA,40,SOUTHWEST,TILLMAN,141,141190.00
2017,OKLAHOMA,40,WEST CENTRAL,BECKHAM,9,21534.00
2017,OKLAHOMA,40,WEST CENTRAL,BLAINE,11,2798.00
2017,OKLAHOMA,40,WEST CENTRAL,CUSTER,39,7755.00
2017,OKLAHOMA,40,WEST CENTRAL,ROGER MILLS,129,10201.00
2017,OKLAHOMA,40,WEST CENTRAL,WASHITA,149,48938.00
2017,SOUTH CAROLINA,45,CENTRAL,CALHOUN,17,28785.00
2017,SOUTH CAROLINA,45,CENTRAL,CLARENDON,27,10925.00
2017,SOUTH CAROLINA,45,CENTRAL,LEE,61,13177.00
2017,SOUTH CAROLINA,45,CENTRAL,LEXINGTON,63,1595.00
2017,SOUTH CAROLINA,45,CENTRAL,ORANGEBURG,75,33582.00
2017,SOUTH CAROLINA,45,CENTRAL,RICHLAND,79,1976.00
2017,SOUTH CAROLINA,45,CENTRAL,SUMTER,85,8063.00
2017,SOUTH CAROLINA,45,EASTERN,CHESTERFIELD,25,848.00
2017,SOUTH CAROLINA,45,EASTERN,DARLINGTON,31,25640.00
2017,SOUTH CAROLINA,45,EASTERN,DILLON,33,6524.00
2017,SOUTH CAROLINA,45,EASTERN,FLORENCE,41,10730.00
2017,SOUTH CAROLINA,45,EASTERN,GEORGETOWN,43,1219.00
2017,SOUTH CAROLINA,45,EASTERN,HORRY,51,7335.00
2017,SOUTH CAROLINA,45,EASTERN,MARION,67,2715.00
2017,SOUTH CAROLINA,45,EASTERN,MARLBORO,69,13789.00
2017,SOUTH CAROLINA,45,EASTERN,WILLIAMSBURG,89,18420.00
2017,SOUTH CAROLINA,45,NORTH CENTRAL,CHESTER,23,4584.00
2017,SOUTH CAROLINA,45,NORTH CENTRAL,YORK,91,5818.00
2017,SOUTH CAROLINA,45,NORTHWEST,ANDERSON,7, (D)
2017,SOUTH CAROLINA,45,SOUTHERN,ALLENDALE,5,1666.00
2017,SOUTH CAROLINA,45,SOUTHERN,BAMBERG,9,8539.00
2017,SOUTH CAROLINA,45,SOUTHERN,BARNWELL,11,11291.00
2017,SOUTH CAROLINA,45,SOUTHERN,BERKELEY,15,310.00
2017,SOUTH CAROLINA,45,SOUTHERN,COLLETON,29,4304.00
2017,SOUTH CAROLINA,45,SOUTHERN,DORCHESTER,35,6237.00
2017,SOUTH CAROLINA,45,SOUTHERN,HAMPTON,49,15854.00
2017,SOUTH CAROLINA,45,SOUTHERN,JASPER,53, (D)
2017,SOUTH CAROLINA,45,WEST CENTRAL,ABBEVILLE,1, (D)
2017,SOUTH CAROLINA,45,WEST CENTRAL,AIKEN,3,3887.00
2017,SOUTH CAROLINA,45,WEST CENTRAL,EDGEFIELD,37, (D)
2017,SOUTH CAROLINA,45,WEST CENTRAL,NEWBERRY,71, (D)
2017,TENNESSEE,47,CENTRAL BASIN,GILES,55, (D)
2017,TENNESSEE,47,CENTRAL BASIN,LINCOLN,103,9758.00
2017,TENNESSEE,47,CENTRAL BASIN,MACON,111, (D)
2017,TENNESSEE,47,CENTRAL BASIN,RUTHERFORD,149, (D)
2017,TENNESSEE,47,CUMBERLAND PLATEAU,FRANKLIN,51, (D)
2017,TENNESSEE,47,DELTA,DYER,45,21395.00
2017,TENNESSEE,47,DELTA,LAKE,95,6592.00
2017,TENNESSEE,47,DELTA,LAUDERDALE,97,20410.00
2017,TENNESSEE,47,DELTA,OBION,131, (D)
2017,TENNESSEE,47,DELTA,SHELBY,157,9491.00
2017,TENNESSEE,47,DELTA,TIPTON,167,26529.00
2017,TENNESSEE,47,EAST TENNESSEE,CARTER,19, (D)
2017,TENNESSEE,47,WEST TENNESSEE,CARROLL,17,22958.00
2017,TENNESSEE,47,WEST TENNESSEE,CHESTER,23,3082.00
2017,TENNESSEE,47,WEST TENNESSEE,CROCKETT,33,42272.00
2017,TENNESSEE,47,WEST TENNESSEE,FAYETTE,47,43084.00
2017,TENNESSEE,47,WEST TENNESSEE,GIBSON,53,29231.00
2017,TENNESSEE,47,WEST TENNESSEE,HARDEMAN,69,17067.00
2017,TENNESSEE,47,WEST TENNESSEE,HARDIN,71, (D)
2017,TENNESSEE,47,WEST TENNESSEE,HAYWOOD,75,55640.00
2017,TENNESSEE,47,WEST TENNESSEE,HENDERSON,77,447.00
2017,TENNESSEE,47,WEST TENNESSEE,HENRY,79, (D)
2017,TENNESSEE,47,WEST TENNESSEE,MADISON,113,22177.00
2017,TENNESSEE,47,WEST TENNESSEE,MCNAIRY,109,6520.00
2017,TENNESSEE,47,WEST TENNESSEE,WEAKLEY,183, (D)
2017,TENNESSEE,47,WESTERN RIM,LAWRENCE,99, (D)
2017,TEXAS,48,BLACKLANDS,BELL,27,6261.00
2017,TEXAS,48,BLACKLANDS,BOSQUE,35,6243.00
2017,TEXAS,48,BLACKLANDS,COLLIN,85,840.00
2017,TEXAS,48,BLACKLANDS,COOKE,97, (D)
2017,TEXAS,48,BLACKLANDS,CORYELL,99, (D)
2017,TEXAS,48,BLACKLANDS,DELTA,119, (D)
2017,TEXAS,48,BLACKLANDS,DENTON,121,3310.00
2017,TEXAS,48,BLACKLANDS,ELLIS,139,24348.00
2017,TEXAS,48,BLACKLANDS,FALLS,145,4676.00
2017,TEXAS,48,BLACKLANDS,FANNIN,147,2965.00
2017,TEXAS,48,BLACKLANDS,GRAYSON,181, (D)
2017,TEXAS,48,BLACKLANDS,HAMILTON,193,742.00
2017,TEXAS,48,BLACKLANDS,HILL,217,20690.00
2017,TEXAS,48,BLACKLANDS,HUNT,231,5561.00
2017,TEXAS,48,BLACKLANDS,JOHNSON,251,3634.00
2017,TEXAS,48,BLACKLANDS,KAUFMAN,257, (D)
2017,TEXAS,48,BLACKLANDS,LAMAR,277,5607.00
2017,TEXAS,48,BLACKLANDS,LIMESTONE,293,4687.00
2017,TEXAS,48,BLACKLANDS,MCLENNAN,309,11308.00
2017,TEXAS,48,BLACKLANDS,MILAM,331,13473.00
2017,TEXAS,48,BLACKLANDS,NAVARRO,349,26852.00
2017,TEXAS,48,BLACKLANDS,ROCKWALL,397, (D)
2017,TEXAS,48,BLACKLANDS,WILLIAMSON,491,27204.00
2017,TEXAS,48,COASTAL BEND,KLEBERG,273,28928.00
2017,TEXAS,48,COASTAL BEND,NUECES,355,128293.00
2017,TEXAS,48,COASTAL BEND,REFUGIO,391,22920.00
2017,TEXAS,48,COASTAL BEND,SAN PATRICIO,409,98021.00
2017,TEXAS,48,CROSS TIMBERS,ARCHER,9, (D)
2017,TEXAS,48,CROSS TIMBERS,BROWN,49,1358.00
2017,TEXAS,48,CROSS TIMBERS,CALLAHAN,59, (D)
2017,TEXAS,48,CROSS TIMBERS,CLAY,77,2617.00
2017,TEXAS,48,CROSS TIMBERS,COMANCHE,93,6050.00
2017,TEXAS,48,CROSS TIMBERS,EASTLAND,133, (D)
2017,TEXAS,48,CROSS TIMBERS,ERATH,143,195.00
2017,TEXAS,48,CROSS TIMBERS,PARKER,367, (D)
2017,TEXAS,48,CROSS TIMBERS,SHACKELFORD,417, (D)
2017,TEXAS,48,CROSS TIMBERS,THROCKMORTON,447,2681.00
2017,TEXAS,48,CROSS TIMBERS,WISE,497, (D)
2017,TEXAS,48,CROSS TIMBERS,YOUNG,503,777.00
2017,TEXAS,48,EAST TEXAS NORTH,ANDERSON,1, (D)
2017,TEXAS,48,EAST TEXAS NORTH,BOWIE,37, (D)
2017,TEXAS,48,EAST TEXAS NORTH,FRANKLIN,159, (D)
2017,TEXAS,48,EAST TEXAS NORTH,HARRISON,203, (D)
2017,TEXAS,48,EAST TEXAS NORTH,HOPKINS,223,715.00
2017,TEXAS,48,EAST TEXAS NORTH,HOUSTON,225, (D)
2017,TEXAS,48,EAST TEXAS SOUTH,BRAZOS,41,11527.00
2017,TEXAS,48,EAST TEXAS SOUTH,FREESTONE,161, (D)
2017,TEXAS,48,EAST TEXAS SOUTH,GRIMES,185, (D)
2017,TEXAS,48,EAST TEXAS SOUTH,MADISON,313, (D)
2017,TEXAS,48,EAST TEXAS SOUTH,ROBERTSON,395,12309.00
2017,TEXAS,48,EAST TEXAS SOUTH,SAN JACINTO,407, (D)
2017,TEXAS,48,EAST TEXAS SOUTH,WALKER,471, (D)
2017,TEXAS,48,EAST TEXAS SOUTH,WALLER,473, (D)
2017,TEXAS,48,EDWARDS PLATEAU,BLANCO,31, (D)
2017,TEXAS,48,EDWARDS PLATEAU,BURNET,53, (D)
2017,TEXAS,48,EDWARDS PLATEAU,COKE,81,996.00
2017,TEXAS,48,EDWARDS PLATEAU,CONCHO,95,23660.00
2017,TEXAS,48,EDWARDS PLATEAU,IRION,235, (D)
2017,TEXAS,48,EDWARDS PLATEAU,KINNEY,271, (D)
2017,TEXAS,48,EDWARDS PLATEAU,LLANO,299, (D)
2017,TEXAS,48,EDWARDS PLATEAU,MCCULLOCH,307,5535.00
2017,TEXAS,48,EDWARDS PLATEAU,REAGAN,383,28866.00
2017,TEXAS,48,EDWARDS PLATEAU,SAN SABA,411, (D)
2017,TEXAS,48,EDWARDS PLATEAU,SCHLEICHER,413,9935.00
2017,TEXAS,48,EDWARDS PLATEAU,TOM GREEN,451,54377.00
2017,TEXAS,48,EDWARDS PLATEAU,UPTON,461,34569.00
2017,TEXAS,48,EDWARDS PLATEAU,UVALDE,463,10821.00
2017,TEXAS,48,LOWER VALLEY,CAMERON,61,62127.00
2017,TEXAS,48,LOWER VALLEY,HIDALGO,215,61267.00
2017,TEXAS,48,LOWER VALLEY,STARR,427,5400.00
2017,TEXAS,48,LOWER VALLEY,WILLACY,489,69082.00
2017,TEXAS,48,NORTHERN HIGH PLAINS,ARMSTRONG,11,5878.00
2017,TEXAS,48,NORTHERN HIGH PLAINS,BRISCOE,45,35180.00
2017,TEXAS,48,NORTHERN HIGH PLAINS,CARSON,65,83179.00
2017,TEXAS,48,NORTHERN HIGH PLAINS,CASTRO,69,48683.00
2017,TEXAS,48,NORTHERN HIGH PLAINS,DALLAM,111,23513.00
2017,TEXAS,48,NORTHERN HIGH PLAINS,DEAF SMITH,117,40008.00
2017,TEXAS,48,NORTHERN HIGH PLAINS,FLOYD,153,193793.00
2017,TEXAS,48,NORTHERN HIGH PLAINS,GRAY,179,28185.00
2017,TEXAS,48,NORTHERN HIGH PLAINS,HALE,189,211914.00
2017,TEXAS,48,NORTHERN HIGH PLAINS,HANSFORD,195,62209.00
2017,TEXAS,48,NORTHERN HIGH PLAINS,HARTLEY,205,25288.00
2017,TEXAS,48,NORTHERN HIGH PLAINS,HEMPHILL,211, (D)
2017,TEXAS,48,NORTHERN HIGH PLAINS,HUTCHINSON,233,22744.00
2017,TEXAS,48,NORTHERN HIGH PLAINS,LIPSCOMB,295,2615.00
2017,TEXAS,48,NORTHERN HIGH PLAINS,MOORE,341,33846.00
2017,TEXAS,48,NORTHERN HIGH PLAINS,OCHILTREE,357,44115.00
2017,TEXAS,48,NORTHERN HIGH PLAINS,OLDHAM,359,1161.00
2017,TEXAS,48,NORTHERN HIGH PLAINS,PARMER,369,52217.00
2017,TEXAS,48,NORTHERN HIGH PLAINS,POTTER,375, (D)
2017,TEXAS,48,NORTHERN HIGH PLAINS,RANDALL,381,8060.00
2017,TEXAS,48,NORTHERN HIGH PLAINS,ROBERTS,393, (D)
2017,TEXAS,48,NORTHERN HIGH PLAINS,SHERMAN,421,40929.00
2017,TEXAS,48,NORTHERN HIGH PLAINS,SWISHER,437,100398.00
2017,TEXAS,48,NORTHERN LOW PLAINS,BORDEN,33,57646.00
2017,TEXAS,48,NORTHERN LOW PLAINS,CHILDRESS,75,36586.00
2017,TEXAS,48,NORTHERN LOW PLAINS,COLLINGSWORTH,87,58681.00
2017,TEXAS,48,NORTHERN LOW PLAINS,COTTLE,101,28417.00
2017,TEXAS,48,NORTHERN LOW PLAINS,DICKENS,125,35951.00
2017,TEXAS,48,NORTHERN LOW PLAINS,DONLEY,129,16579.00
2017,TEXAS,48,NORTHERN LOW PLAINS,FOARD,155, (D)
2017,TEXAS,48,NORTHERN LOW PLAINS,GARZA,169,41001.00
2017,TEXAS,48,NORTHERN LOW PLAINS,HALL,191,105031.00
2017,TEXAS,48,NORTHERN LOW PLAINS,HARDEMAN,197,3633.00
2017,TEXAS,48,NORTHERN LOW PLAINS,KENT,263,2043.00
2017,TEXAS,48,NORTHERN LOW PLAINS,KING,269, (D)
2017,TEXAS,48,NORTHERN LOW PLAINS,MOTLEY,345,6243.00
2017,TEXAS,48,NORTHERN LOW PLAINS,WHEELER,483,13243.00
2017,TEXAS,48,NORTHERN LOW PLAINS,WICHITA,485,20282.00
2017,TEXAS,48,NORTHERN LOW PLAINS,WILBARGER,487,50100.00
2017,TEXAS,48,SOUTH CENTRAL,AUSTIN,15,2857.00
2017,TEXAS,48,SOUTH CENTRAL,BEE,25,14210.00
2017,TEXAS,48,SOUTH CENTRAL,BEXAR,29,645.00
2017,TEXAS,48,SOUTH CENTRAL,BURLESON,51,9262.00
2017,TEXAS,48,SOUTH CENTRAL,CALDWELL,55,7788.00
2017,TEXAS,48,SOUTH CENTRAL,COLORADO,89, (D)
2017,TEXAS,48,SOUTH CENTRAL,FAYETTE,149, (D)
2017,TEXAS,48,SOUTH CENTRAL,GOLIAD,175, (D)
2017,TEXAS,48,SOUTH CENTRAL,GONZALES,177, (D)
2017,TEXAS,48,SOUTH CENTRAL,GUADALUPE,187,1626.00
2017,TEXAS,48,SOUTH CENTRAL,HAYS,209,2328.00
2017,TEXAS,48,SOUTH CENTRAL,KARNES,255,4195.00
2017,TEXAS,48,SOUTH CENTRAL,MEDINA,325,15537.00
2017,TEXAS,48,SOUTH CENTRAL,TRAVIS,453,1739.00
2017,TEXAS,48,SOUTH CENTRAL,WASHINGTON,477, (D)
2017,TEXAS,48,SOUTH CENTRAL,WILSON,493,2972.00
2017,TEXAS,48,SOUTH TEXAS,ATASCOSA,13,1883.00
2017,TEXAS,48,SOUTH TEXAS,DIMMIT,127, (D)
2017,TEXAS,48,SOUTH TEXAS,FRIO,163,5517.00
2017,TEXAS,48,SOUTH TEXAS,JIM WELLS,249,26247.00
2017,TEXAS,48,SOUTH TEXAS,LIVE OAK,297,1696.00
2017,TEXAS,48,SOUTH TEXAS,ZAPATA,505, (D)
2017,TEXAS,48,SOUTH TEXAS,ZAVALA,507,7694.00
2017,TEXAS,48,SOUTHERN HIGH PLAINS,ANDREWS,3,11314.00
2017,TEXAS,48,SOUTHERN HIGH PLAINS,BAILEY,17,77145.00
2017,TEXAS,48,SOUTHERN HIGH PLAINS,COCHRAN,79,124080.00
2017,TEXAS,48,SOUTHERN HIGH PLAINS,CROSBY,107,177589.00
2017,TEXAS,48,SOUTHERN HIGH PLAINS,DAWSON,115,259949.00
2017,TEXAS,48,SOUTHERN HIGH PLAINS,GAINES,165,241339.00
2017,TEXAS,48,SOUTHERN HIGH PLAINS,GLASSCOCK,173,128853.00
2017,TEXAS,48,SOUTHERN HIGH PLAINS,HOCKLEY,219,152495.00
2017,TEXAS,48,SOUTHERN HIGH PLAINS,HOWARD,227,70458.00
2017,TEXAS,48,SOUTHERN HIGH PLAINS,LAMB,279,156911.00
2017,TEXAS,48,SOUTHERN HIGH PLAINS,LUBBOCK,303,264305.00
2017,TEXAS,48,SOUTHERN HIGH PLAINS,LYNN,305,297817.00
2017,TEXAS,48,SOUTHERN HIGH PLAINS,MARTIN,317,148810.00
2017,TEXAS,48,SOUTHERN HIGH PLAINS,MIDLAND,329,11344.00
2017,TEXAS,48,SOUTHERN HIGH PLAINS,TERRY,445,209724.00
2017,TEXAS,48,SOUTHERN HIGH PLAINS,YOAKUM,501,98050.00
2017,TEXAS,48,SOUTHERN LOW PLAINS,BAYLOR,23,7896.00
2017,TEXAS,48,SOUTHERN LOW PLAINS,COLEMAN,83,5934.00
2017,TEXAS,48,SOUTHERN LOW PLAINS,FISHER,151,76475.00
2017,TEXAS,48,SOUTHERN LOW PLAINS,HASKELL,207,85786.00
2017,TEXAS,48,SOUTHERN LOW PLAINS,JONES,253,79795.00
2017,TEXAS,48,SOUTHERN LOW PLAINS,KNOX,275,16527.00
2017,TEXAS,48,SOUTHERN LOW PLAINS,MITCHELL,335,39261.00
2017,TEXAS,48,SOUTHERN LOW PLAINS,NOLAN,353,60821.00
2017,TEXAS,48,SOUTHERN LOW PLAINS,RUNNELS,399,69222.00
2017,TEXAS,48,SOUTHERN LOW PLAINS,SCURRY,415,67194.00
2017,TEXAS,48,SOUTHERN LOW PLAINS,STONEWALL,433,23047.00
2017,TEXAS,48,SOUTHERN LOW PLAINS,TAYLOR,441,18085.00
2017,TEXAS,48,TRANS-PECOS,BREWSTER,43, (D)
2017,TEXAS,48,TRANS-PECOS,EL PASO,141,14873.00
2017,TEXAS,48,TRANS-PECOS,HUDSPETH,229,2739.00
2017,TEXAS,48,TRANS-PECOS,PECOS,371,3181.00
2017,TEXAS,48,TRANS-PECOS,REEVES,389, (D)
2017,TEXAS,48,UPPER COAST,BRAZORIA,39, (D)
2017,TEXAS,48,UPPER COAST,CALHOUN,57,11308.00
2017,TEXAS,48,UPPER COAST,FORT BEND,157,42210.00
2017,TEXAS,48,UPPER COAST,HARRIS,201, (D)
2017,TEXAS,48,UPPER COAST,JACKSON,239,39488.00
2017,TEXAS,48,UPPER COAST,MATAGORDA,321,25911.00
2017,TEXAS,48,UPPER COAST,VICTORIA,469,13801.00
2017,TEXAS,48,UPPER COAST,WHARTON,481,80643.00
2017,VIRGINIA,51,EASTERN,ACCOMACK,1, (D)
2017,VIRGINIA,51,EASTERN,CHARLES CITY,36, (D)
2017,VIRGINIA,51,EASTERN,NORTHAMPTON,131, (D)
2017,VIRGINIA,51,EASTERN,NORTHUMBERLAND,133, (D)
2017,VIRGINIA,51,SOUTHEASTERN,BRUNSWICK,25,158.00
2017,VIRGINIA,51,SOUTHEASTERN,DINWIDDIE,53,1578.00
2017,VIRGINIA,51,SOUTHEASTERN,GREENSVILLE,81,11079.00
2017,VIRGINIA,51,SOUTHEASTERN,ISLE OF WIGHT,93,13316.00
2017,VIRGINIA,51,SOUTHEASTERN,SOUTHAMPTON,175,38067.00
2017,VIRGINIA,51,SOUTHEASTERN,SUFFOLK CITY,800,14449.00
2017,VIRGINIA,51,SOUTHEASTERN,SURRY,181,2023.00
2017,VIRGINIA,51,SOUTHEASTERN,SUSSEX,183,5134.00