Year,State,State ANSI,Ag District,County,County ANSI,rice_acre
2017,ARKANSAS,5,CENTRAL,CONWAY,29,1605.00
2017,ARKANSAS,5,CENTRAL,FAULKNER,45,1076.00
2017,ARKANSAS,5,CENTRAL,PERRY,105,1254.00
2017,ARKANSAS,5,CENTRAL,PULASKI,119,3302.00
2017,ARKANSAS,5,EAST CENTRAL,ARKANSAS,1,81070.00
2017,ARKANSAS,5,EAST CENTRAL,CRITTENDEN,35,29061.00
2017,ARKANSAS,5,EAST CENTRAL,CROSS,37,63845.00
2017,ARKANSAS,5,EAST CENTRAL,LEE,77,8196.00
2017,ARKANSAS,5,EAST CENTRAL,LONOKE,85,84573.00
2017,ARKANSAS,5,EAST CENTRAL,MONROE,95,34240.00
2017,ARKANSAS,5,EAST CENTRAL,PHILLIPS,107,13116.00
2017,ARKANSAS,5,EAST CENTRAL,PRAIRIE,117,60003.00
2017,ARKANSAS,5,EAST CENTRAL,SAINT FRANCIS,123,32642.00
2017,ARKANSAS,5,EAST CENTRAL,WOODRUFF,147,49375.00
2017,ARKANSAS,5,NORTHEAST,CLAY,21,66042.00
2017,ARKANSAS,5,NORTHEAST,CRAIGHEAD,31,47477.00
2017,ARKANSAS,5,NORTHEAST,GREENE,55,74536.00
2017,ARKANSAS,5,NORTHEAST,INDEPENDENCE,63,6771.00
2017,ARKANSAS,5,NORTHEAST,JACKSON,67,74179.00
2017,ARKANSAS,5,NORTHEAST,LAWRENCE,75,80652.00
2017,ARKANSAS,5,NORTHEAST,MISSISSIPPI,93,51935.00
2017,ARKANSAS,5,NORTHEAST,POINSETT,111,79770.00
2017,ARKANSAS,5,NORTHEAST,RANDOLPH,121,25377.00
2017,ARKANSAS,5,NORTHEAST,WHITE,145,10857.00
2017,ARKANSAS,5,SOUTH CENTRAL,CLARK,19, (D)
2017,ARKANSAS,5,SOUTHEAST,ASHLEY,3,2080.00
2017,ARKANSAS,5,SOUTHEAST,CHICOT,17,21774.00
2017,ARKANSAS,5,SOUTHEAST,DESHA,41,17510.00
2017,ARKANSAS,5,SOUTHEAST,DREW,43,3839.00
2017,ARKANSAS,5,SOUTHEAST,JEFFERSON,69,53745.00
2017,ARKANSAS,5,SOUTHEAST,LINCOLN,79,15681.00
2017,ARKANSAS,5,SOUTHWEST,LAFAYETTE,73,4052.00
2017,ARKANSAS,5,SOUTHWEST,MILLER,91, (D)
2017,ARKANSAS,5,WEST CENTRAL,FRANKLIN,47, (D)
2017,ARKANSAS,5,WEST CENTRAL,POPE,115,2824.00
2017,CALIFORNIA,6,NORTHEAST,MODOC,49, (D)
2017,CALIFORNIA,6,SACRAMENTO VALLEY,BUTTE,7,74115.00
2017,CALIFORNIA,6,SACRAMENTO VALLEY,COLUSA,11,125348.00
2017,CALIFORNIA,6,SACRAMENTO VALLEY,GLENN,21,81735.00
2017,CALIFORNIA,6,SACRAMENTO VALLEY,SACRAMENTO,67,3170.00
2017,CALIFORNIA,6,SACRAMENTO VALLEY,SOLANO,95, (D)
2017,CALIFORNIA,6,SACRAMENTO VALLEY,SUTTER,101,87093.00
2017,CALIFORNIA,6,SACRAMENTO VALLEY,TEHAMA,103,899.00
2017,CALIFORNIA,6,SACRAMENTO VALLEY,YOLO,113,25191.00
2017,CALIFORNIA,6,SACRAMENTO VALLEY,YUBA,115,24516.00
2017,CALIFORNIA,6,SAN JOAQUIN VALLEY,FRESNO,19,2219.00
2017,CALIFORNIA,6,SAN JOAQUIN VALLEY,MERCED,47,1660.00
2017,CALIFORNIA,6,SAN JOAQUIN VALLEY,SAN JOAQUIN,77,2693.00
2017,CALIFORNIA,6,SAN JOAQUIN VALLEY,STANISLAUS,99, (D)
2017,CALIFORNIA,6,SIERRA MOUNTAINS,PLACER,61,5815.00
2017,CALIFORNIA,6,SISKIYOU-SHASTA,SHASTA,89,260.00
2017,CALIFORNIA,6,SISKIYOU-SHASTA,SISKIYOU,93, (D)
2017,FLORIDA,12,SOUTHERN,HENDRY,51, (D)
2017,FLORIDA,12,SOUTHERN,PALM BEACH,99, (D)
2017,ILLINOIS,17,SOUTHWEST,ALEXANDER,3, (D)
2017,LOUISIANA,22,CENTRAL,AVOYELLES,9,19545.00
2017,LOUISIANA,22,CENTRAL,CATAHOULA,25,1560.00
2017,LOUISIANA,22,CENTRAL,CONCORDIA,29,11328.00
2017,LOUISIANA,22,CENTRAL,EVANGELINE,39,43932.00
2017,LOUISIANA,22,CENTRAL,POINTE COUPEE,77, (D)
2017,LOUISIANA,22,CENTRAL,RAPIDES,79,10469.00
2017,LOUISIANA,22,CENTRAL,SAINT LANDRY,97,21364.00
2017,LOUISIANA,22,NORTH CENTRAL,CALDWELL,21, (D)
2017,LOUISIANA,22,NORTHEAST,EAST CARROLL,35,2606.00
2017,LOUISIANA,22,NORTHEAST,FRANKLIN,41,1862.00
2017,LOUISIANA,22,NORTHEAST,MADISON,65,2485.00
2017,LOUISIANA,22,NORTHEAST,MOREHOUSE,67,23281.00
2017,LOUISIANA,22,NORTHEAST,RICHLAND,83,5326.00
2017,LOUISIANA,22,NORTHEAST,TENSAS,107,1549.00
2017,LOUISIANA,22,NORTHEAST,WEST CARROLL,123,589.00
2017,LOUISIANA,22,NORTHWEST,BOSSIER,15, (D)
2017,LOUISIANA,22,NORTHWEST,CADDO,17, (D)
2017,LOUISIANA,22,SOUTH CENTRAL,IBERIA,45,2292.00
2017,LOUISIANA,22,SOUTH CENTRAL,LAFAYETTE,55,4683.00
2017,LOUISIANA,22,SOUTH CENTRAL,SAINT MARTIN,99,2799.00
2017,LOUISIANA,22,SOUTHWEST,ACADIA,1,82264.00
2017,LOUISIANA,22,SOUTHWEST,ALLEN,3,17292.00
2017,LOUISIANA,22,SOUTHWEST,BEAUREGARD,11,1748.00
2017,LOUISIANA,22,SOUTHWEST,CALCASIEU,19,12250.00
2017,LOUISIANA,22,SOUTHWEST,CAMERON,23,5810.00
2017,LOUISIANA,22,SOUTHWEST,JEFFERSON DAVIS,53,64497.00
2017,LOUISIANA,22,SOUTHWEST,VERMILION,113,55380.00
2017,LOUISIANA,22,WEST CENTRAL,NATCHITOCHES,69, (D)
2017,MISSISSIPPI,28,LOWER DELTA,HUMPHREYS,53,3716.00
2017,MISSISSIPPI,28,LOWER DELTA,LEFLORE,83,1996.00
2017,MISSISSIPPI,28,LOWER DELTA,SUNFLOWER,133,13830.00
2017,MISSISSIPPI,28,LOWER DELTA,WASHINGTON,151,10270.00
2017,MISSISSIPPI,28,LOWER DELTA,YAZOO,163, (D)
2017,MISSISSIPPI,28,NORTH CENTRAL,DE SOTO,33, (D)
2017,MISSISSIPPI,28,NORTH CENTRAL,PANOLA,107,6771.00
2017,MISSISSIPPI,28,NORTH CENTRAL,TATE,137,1141.00
2017,MISSISSIPPI,28,UPPER DELTA,BOLIVAR,11,27035.00
2017,MISSISSIPPI,28,UPPER DELTA,COAHOMA,27,5966.00
2017,MISSISSIPPI,28,UPPER DELTA,QUITMAN,119,9402.00
2017,MISSISSIPPI,28,UPPER DELTA,TALLAHATCHIE,135,6008.00
2017,MISSISSIPPI,28,UPPER DELTA,TUNICA,143,25318.00
2017,MISSOURI,29,NORTHEAST,KNOX,103, (D)
2017,MISSOURI,29,SOUTH CENTRAL,RIPLEY,181,4571.00
2017,MISSOURI,29,SOUTHEAST,BUTLER,23,54551.00
2017,MISSOURI,29,SOUTHEAST,DUNKLIN,69,16133.00
2017,MISSOURI,29,SOUTHEAST,MISSISSIPPI,133, (D)
2017,MISSOURI,29,SOUTHEAST,NEW MADRID,143,11915.00
2017,MISSOURI,29,SOUTHEAST,PEMISCOT,155,37421.00
2017,MISSOURI,29,SOUTHEAST,SCOTT,201,4501.00
2017,MISSOURI,29,SOUTHEAST,STODDARD,207,37761.00
2017,SOUTH CAROLINA,45,EASTERN,DARLINGTON,31, (D)
2017,SOUTH CAROLINA,45,SOUTHERN,CHARLESTON,19, (D)
2017,SOUTH CAROLINA,45,SOUTHERN,JASPER,53, (D)
2017,TENNESSEE,47,DELTA,DYER,45, (D)
2017,TENNESSEE,47,WEST TENNESSEE,HARDEMAN,69, (D)
2017,TEXAS,48,EAST TEXAS NORTH,BOWIE,37, (D)
2017,TEXAS,48,EAST TEXAS SOUTH,HARDIN,199, (D)
2017,TEXAS,48,EAST TEXAS SOUTH,ROBERTSON,395, (D)
2017,TEXAS,48,EAST TEXAS SOUTH,WALLER,473,7330.00
2017,TEXAS,48,SOUTH CENTRAL,COLORADO,89,28929.00
2017,TEXAS,48,SOUTH CENTRAL,LAVACA,285,1685.00
2017,TEXAS,48,UPPER COAST,BRAZORIA,39,15271.00
2017,TEXAS,48,UPPER COAST,CALHOUN,57, (D)
2017,TEXAS,48,UPPER COAST,CHAMBERS,71,17898.00
2017,TEXAS,48,UPPER COAST,FORT BEND,157,7844.00
2017,TEXAS,48,UPPER COAST,JACKSON,239,2080.00
2017,TEXAS,48,UPPER COAST,JEFFERSON,245,20698.00
2017,TEXAS,48,UPPER COAST,LIBERTY,291, (D)
2017,TEXAS,48,UPPER COAST,MATAGORDA,321,12187.00
2017,TEXAS,48,UPPER COAST,VICTORIA,469,5491.00
2017,TEXAS,48,UPPER COAST,WHARTON,481,30369.00
2017,ARKANSAS,5,CENTRAL,OTHER (COMBINED) COUNTIES,,8200.00
2017,ARKANSAS,5,EAST CENTRAL,ARKANSAS,1,67200.00
2017,ARKANSAS,5,EAST CENTRAL,CRITTENDEN,35,38500.00
2017,ARKANSAS,5,EAST CENTRAL,CROSS,37,63200.00
2017,ARKANSAS,5,EAST CENTRAL,LEE,77,8200.00
2017,ARKANSAS,5,EAST CENTRAL,LONOKE,85,79600.00
2017,ARKANSAS,5,EAST CENTRAL,MONROE,95,36000.00
2017,ARKANSAS,5,EAST CENTRAL,PHILLIPS,107,13000.00
2017,ARKANSAS,5,EAST CENTRAL,PRAIRIE,117,54400.00
2017,ARKANSAS,5,EAST CENTRAL,SAINT FRANCIS,123,27900.00
2017,ARKANSAS,5,EAST CENTRAL,WOODRUFF,147,45000.00
2017,ARKANSAS,5,NORTHEAST,CLAY,21,64000.00
2017,ARKANSAS,5,NORTHEAST,CRAIGHEAD,31,56300.00
2017,ARKANSAS,5,NORTHEAST,GREENE,55,68900.00
2017,ARKANSAS,5,NORTHEAST,INDEPENDENCE,63,7500.00
2017,ARKANSAS,5,NORTHEAST,JACKSON,67,81500.00
2017,ARKANSAS,5,NORTHEAST,LAWRENCE,75,83200.00
2017,ARKANSAS,5,NORTHEAST,MISSISSIPPI,93,49400.00
2017,ARKANSAS,5,NORTHEAST,POINSETT,111,92800.00
2017,ARKANSAS,5,NORTHEAST,RANDOLPH,121,28800.00
2017,ARKANSAS,5,NORTHEAST,WHITE,145,6600.00
2017,ARKANSAS,5,SOUTHEAST,ASHLEY,3,3700.00
2017,ARKANSAS,5,SOUTHEAST,CHICOT,17,21700.00
2017,ARKANSAS,5,SOUTHEAST,DESHA,41,11000.00
2017,ARKANSAS,5,SOUTHEAST,DREW,43,6800.00
2017,ARKANSAS,5,SOUTHEAST,JEFFERSON,69,53900.00
2017,ARKANSAS,5,SOUTHEAST,LINCOLN,79,15300.00
2017,ARKANSAS,5,SOUTHWEST,OTHER (COMBINED) COUNTIES,,5700.00
2017,CALIFORNIA,6,SACRAMENTO VALLEY,COLUSA,11,134900.00
2017,CALIFORNIA,6,SACRAMENTO VALLEY,GLENN,21,73700.00
2017,CALIFORNIA,6,SACRAMENTO VALLEY,OTHER (COMBINED) COUNTIES,,108500.00
2017,CALIFORNIA,6,SACRAMENTO VALLEY,SACRAMENTO,67,4700.00
2017,CALIFORNIA,6,SACRAMENTO VALLEY,SUTTER,101,78200.00
2017,CALIFORNIA,6,SACRAMENTO VALLEY,YUBA,115,31000.00
2017,CALIFORNIA,6,SAN JOAQUIN VALLEY,OTHER (COMBINED) COUNTIES,,3300.00
2017,CALIFORNIA,6,SAN JOAQUIN VALLEY,SAN JOAQUIN,77,2700.00
2017,CALIFORNIA,6,SIERRA MOUNTAINS,PLACER,61,6000.00
2017,LOUISIANA,22,CENTRAL,AVOYELLES,9,14000.00
2017,LOUISIANA,22,CENTRAL,EVANGELINE,39,42800.00
2017,LOUISIANA,22,CENTRAL,OTHER (COMBINED) COUNTIES,,20300.00
2017,LOUISIANA,22,CENTRAL,SAINT LANDRY,97,19200.00
2017,LOUISIANA,22,NORTHEAST,MADISON,65,4400.00
2017,LOUISIANA,22,NORTHEAST,MOREHOUSE,67,20500.00
2017,LOUISIANA,22,NORTHEAST,OTHER (COMBINED) COUNTIES,,12800.00
2017,LOUISIANA,22,NORTHEAST,RICHLAND,83,5700.00
2017,LOUISIANA,22,SOUTHWEST,ACADIA,1,78500.00
2017,LOUISIANA,22,SOUTHWEST,ALLEN,3,15500.00
2017,LOUISIANA,22,SOUTHWEST,JEFFERSON DAVIS,53,76300.00
2017,LOUISIANA,22,SOUTHWEST,OTHER (COMBINED) COUNTIES,,22500.00
2017,LOUISIANA,22,SOUTHWEST,VERMILION,113,46200.00
2017,MISSISSIPPI,28,LOWER DELTA,HUMPHREYS,53,3900.00
2017,MISSISSIPPI,28,LOWER DELTA,OTHER (COMBINED) COUNTIES,,3200.00
2017,MISSISSIPPI,28,LOWER DELTA,SUNFLOWER,133,8300.00
2017,MISSISSIPPI,28,LOWER DELTA,WASHINGTON,151,8500.00
2017,MISSISSIPPI,28,NORTH CENTRAL,OTHER (COMBINED) COUNTIES,,11000.00
2017,MISSISSIPPI,28,UPPER DELTA,BOLIVAR,11,26900.00
2017,MISSISSIPPI,28,UPPER DELTA,OTHER (COMBINED) COUNTIES,,14500.00
2017,MISSISSIPPI,28,UPPER DELTA,QUITMAN,119,10300.00
2017,MISSISSIPPI,28,UPPER DELTA,TUNICA,143,27400.00
2017,TEXAS,48,SOUTH CENTRAL,COLORADO,89,30500.00
2017,TEXAS,48,SOUTH CENTRAL,OTHER (COMBINED) COUNTIES,,4300.00
2017,TEXAS,48,UPPER COAST,BRAZORIA,39,15500.00
2017,TEXAS,48,UPPER COAST,CHAMBERS,71,18500.00
2017,TEXAS,48,UPPER COAST,FORT BEND,157,4700.00
2017,TEXAS,48,UPPER COAST,JEFFERSON,245,16100.00
2017,TEXAS,48,UPPER COAST,MATAGORDA,321,11000.00
2017,TEXAS,48,UPPER COAST,OTHER (COMBINED) COUNTIES,,15900.00
2017,TEXAS,48,UPPER COAST,WHARTON,481,35600.00