GEOID,County,State,farmfertN-kg-2017
1001,Autauga,AL,1103100
1003,Baldwin,AL,5830690
1005,Barbour,AL,1101166
1007,Bibb,AL,453085
1009,Blount,AL,1678061
1011,Bullock,AL,679822
1013,Butler,AL,576347
1015,Calhoun,AL,913352
1017,Chambers,AL,756213
1019,Cherokee,AL,2835114
1021,Chilton,AL,652308
1023,Choctaw,AL,185997
1025,Clarke,AL,405813
1027,Clay,AL,522752
1029,Cleburne,AL,382548
1031,Coffee,AL,2090271
1033,Colbert,AL,3479232
1035,Conecuh,AL,1096829
1037,Coosa,AL,145160
1039,Covington,AL,2238210
1041,Crenshaw,AL,724205
1043,Cullman,AL,2151803
1045,Dale,AL,1692276
1047,Dallas,AL,2217743
1049,DeKalb,AL,3567213
1051,Elmore,AL,1301747
1053,Escambia,AL,2415815
1055,Etowah,AL,1112925
1057,Fayette,AL,985220
1059,Franklin,AL,943983
1061,Geneva,AL,2795407
1063,Greene,AL,223138
1065,Hale,AL,767526
1067,Henry,AL,2194640
1069,Houston,AL,4325397
1071,Jackson,AL,3442793
1073,Jefferson,AL,197982
1075,Lamar,AL,299069
1077,Lauderdale,AL,3812591
1079,Lawrence,AL,4787628
1081,Lee,AL,2172399
1083,Limestone,AL,5538650
1085,Lowndes,AL,1140565
1087,Macon,AL,1347400
1089,Madison,AL,4906641
1091,Marengo,AL,760216
1093,Marion,AL,495317
1095,Marshall,AL,1614747
1097,Mobile,AL,3757688
1099,Monroe,AL,2020077
1101,Montgomery,AL,1121245
1103,Morgan,AL,1776138
1105,Perry,AL,943948
1107,Pickens,AL,874282
1109,Pike,AL,1321126
1111,Randolph,AL,940890
1113,Russell,AL,1110282
1115,St. Clair,AL,649775
1117,Shelby,AL,630663
1119,Sumter,AL,524717
1121,Talladega,AL,977223
1123,Tallapoosa,AL,449754
1125,Tuscaloosa,AL,509321
1127,Walker,AL,461487
1129,Washington,AL,1093224
1131,Wilcox,AL,549695
1133,Winston,AL,435810
4001,Apache,AZ,366711
4003,Cochise,AZ,8007221
4005,Coconino,AZ,75866
4007,Gila,AZ,22770
4009,Graham,AZ,3004335
4011,Greenlee,AZ,214120
4013,Maricopa,AZ,14763763
4015,Mohave,AZ,1229958
4017,Navajo,AZ,288916
4019,Pima,AZ,3305510
4021,Pinal,AZ,16498685
4023,Santa Cruz,AZ,233533
4025,Yavapai,AZ,486019
4027,Yuma,AZ,28775794
5001,Arkansas,AR,16903076
5003,Ashley,AR,3877088
5005,Baxter,AR,415784
5007,Benton,AR,1967651
5009,Boone,AR,1829737
5011,Bradley,AR,267758
5013,Calhoun,AR,102271
5015,Carroll,AR,1255514
5017,Chicot,AR,6735331
5019,Clark,AR,458735
5021,Clay,AR,11311801
5023,Cleburne,AR,639599
5025,Cleveland,AR,117596
5027,Columbia,AR,264753
5029,Conway,AR,1337957
5031,Craighead,AR,12372127
5033,Crawford,AR,843337
5035,Crittenden,AR,6953029
5037,Cross,AR,9758651
5039,Dallas,AR,46494
5041,Desha,AR,9636016
5043,Drew,AR,1968801
5045,Faulkner,AR,844399
5047,Franklin,AR,886638
5049,Fulton,AR,1157908
5051,Garland,AR,107641
5053,Grant,AR,114625
5055,Greene,AR,9048735
5057,Hempstead,AR,791140
5059,Hot Spring,AR,167174
5061,Howard,AR,525445
5063,Independence,AR,2305433
5065,Izard,AR,823133
5067,Jackson,AR,8282264
5069,Jefferson,AR,8450859
5071,Johnson,AR,551740
5073,Lafayette,AR,1950178
5075,Lawrence,AR,9128537
5077,Lee,AR,9276757
5079,Lincoln,AR,5241381
5081,Little River,AR,1374460
5083,Logan,AR,956973
5085,Lonoke,AR,10496424
5087,Madison,AR,1546327
5089,Marion,AR,744351
5091,Miller,AR,1329856
5093,Mississippi,AR,14376705
5095,Monroe,AR,7411142
5097,Montgomery,AR,256690
5099,Nevada,AR,266123
5101,Newton,AR,455521
5103,Ouachita,AR,106705
5105,Perry,AR,484884
5107,Phillips,AR,11119229
5109,Pike,AR,429010
5111,Poinsett,AR,11396081
5113,Polk,AR,668342
5115,Pope,AR,796979
5117,Prairie,AR,8622374
5119,Pulaski,AR,878848
5121,Randolph,AR,4024222
5123,St. Francis,AR,7241911
5125,Saline,AR,189515
5127,Scott,AR,181137
5129,Searcy,AR,621843
5131,Sebastian,AR,302868
5133,Sevier,AR,670970
5135,Sharp,AR,679021
5137,Stone,AR,594877
5139,Union,AR,280455
5141,Van Buren,AR,646647
5143,Washington,AR,1719121
5145,White,AR,2744626
5147,Woodruff,AR,7071930
5149,Yell,AR,641346
6001,Alameda,CA,884711
6003,Alpine,CA,33585
6005,Amador,CA,325515
6007,Butte,CA,14024241
6009,Calaveras,CA,294422
6011,Colusa,CA,15976281
6013,Contra Costa,CA,1378000
6015,Del Norte,CA,236626
6017,El Dorado,CA,341363
6019,Fresno,CA,59809492
6021,Glenn,CA,16174185
6023,Humboldt,CA,499500
6025,Imperial,CA,41463241
6027,Inyo,CA,62508
6029,Kern,CA,54498131
6031,Kings,CA,24223022
6033,Lake,CA,868506
6035,Lassen,CA,1490474
6037,Los Angeles,CA,2931901
6039,Madera,CA,18278614
6041,Marin,CA,277616
6043,Mariposa,CA,89948
6045,Mendocino,CA,1564056
6047,Merced,CA,39615200
6049,Modoc,CA,4131939
6051,Mono,CA,308863
6053,Monterey,CA,45431531
6055,Napa,CA,6015990
6057,Nevada,CA,179284
6059,Orange,CA,1492369
6061,Placer,CA,1065022
6063,Plumas,CA,155792
6065,Riverside,CA,15024880
6067,Sacramento,CA,7712900
6069,San Benito,CA,3214155
6071,San Bernardino,CA,1817033
6073,San Diego,CA,11323861
6075,San Francisco,CA,41258
6077,San Joaquin,CA,34420236
6079,San Luis Obispo,CA,10760542
6081,San Mateo,CA,803624
6083,Santa Barbara,CA,18473884
6085,Santa Clara,CA,7858547
6087,Santa Cruz,CA,7733562
6089,Shasta,CA,1424589
6091,Sierra,CA,60534
6093,Siskiyou,CA,4778253
6095,Solano,CA,6892805
6097,Sonoma,CA,6577169
6099,Stanislaus,CA,37170414
6101,Sutter,CA,13230690
6103,Tehama,CA,4660645
6105,Trinity,CA,93851
6107,Tulare,CA,42899440
6109,Tuolumne,CA,287617
6111,Ventura,CA,21079581
6113,Yolo,CA,14351826
6115,Yuba,CA,3868997
8001,Adams,CO,6024842
8003,Alamosa,CO,4531664
8005,Arapahoe,CO,719577
8007,Archuleta,CO,122252
8009,Baca,CO,6024209
8011,Bent,CO,950967
8013,Boulder,CO,1095301
8015,Chaffee,CO,213108
8017,Cheyenne,CO,6363844
8019,Clear Creek,CO,5467
8021,Conejos,CO,1298494
8023,Costilla,CO,1070995
8025,Crowley,CO,407361
8027,Custer,CO,229197
8029,Delta,CO,1873234
8031,Denver,CO,50754
8033,Dolores,CO,455292
8035,Douglas,CO,346940
8037,Eagle,CO,151213
8039,Elbert,CO,985471
8041,El Paso,CO,446809
8043,Fremont,CO,203610
8045,Garfield,CO,630264
8047,Gilpin,CO,5361
8049,Grand,CO,203792
8051,Gunnison,CO,257712
8053,Hinsdale,CO,5698
8055,Huerfano,CO,113736
8057,Jackson,CO,331002
8059,Jefferson,CO,121470
8061,Kiowa,CO,3989602
8063,Kit Carson,CO,17603809
8065,Lake,CO,9397
8067,La Plata,CO,882952
8069,Larimer,CO,2086271
8071,Las Animas,CO,294714
8073,Lincoln,CO,4011278
8075,Logan,CO,9946285
8077,Mesa,CO,1880575
8079,Mineral,CO,2997
8081,Moffat,CO,705452
8083,Montezuma,CO,2168923
8085,Montrose,CO,1715410
8087,Morgan,CO,8164444
8089,Otero,CO,1705428
8091,Ouray,CO,83390
8093,Park,CO,27551
8095,Phillips,CO,11192600
8097,Pitkin,CO,24194
8099,Prowers,CO,5044896
8101,Pueblo,CO,771057
8103,Rio Blanco,CO,338862
8105,Rio Grande,CO,4589880
8107,Routt,CO,312496
8109,Saguache,CO,4990703
8111,San Juan,CO,4928
8113,San Miguel,CO,93951
8115,Sedgwick,CO,7065712
8117,Summit,CO,24578
8119,Teller,CO,17652
8121,Washington,CO,13143228
8123,Weld,CO,18497820
8125,Yuma,CO,21265667
9001,Fairfield,CT,204255
9003,Hartford,CT,1543141
9005,Litchfield,CT,712491
9007,Middlesex,CT,386441
9009,New Haven,CT,1230202
9011,New London,CT,1431629
9013,Tolland,CT,688529
9015,Windham,CT,574508
10001,Kent,DE,6840385
10003,New Castle,DE,1855176
10005,Sussex,DE,9269952
12001,Alachua,FL,2789666
12003,Baker,FL,155939
12005,Bay,FL,93797
12007,Bradford,FL,487458
12009,Brevard,FL,1753159
12011,Broward,FL,288251
12013,Calhoun,FL,1676000
12015,Charlotte,FL,2711316
12017,Citrus,FL,472085
12019,Clay,FL,127599
12021,Collier,FL,6289707
12023,Columbia,FL,1330587
12027,DeSoto,FL,7237265
12029,Dixie,FL,686060
12031,Duval,FL,203450
12033,Escambia,FL,1297824
12035,Flagler,FL,774100
12037,Franklin,FL,4079
12039,Gadsden,FL,1363588
12041,Gilchrist,FL,1903771
12043,Glades,FL,2967852
12045,Gulf,FL,24634
12047,Hamilton,FL,1794695
12049,Hardee,FL,6356886
12051,Hendry,FL,11835154
12053,Hernando,FL,618713
12055,Highlands,FL,6049861
12057,Hillsborough,FL,6827879
12059,Holmes,FL,1179989
12061,Indian River,FL,5745817
12063,Jackson,FL,6720248
12065,Jefferson,FL,836584
12067,Lafayette,FL,1879329
12069,Lake,FL,4342981
12071,Lee,FL,3274992
12073,Leon,FL,224988
12075,Levy,FL,2109904
12077,Liberty,FL,47662
12079,Madison,FL,1887411
12081,Manatee,FL,9207292
12083,Marion,FL,3039769
12085,Martin,FL,3092402
12086,Miami-Dade,FL,12605252
12087,Monroe,FL,10814
12089,Nassau,FL,193833
12091,Okaloosa,FL,645689
12093,Okeechobee,FL,3551948
12095,Orange,FL,5922407
12097,Osceola,FL,3888786
12099,Palm Beach,FL,27933236
12101,Pasco,FL,1443750
12103,Pinellas,FL,28995
12105,Polk,FL,9879988
12107,Putnam,FL,1313660
12109,St. Johns,FL,1796405
12111,St. Lucie,FL,6379244
12113,Santa Rosa,FL,2792511
12115,Sarasota,FL,526833
12117,Seminole,FL,361134
12119,Sumter,FL,1234904
12121,Suwannee,FL,3607669
12123,Taylor,FL,219310
12125,Union,FL,503801
12127,Volusia,FL,3216198
12129,Wakulla,FL,87402
12131,Walton,FL,684423
12133,Washington,FL,455103
13001,Appling,GA,3809626
13003,Atkinson,GA,2064616
13005,Bacon,GA,1678881
13007,Baker,GA,2104447
13009,Baldwin,GA,112240
13011,Banks,GA,377034
13013,Barrow,GA,244645
13015,Bartow,GA,544231
13017,Ben Hill,GA,986842
13019,Berrien,GA,3401957
13021,Bibb,GA,132352
13023,Bleckley,GA,868750
13025,Brantley,GA,239931
13027,Brooks,GA,5354087
13029,Bryan,GA,51116
13031,Bulloch,GA,5055327
13033,Burke,GA,4899400
13035,Butts,GA,276027
13037,Calhoun,GA,2833233
13039,Camden,GA,15215
13043,Candler,GA,1151629
13045,Carroll,GA,1136078
13047,Catoosa,GA,182402
13049,Charlton,GA,97115
13051,Chatham,GA,156918
13053,Chattahoochee,GA,5539
13055,Chattooga,GA,409273
13057,Cherokee,GA,264206
13059,Clarke,GA,103771
13061,Clay,GA,935395
13063,Clayton,GA,10819
13065,Clinch,GA,721271
13067,Cobb,GA,30830
13069,Coffee,GA,4535612
13071,Colquitt,GA,7698584
13073,Columbia,GA,109145
13075,Cook,GA,2450422
13077,Coweta,GA,352638
13079,Crawford,GA,300901
13081,Crisp,GA,2957949
13083,Dade,GA,107774
13085,Dawson,GA,101663
13087,Decatur,GA,7193780
13089,DeKalb,GA,11849
13091,Dodge,GA,1693300
13093,Dooly,GA,5431734
13095,Dougherty,GA,1016021
13097,Douglas,GA,59069
13099,Early,GA,3259347
13101,Echols,GA,1196325
13103,Effingham,GA,1227410
13105,Elbert,GA,378362
13107,Emanuel,GA,1831416
13109,Evans,GA,921277
13111,Fannin,GA,121289
13113,Fayette,GA,155912
13115,Floyd,GA,483449
13117,Forsyth,GA,171717
13119,Franklin,GA,652169
13121,Fulton,GA,119545
13123,Gilmer,GA,179353
13125,Glascock,GA,175642
13127,Glynn,GA,16396
13129,Gordon,GA,667633
13131,Grady,GA,3199139
13133,Greene,GA,327085
13135,Gwinnett,GA,155598
13137,Habersham,GA,220155
13139,Hall,GA,387926
13141,Hancock,GA,139156
13143,Haralson,GA,362457
13145,Harris,GA,339078
13147,Hart,GA,650454
13149,Heard,GA,296305
13151,Henry,GA,171945
13153,Houston,GA,574854
13155,Irwin,GA,3026161
13157,Jackson,GA,619762
13159,Jasper,GA,206287
13161,Jeff Davis,GA,1817376
13163,Jefferson,GA,2958730
13165,Jenkins,GA,1056034
13167,Johnson,GA,1006831
13169,Jones,GA,134751
13171,Lamar,GA,342587
13173,Lanier,GA,1510860
13175,Laurens,GA,1842128
13177,Lee,GA,1919522
13179,Liberty,GA,28901
13181,Lincoln,GA,114753
13183,Long,GA,119161
13185,Lowndes,GA,1266799
13187,Lumpkin,GA,331237
13189,McDuffie,GA,595198
13191,McIntosh,GA,37882
13193,Macon,GA,2813200
13195,Madison,GA,556247
13197,Marion,GA,394694
13199,Meriwether,GA,543985
13201,Miller,GA,2288712
13205,Mitchell,GA,7208504
13207,Monroe,GA,236138
13209,Montgomery,GA,869193
13211,Morgan,GA,973553
13213,Murray,GA,286640
13215,Muscogee,GA,39024
13217,Newton,GA,369560
13219,Oconee,GA,427422
13221,Oglethorpe,GA,392574
13223,Paulding,GA,179263
13225,Peach,GA,1339909
13227,Pickens,GA,158251
13229,Pierce,GA,2135707
13231,Pike,GA,219146
13233,Polk,GA,719203
13235,Pulaski,GA,1049075
13237,Putnam,GA,608564
13239,Quitman,GA,98002
13241,Rabun,GA,149801
13243,Randolph,GA,2154248
13245,Richmond,GA,76772
13247,Rockdale,GA,35485
13249,Schley,GA,172621
13251,Screven,GA,3627983
13253,Seminole,GA,3333771
13255,Spalding,GA,178878
13257,Stephens,GA,152096
13259,Stewart,GA,149120
13261,Sumter,GA,3823620
13263,Talbot,GA,78955
13265,Taliaferro,GA,150643
13267,Tattnall,GA,2628474
13269,Taylor,GA,415844
13271,Telfair,GA,455397
13273,Terrell,GA,3277222
13275,Thomas,GA,3682895
13277,Tift,GA,5021598
13279,Toombs,GA,2106875
13281,Towns,GA,95694
13283,Treutlen,GA,287999
13285,Troup,GA,240277
13287,Turner,GA,2361888
13289,Twiggs,GA,489592
13291,Union,GA,234705
13293,Upson,GA,233599
13295,Walker,GA,652670
13297,Walton,GA,418038
13299,Ware,GA,1047048
13301,Warren,GA,259075
13303,Washington,GA,1192784
13305,Wayne,GA,823258
13307,Webster,GA,1212206
13309,Wheeler,GA,246963
13311,White,GA,154665
13313,Whitfield,GA,274213
13315,Wilcox,GA,2083547
13317,Wilkes,GA,395801
13319,Wilkinson,GA,202981
13321,Worth,GA,6238946
16001,Ada,ID,2704303
16003,Adams,ID,196932
16005,Bannock,ID,1614611
16007,Bear Lake,ID,1311040
16009,Benewah,ID,2292885
16011,Bingham,ID,20624460
16013,Blaine,ID,912293
16015,Boise,ID,39785
16017,Bonner,ID,387654
16019,Bonneville,ID,8517352
16021,Boundary,ID,998324
16023,Butte,ID,1841984
16025,Camas,ID,900647
16027,Canyon,ID,14856366
16029,Caribou,ID,5416645
16031,Cassia,ID,17004048
16033,Clark,ID,1389866
16035,Clearwater,ID,402336
16037,Custer,ID,1374324
16039,Elmore,ID,8352265
16041,Franklin,ID,1953065
16043,Fremont,ID,11085940
16045,Gem,ID,1281014
16047,Gooding,ID,7041193
16049,Idaho,ID,3718811
16051,Jefferson,ID,12389276
16053,Jerome,ID,7398114
16055,Kootenai,ID,882006
16057,Latah,ID,6367647
16059,Lemhi,ID,789755
16061,Lewis,ID,3482560
16063,Lincoln,ID,4079032
16065,Madison,ID,11510258
16067,Minidoka,ID,14830388
16069,Nez Perce,ID,6609585
16071,Oneida,ID,1387957
16073,Owyhee,ID,6946715
16075,Payette,ID,2991047
16077,Power,ID,15658875
16079,Shoshone,ID,11129
16081,Teton,ID,2689641
16083,Twin Falls,ID,14619793
16085,Valley,ID,68045
16087,Washington,ID,1653964
17001,Adams,IL,15286148
17003,Alexander,IL,1281988
17005,Bond,IL,6224597
17007,Boone,IL,4142387
17009,Brown,IL,3657051
17011,Bureau,IL,20033628
17013,Calhoun,IL,2318180
17015,Carroll,IL,11072282
17017,Cass,IL,7303291
17019,Champaign,IL,23307836
17021,Christian,IL,16834164
17023,Clark,IL,8720943
17025,Clay,IL,8584288
17027,Clinton,IL,9267050
17029,Coles,IL,8470543
17031,Cook,IL,370629
17033,Crawford,IL,7422891
17035,Cumberland,IL,5896306
17037,De Kalb,IL,16193384
17039,De Witt,IL,7868755
17041,Douglas,IL,9754724
17043,Du Page,IL,111013
17045,Edgar,IL,12246391
17047,Edwards,IL,3453831
17049,Effingham,IL,9596285
17051,Fayette,IL,11347913
17053,Ford,IL,10621150
17055,Franklin,IL,4550136
17057,Fulton,IL,12346396
17059,Gallatin,IL,7192084
17061,Greene,IL,9956752
17063,Grundy,IL,8893672
17065,Hamilton,IL,6323677
17067,Hancock,IL,16342447
17069,Hardin,IL,377838
17071,Henderson,IL,7470407
17073,Henry,IL,19108760
17075,Iroquois,IL,24804438
17077,Jackson,IL,4862286
17079,Jasper,IL,8792604
17081,Jefferson,IL,7104845
17083,Jersey,IL,7071824
17085,Jo Daviess,IL,8389286
17087,Johnson,IL,1388550
17089,Kane,IL,7135648
17091,Kankakee,IL,13932926
17093,Kendall,IL,6494275
17095,Knox,IL,16707147
17097,Lake,IL,738942
17099,La Salle,IL,21667058
17101,Lawrence,IL,9143204
17103,Lee,IL,19550707
17105,Livingston,IL,22449502
17107,Logan,IL,15269391
17109,McDonough,IL,11389909
17111,McHenry,IL,6811131
17113,McLean,IL,24558673
17115,Macon,IL,11141046
17117,Macoupin,IL,16339971
17119,Madison,IL,11413538
17121,Marion,IL,7003392
17123,Marshall,IL,8100404
17125,Mason,IL,14287844
17127,Massac,IL,2660451
17129,Menard,IL,6392578
17131,Mercer,IL,10632736
17133,Monroe,IL,5561221
17135,Montgomery,IL,17351797
17137,Morgan,IL,10755556
17139,Moultrie,IL,8690606
17141,Ogle,IL,16435854
17143,Peoria,IL,9116346
17145,Perry,IL,5920378
17147,Piatt,IL,10714063
17149,Pike,IL,14195750
17151,Pope,IL,645423
17153,Pulaski,IL,3131899
17155,Putnam,IL,4014627
17157,Randolph,IL,6759365
17159,Richland,IL,6078589
17161,Rock Island,IL,5897103
17163,St. Clair,IL,7977155
17165,Saline,IL,4727067
17167,Sangamon,IL,21307862
17169,Schuyler,IL,6089946
17171,Scott,IL,5572091
17173,Shelby,IL,12437122
17175,Stark,IL,7870507
17177,Stephenson,IL,12151980
17179,Tazewell,IL,13208262
17181,Union,IL,2656412
17183,Vermilion,IL,18240480
17185,Wabash,IL,4425279
17187,Warren,IL,13437071
17189,Washington,IL,13730902
17191,Wayne,IL,10920542
17193,White,IL,9290237
17195,Whiteside,IL,17499954
17197,Will,IL,7525302
17199,Williamson,IL,2007011
17201,Winnebago,IL,5953782
17203,Woodford,IL,10633256
18001,Adams,IN,6312135
18003,Allen,IN,8367678
18005,Bartholomew,IN,5893291
18007,Benton,IN,10686385
18009,Blackford,IN,3175903
18011,Boone,IN,9324708
18013,Brown,IN,138519
18015,Carroll,IN,9473735
18017,Cass,IN,7899680
18019,Clark,IN,2539211
18021,Clay,IN,6398230
18023,Clinton,IN,9816922
18025,Crawford,IN,334226
18027,Daviess,IN,9805031
18029,Dearborn,IN,652653
18031,Decatur,IN,7540980
18033,DeKalb,IN,4415046
18035,Delaware,IN,6768590
18037,Dubois,IN,6110700
18039,Elkhart,IN,5592136
18041,Fayette,IN,2959253
18043,Floyd,IN,401569
18045,Fountain,IN,7233839
18047,Franklin,IN,3368024
18049,Fulton,IN,9166359
18051,Gibson,IN,9500267
18053,Grant,IN,6273585
18055,Greene,IN,5236133
18057,Hamilton,IN,4753670
18059,Hancock,IN,6097739
18061,Harrison,IN,3477161
18063,Hendricks,IN,5135375
18065,Henry,IN,6255115
18067,Howard,IN,5247680
18069,Huntington,IN,6458618
18071,Jackson,IN,6263158
18073,Jasper,IN,11279652
18075,Jay,IN,6244749
18077,Jefferson,IN,2103933
18079,Jennings,IN,3579778
18081,Johnson,IN,5305782
18083,Knox,IN,14540319
18085,Kosciusko,IN,9087793
18087,LaGrange,IN,6307800
18089,Lake,IN,3765959
18091,LaPorte,IN,9796736
18093,Lawrence,IN,2395980
18095,Madison,IN,7738450
18097,Marion,IN,684752
18099,Marshall,IN,7268834
18101,Martin,IN,1826159
18103,Miami,IN,6330178
18105,Monroe,IN,587717
18107,Montgomery,IN,10609403
18109,Morgan,IN,4122197
18111,Newton,IN,7239470
18113,Noble,IN,6438887
18115,Ohio,IN,388909
18117,Orange,IN,3065854
18119,Owen,IN,2622281
18121,Parke,IN,6189417
18123,Perry,IN,1488425
18125,Pike,IN,2672764
18127,Porter,IN,4716103
18129,Posey,IN,8040755
18131,Pulaski,IN,10415382
18133,Putnam,IN,6066226
18135,Randolph,IN,9316023
18137,Ripley,IN,5068752
18139,Rush,IN,8892353
18141,St. Joseph,IN,5328267
18143,Scott,IN,2336727
18145,Shelby,IN,7997252
18147,Spencer,IN,5456864
18149,Starke,IN,5435076
18151,Steuben,IN,3653547
18153,Sullivan,IN,6436823
18155,Switzerland,IN,879408
18157,Tippecanoe,IN,8521081
18159,Tipton,IN,6705037
18161,Union,IN,3131666
18163,Vanderburgh,IN,2813764
18165,Vermillion,IN,4008988
18167,Vigo,IN,3686533
18169,Wabash,IN,7081772
18171,Warren,IN,6692032
18173,Warrick,IN,3696181
18175,Washington,IN,5612603
18177,Wayne,IN,5118849
18179,Wells,IN,9150064
18181,White,IN,12490224
18183,Whitley,IN,5598477
19001,Adair,IA,9050257
19003,Adams,IA,5350421
19005,Allamakee,IA,7106675
19007,Appanoose,IA,2710922
19009,Audubon,IA,9256986
19011,Benton,IA,16429275
19013,Black Hawk,IA,12867904
19015,Boone,IA,13454190
19017,Bremer,IA,12034627
19019,Buchanan,IA,15218974
19021,Buena Vista,IA,14438146
19023,Butler,IA,14843951
19025,Calhoun,IA,14923089
19027,Carroll,IA,15129058
19029,Cass,IA,8113516
19031,Cedar,IA,13471285
19033,Cerro Gordo,IA,14075815
19035,Cherokee,IA,11752690
19037,Chickasaw,IA,13796219
19039,Clarke,IA,2242308
19041,Clay,IA,13204735
19043,Clayton,IA,13328390
19045,Clinton,IA,17553844
19047,Crawford,IA,17517314
19049,Dallas,IA,11360117
19051,Davis,IA,3612088
19053,Decatur,IA,3589633
19055,Delaware,IA,18159589
19057,Des Moines,IA,6514669
19059,Dickinson,IA,7524526
19061,Dubuque,IA,12423532
19063,Emmet,IA,10265679
19065,Fayette,IA,14232237
19067,Floyd,IA,12765630
19069,Franklin,IA,15846297
19071,Fremont,IA,9114894
19073,Greene,IA,14441987
19075,Grundy,IA,14001444
19077,Guthrie,IA,8825366
19079,Hamilton,IA,14020189
19081,Hancock,IA,17150392
19083,Hardin,IA,15152556
19085,Harrison,IA,14631819
19087,Henry,IA,7696647
19089,Howard,IA,12290522
19091,Humboldt,IA,10039776
19093,Ida,IA,10879080
19095,Iowa,IA,10396058
19097,Jackson,IA,9780683
19099,Jasper,IA,13644034
19101,Jefferson,IA,5772418
19103,Johnson,IA,10190497
19105,Jones,IA,13968458
19107,Keokuk,IA,9078931
19109,Kossuth,IA,25609850
19111,Lee,IA,6059402
19113,Linn,IA,12111126
19115,Louisa,IA,6458584
19117,Lucas,IA,2228569
19119,Lyon,IA,14915756
19121,Madison,IA,5799821
19123,Mahaska,IA,9164064
19125,Marion,IA,5999791
19127,Marshall,IA,12266092
19129,Mills,IA,6632125
19131,Mitchell,IA,13978770
19133,Monona,IA,12883588
19135,Monroe,IA,2667904
19137,Montgomery,IA,7762693
19139,Muscatine,IA,8118371
19141,O'Brien,IA,13693273
19143,Osceola,IA,10838728
19145,Page,IA,10129357
19147,Palo Alto,IA,15207054
19149,Plymouth,IA,18954529
19151,Pocahontas,IA,14405875
19153,Polk,IA,7161028
19155,Pottawattamie,IA,19094856
19157,Poweshiek,IA,12526137
19159,Ringgold,IA,4569094
19161,Sac,IA,13801362
19163,Scott,IA,9585679
19165,Shelby,IA,15912009
19167,Sioux,IA,20235463
19169,Story,IA,13547265
19171,Tama,IA,15365466
19173,Taylor,IA,6116205
19175,Union,IA,5765815
19177,Van Buren,IA,4035247
19179,Wapello,IA,5312476
19181,Warren,IA,4996027
19183,Washington,IA,10374983
19185,Wayne,IA,5961046
19187,Webster,IA,17182332
19189,Winnebago,IA,11322559
19191,Winneshiek,IA,15419200
19193,Woodbury,IA,18325894
19195,Worth,IA,9924172
19197,Wright,IA,15414052
20001,Allen,KS,3273217
20003,Anderson,KS,7158053
20005,Atchison,KS,6496577
20007,Barber,KS,5875613
20009,Barton,KS,10852160
20011,Bourbon,KS,3621150
20013,Brown,KS,9825027
20015,Butler,KS,8951058
20017,Chase,KS,1474159
20019,Chautauqua,KS,814185
20021,Cherokee,KS,8837513
20023,Cheyenne,KS,7156398
20025,Clark,KS,2017460
20027,Clay,KS,8086429
20029,Cloud,KS,6474199
20031,Coffey,KS,4464344
20033,Comanche,KS,2910768
20035,Cowley,KS,5878947
20037,Crawford,KS,6532195
20039,Decatur,KS,6826616
20041,Dickinson,KS,10456772
20043,Doniphan,KS,6462458
20045,Douglas,KS,3959505
20047,Edwards,KS,8141960
20049,Elk,KS,1267364
20051,Ellis,KS,3789968
20053,Ellsworth,KS,3688390
20055,Finney,KS,16709702
20057,Ford,KS,10697014
20059,Franklin,KS,5789713
20061,Geary,KS,1617739
20063,Gove,KS,8900204
20065,Graham,KS,6403033
20067,Grant,KS,7907145
20069,Gray,KS,11182119
20071,Greeley,KS,7124131
20073,Greenwood,KS,1845213
20075,Hamilton,KS,3644525
20077,Harper,KS,7106400
20079,Harvey,KS,10357236
20081,Haskell,KS,9960414
20083,Hodgeman,KS,5865817
20085,Jackson,KS,5324764
20087,Jefferson,KS,4369488
20089,Jewell,KS,10038131
20091,Johnson,KS,1340362
20093,Kearny,KS,7389379
20095,Kingman,KS,9361905
20097,Kiowa,KS,7039659
20099,Labette,KS,9149063
20101,Lane,KS,4390850
20103,Leavenworth,KS,3214721
20105,Lincoln,KS,4703231
20107,Linn,KS,3159758
20109,Logan,KS,7048408
20111,Lyon,KS,4575353
20113,McPherson,KS,14128762
20115,Marion,KS,10204170
20117,Marshall,KS,10959330
20119,Meade,KS,9583289
20121,Miami,KS,5449339
20123,Mitchell,KS,10156667
20125,Montgomery,KS,6486204
20127,Morris,KS,3866827
20129,Morton,KS,4486651
20131,Nemaha,KS,10853240
20133,Neosho,KS,6626634
20135,Ness,KS,5484247
20137,Norton,KS,9213468
20139,Osage,KS,5175821
20141,Osborne,KS,5499350
20143,Ottawa,KS,7401301
20145,Pawnee,KS,8849983
20147,Phillips,KS,7074837
20149,Pottawatomie,KS,4350204
20151,Pratt,KS,12614961
20153,Rawlins,KS,9716291
20155,Reno,KS,15327729
20157,Republic,KS,9989805
20159,Rice,KS,10379004
20161,Riley,KS,2286007
20163,Rooks,KS,7072850
20165,Rush,KS,5374429
20167,Russell,KS,4748760
20169,Saline,KS,6027828
20171,Scott,KS,10272095
20173,Sedgwick,KS,11626808
20175,Seward,KS,7303089
20177,Shawnee,KS,3176182
20179,Sheridan,KS,12086267
20181,Sherman,KS,13793227
20183,Smith,KS,10446662
20185,Stafford,KS,11178466
20187,Stanton,KS,7536076
20189,Stevens,KS,11731924
20191,Sumner,KS,16871855
20193,Thomas,KS,16858889
20195,Trego,KS,4831919
20197,Wabaunsee,KS,2981930
20199,Wallace,KS,6297500
20201,Washington,KS,10002454
20203,Wichita,KS,7361481
20205,Wilson,KS,5286606
20207,Woodson,KS,2950311
20209,Wyandotte,KS,263775
21001,Adair,KY,2250560
21003,Allen,KY,2184699
21005,Anderson,KY,361747
21007,Ballard,KY,3117231
21009,Barren,KY,5315497
21011,Bath,KY,700218
21013,Bell,KY,32771
21015,Boone,KY,537410
21017,Bourbon,KY,1944372
21019,Boyd,KY,58044
21021,Boyle,KY,682896
21023,Bracken,KY,455220
21025,Breathitt,KY,31528
21027,Breckinridge,KY,4311462
21029,Bullitt,KY,408639
21031,Butler,KY,2658609
21033,Caldwell,KY,3065657
21035,Calloway,KY,3705781
21037,Campbell,KY,192079
21039,Carlisle,KY,2940712
21041,Carroll,KY,251471
21043,Carter,KY,336777
21045,Casey,KY,1927365
21047,Christian,KY,11248841
21049,Clark,KY,1046994
21051,Clay,KY,210296
21053,Clinton,KY,687551
21055,Crittenden,KY,2490145
21057,Cumberland,KY,421999
21059,Daviess,KY,7990127
21061,Edmonson,KY,964462
21063,Elliott,KY,212193
21065,Estill,KY,192702
21067,Fayette,KY,1115437
21069,Fleming,KY,1997588
21071,Floyd,KY,29630
21073,Franklin,KY,463892
21075,Fulton,KY,2988762
21077,Gallatin,KY,443281
21079,Garrard,KY,973278
21081,Grant,KY,426536
21083,Graves,KY,6932935
21085,Grayson,KY,2753991
21087,Green,KY,2770662
21089,Greenup,KY,259657
21091,Hancock,KY,792637
21093,Hardin,KY,3382216
21095,Harlan,KY,3810
21097,Harrison,KY,1376287
21099,Hart,KY,1897382
21101,Henderson,KY,5061202
21103,Henry,KY,1342240
21105,Hickman,KY,4156635
21107,Hopkins,KY,2230006
21109,Jackson,KY,324854
21111,Jefferson,KY,178735
21113,Jessamine,KY,412053
21115,Johnson,KY,33331
21117,Kenton,KY,187215
21119,Knott,KY,8092
21121,Knox,KY,172367
21123,Larue,KY,2803235
21125,Laurel,KY,781360
21127,Lawrence,KY,68621
21129,Lee,KY,78116
21131,Leslie,KY,3298
21133,Letcher,KY,10219
21135,Lewis,KY,899325
21137,Lincoln,KY,2276471
21139,Livingston,KY,1390219
21141,Logan,KY,7373813
21143,Lyon,KY,500427
21145,McCracken,KY,1716661
21147,McCreary,KY,107010
21149,McLean,KY,4161822
21151,Madison,KY,976758
21153,Magoffin,KY,83889
21155,Marion,KY,2637724
21157,Marshall,KY,1629912
21159,Martin,KY,10205
21161,Mason,KY,1422974
21163,Meade,KY,3088360
21165,Menifee,KY,108487
21167,Mercer,KY,1334396
21169,Metcalfe,KY,2300496
21171,Monroe,KY,2446615
21173,Montgomery,KY,474027
21175,Morgan,KY,297959
21177,Muhlenberg,KY,2189971
21179,Nelson,KY,3399528
21181,Nicholas,KY,808422
21183,Ohio,KY,2662463
21185,Oldham,KY,591632
21187,Owen,KY,1092373
21189,Owsley,KY,77825
21191,Pendleton,KY,464683
21193,Perry,KY,21634
21195,Pike,KY,22799
21197,Powell,KY,164515
21199,Pulaski,KY,3314512
21201,Robertson,KY,218203
21203,Rockcastle,KY,488520
21205,Rowan,KY,183826
21207,Russell,KY,1443916
21209,Scott,KY,1022494
21211,Shelby,KY,3368465
21213,Simpson,KY,3765062
21215,Spencer,KY,959181
21217,Taylor,KY,2183995
21219,Todd,KY,6366008
21221,Trigg,KY,2904696
21223,Trimble,KY,873284
21225,Union,KY,7159184
21227,Warren,KY,4849717
21229,Washington,KY,1420709
21231,Wayne,KY,998626
21233,Webster,KY,3983646
21235,Whitley,KY,260314
21237,Wolfe,KY,89699
21239,Woodford,KY,957466
22001,Acadia,LA,7960272
22003,Allen,LA,1938302
22005,Ascension,LA,867776
22007,Assumption,LA,3307840
22009,Avoyelles,LA,6239941
22011,Beauregard,LA,1383259
22013,Bienville,LA,135779
22015,Bossier,LA,808879
22017,Caddo,LA,2550638
22019,Calcasieu,LA,1935298
22021,Caldwell,LA,483610
22023,Cameron,LA,887689
22025,Catahoula,LA,5070365
22027,Claiborne,LA,242638
22029,Concordia,LA,5429146
22031,De Soto,LA,922843
22033,East Baton Rouge,LA,475982
22035,East Carroll,LA,5574074
22037,East Feliciana,LA,1069411
22039,Evangeline,LA,4809980
22041,Franklin,LA,7687758
22043,Grant,LA,611449
22045,Iberia,LA,5125315
22047,Iberville,LA,2198261
22049,Jackson,LA,112345
22051,Jefferson,LA,17255
22053,Jefferson Davis,LA,7321710
22055,Lafayette,LA,843298
22057,Lafourche,LA,1641276
22059,La Salle,LA,136947
22061,Lincoln,LA,429139
22063,Livingston,LA,220093
22065,Madison,LA,5983924
22067,Morehouse,LA,7899744
22069,Natchitoches,LA,1878777
22071,Orleans,LA,7014
22073,Ouachita,LA,1584624
22075,Plaquemines,LA,192957
22077,Pointe Coupee,LA,4109648
22079,Rapides,LA,6630634
22081,Red River,LA,652105
22083,Richland,LA,4636006
22085,Sabine,LA,320565
22087,St. Bernard,LA,40532
22089,St. Charles,LA,66926
22091,St. Helena,LA,410533
22093,St. James,LA,1805229
22095,St. John the Baptist,LA,606420
22097,St. Landry,LA,5477240
22099,St. Martin,LA,2684584
22101,St. Mary,LA,3779709
22103,St. Tammany,LA,336006
22105,Tangipahoa,LA,1677841
22107,Tensas,LA,6349173
22109,Terrebonne,LA,1164856
22111,Union,LA,500123
22113,Vermilion,LA,6714000
22115,Vernon,LA,218319
22117,Washington,LA,1828066
22119,Webster,LA,375574
22121,West Baton Rouge,LA,1062348
22123,West Carroll,LA,3533259
22125,West Feliciana,LA,571750
22127,Winn,LA,108494
23001,Androscoggin,ME,346835
23003,Aroostook,ME,9495714
23005,Cumberland,ME,405478
23007,Franklin,ME,130377
23009,Hancock,ME,337458
23011,Kennebec,ME,691673
23013,Knox,ME,122503
23015,Lincoln,ME,135879
23017,Oxford,ME,804902
23019,Penobscot,ME,1144880
23021,Piscataquis,ME,213235
23023,Sagadahoc,ME,100367
23025,Somerset,ME,1121762
23027,Waldo,ME,372258
23029,Washington,ME,486289
23031,York,ME,510988
24001,Allegany,MD,200853
24003,Anne Arundel,MD,393931
24005,Baltimore,MD,2149166
24009,Calvert,MD,418643
24011,Caroline,MD,5063587
24013,Carroll,MD,3457377
24015,Cecil,MD,2351683
24017,Charles,MD,802141
24019,Dorchester,MD,3428793
24021,Frederick,MD,4651187
24023,Garrett,MD,832547
24025,Harford,MD,1574231
24027,Howard,MD,493073
24029,Kent,MD,4723139
24031,Montgomery,MD,1755340
24033,Prince George's,MD,637482
24035,Queen Anne's,MD,5916767
24037,St. Mary's,MD,1418786
24039,Somerset,MD,1277469
24041,Talbot,MD,3172619
24043,Washington,MD,2070169
24045,Wicomico,MD,2639296
24047,Worcester,MD,2394632
25001,Barnstable,MA,145027
25003,Berkshire,MA,369226
25005,Bristol,MA,829950
25007,Dukes,MA,47700
25009,Essex,MA,381102
25011,Franklin,MA,1023210
25013,Hampden,MA,545212
25015,Hampshire,MA,1013384
25017,Middlesex,MA,1327991
25019,Nantucket,MA,48474
25021,Norfolk,MA,143794
25023,Plymouth,MA,1316612
25025,Suffolk,MA,41169
25027,Worcester,MA,776082
26001,Alcona,MI,224887
26003,Alger,MI,81890
26005,Allegan,MI,7085762
26007,Alpena,MI,737333
26009,Antrim,MI,916696
26011,Arenac,MI,2077123
26013,Baraga,MI,77996
26015,Barry,MI,3139220
26017,Bay,MI,6948753
26019,Benzie,MI,168308
26021,Berrien,MI,5005100
26023,Branch,MI,7848548
26025,Calhoun,MI,5573698
26027,Cass,MI,6712194
26029,Charlevoix,MI,300079
26031,Cheboygan,MI,218354
26033,Chippewa,MI,156211
26035,Clare,MI,337612
26037,Clinton,MI,6419312
26039,Crawford,MI,6986
26041,Delta,MI,391454
26043,Dickinson,MI,114874
26045,Eaton,MI,5761957
26047,Emmet,MI,155630
26049,Genesee,MI,3078404
26051,Gladwin,MI,818575
26053,Gogebic,MI,9250
26055,Grand Traverse,MI,864405
26057,Gratiot,MI,8928743
26059,Hillsdale,MI,6587567
26061,Houghton,MI,114189
26063,Huron,MI,17313733
26065,Ingham,MI,4847274
26067,Ionia,MI,6916901
26069,Iosco,MI,349060
26071,Iron,MI,152452
26073,Isabella,MI,4676764
26075,Jackson,MI,3754328
26077,Kalamazoo,MI,5280494
26079,Kalkaska,MI,314510
26081,Kent,MI,5108180
26083,Keweenaw,MI,3334
26085,Lake,MI,138799
26087,Lapeer,MI,3660605
26089,Leelanau,MI,926656
26091,Lenawee,MI,14647183
26093,Livingston,MI,1677579
26095,Luce,MI,40826
26097,Mackinac,MI,67154
26099,Macomb,MI,2538392
26101,Manistee,MI,274495
26103,Marquette,MI,156751
26105,Mason,MI,1792443
26107,Mecosta,MI,2017192
26109,Menominee,MI,709243
26111,Midland,MI,2005931
26113,Missaukee,MI,1914468
26115,Monroe,MI,7407812
26117,Montcalm,MI,7609011
26119,Montmorency,MI,261816
26121,Muskegon,MI,1429992
26123,Newaygo,MI,3013488
26125,Oakland,MI,560911
26127,Oceana,MI,3010247
26129,Ogemaw,MI,974224
26131,Ontonagon,MI,41986
26133,Osceola,MI,825583
26135,Oscoda,MI,107103
26137,Otsego,MI,225938
26139,Ottawa,MI,6259970
26141,Presque Isle,MI,751260
26143,Roscommon,MI,13597
26145,Saginaw,MI,12479053
26147,St. Clair,MI,4247689
26149,St. Joseph,MI,9968774
26151,Sanilac,MI,14482549
26153,Schoolcraft,MI,41347
26155,Shiawassee,MI,5024758
26157,Tuscola,MI,9373850
26159,Van Buren,MI,5951864
26161,Washtenaw,MI,5334070
26163,Wayne,MI,443605
26165,Wexford,MI,402995
27001,Aitkin,MN,414098
27003,Anoka,MN,943896
27005,Becker,MN,6839465
27007,Beltrami,MN,1258476
27009,Benton,MN,5203512
27011,Big Stone,MN,7929298
27013,Blue Earth,MN,13063893
27015,Brown,MN,12777817
27017,Carlton,MN,274443
27019,Carver,MN,5598317
27021,Cass,MN,633845
27023,Chippewa,MN,13579733
27025,Chisago,MN,2842041
27027,Clay,MN,17494689
27029,Clearwater,MN,1120481
27031,Cook,MN,1971
27033,Cottonwood,MN,13292695
27035,Crow Wing,MN,782917
27037,Dakota,MN,9459223
27039,Dodge,MN,11483239
27041,Douglas,MN,5944381
27043,Faribault,MN,16977289
27045,Fillmore,MN,13590885
27047,Freeborn,MN,16769479
27049,Goodhue,MN,14724239
27051,Grant,MN,11742007
27053,Hennepin,MN,1501873
27055,Houston,MN,3690450
27057,Hubbard,MN,1653484
27059,Isanti,MN,3901775
27061,Itasca,MN,283907
27063,Jackson,MN,14440922
27065,Kanabec,MN,1442341
27067,Kandiyohi,MN,15002498
27069,Kittson,MN,9790985
27071,Koochiching,MN,339324
27073,Lac qui Parle,MN,14620967
27075,Lake,MN,9655
27077,Lake of the Woods,MN,1401966
27079,Le Sueur,MN,7986781
27081,Lincoln,MN,8857882
27083,Lyon,MN,13502887
27085,McLeod,MN,10105929
27087,Mahnomen,MN,5380764
27089,Marshall,MN,23339001
27091,Martin,MN,18414535
27093,Meeker,MN,9507865
27095,Mille Lacs,MN,2262929
27097,Morrison,MN,6012390
27099,Mower,MN,18170502
27101,Murray,MN,14770488
27103,Nicollet,MN,10107726
27105,Nobles,MN,14547305
27107,Norman,MN,15983750
27109,Olmsted,MN,10306376
27111,Otter Tail,MN,18101442
27113,Pennington,MN,7683939
27115,Pine,MN,986884
27117,Pipestone,MN,8055765
27119,Polk,MN,25473017
27121,Pope,MN,10613071
27123,Ramsey,MN,24303
27125,Red Lake,MN,6269733
27127,Redwood,MN,18280128
27129,Renville,MN,21936518
27131,Rice,MN,7148978
27133,Rock,MN,10077430
27135,Roseau,MN,11940402
27137,St. Louis,MN,270466
27139,Scott,MN,2835005
27141,Sherburne,MN,3709245
27143,Sibley,MN,13246021
27145,Stearns,MN,16716691
27147,Steele,MN,10487166
27149,Stevens,MN,11410483
27151,Swift,MN,12594493
27153,Todd,MN,4612646
27155,Traverse,MN,13008531
27157,Wabasha,MN,7048503
27159,Wadena,MN,2245047
27161,Waseca,MN,9037880
27163,Washington,MN,2219289
27165,Watonwan,MN,11015365
27167,Wilkin,MN,15498504
27169,Winona,MN,6758386
27171,Wright,MN,6617487
27173,Yellow Medicine,MN,13764123
28001,Adams,MS,381653
28003,Alcorn,MS,905371
28005,Amite,MS,669221
28007,Attala,MS,434323
28009,Benton,MS,672821
28011,Bolivar,MS,7976800
28013,Calhoun,MS,2612151
28015,Carroll,MS,2045300
28017,Chickasaw,MS,2244551
28019,Choctaw,MS,344582
28021,Claiborne,MS,608422
28023,Clarke,MS,254757
28025,Clay,MS,412862
28027,Coahoma,MS,7741626
28029,Copiah,MS,501740
28031,Covington,MS,1229517
28033,DeSoto,MS,1503712
28035,Forrest,MS,431263
28037,Franklin,MS,181594
28039,George,MS,1276672
28041,Greene,MS,742459
28043,Grenada,MS,580842
28045,Hancock,MS,402621
28047,Harrison,MS,224052
28049,Hinds,MS,1178996
28051,Holmes,MS,3890456
28053,Humphreys,MS,3512211
28055,Issaquena,MS,2014133
28057,Itawamba,MS,500493
28059,Jackson,MS,485717
28061,Jasper,MS,436800
28063,Jefferson,MS,422769
28065,Jefferson Davis,MS,419073
28067,Jones,MS,642359
28069,Kemper,MS,329760
28071,Lafayette,MS,385783
28073,Lamar,MS,657539
28075,Lauderdale,MS,330488
28077,Lawrence,MS,541826
28079,Leake,MS,536794
28081,Lee,MS,1988985
28083,Leflore,MS,7406403
28085,Lincoln,MS,832449
28087,Lowndes,MS,1457375
28089,Madison,MS,853208
28091,Marion,MS,493811
28093,Marshall,MS,1712012
28095,Monroe,MS,1948912
28097,Montgomery,MS,599723
28099,Neshoba,MS,579372
28101,Newton,MS,532595
28103,Noxubee,MS,3481280
28105,Oktibbeha,MS,529238
28107,Panola,MS,3190231
28109,Pearl River,MS,1097318
28111,Perry,MS,507356
28113,Pike,MS,669188
28115,Pontotoc,MS,1428335
28117,Prentiss,MS,1260878
28119,Quitman,MS,3112216
28121,Rankin,MS,855006
28123,Scott,MS,696316
28125,Sharkey,MS,3273306
28127,Simpson,MS,1055650
28129,Smith,MS,436244
28131,Stone,MS,938837
28133,Sunflower,MS,9042085
28135,Tallahatchie,MS,7366309
28137,Tate,MS,1973126
28139,Tippah,MS,885460
28141,Tishomingo,MS,469025
28143,Tunica,MS,4089128
28145,Union,MS,1261542
28147,Walthall,MS,922317
28149,Warren,MS,1079262
28151,Washington,MS,8798018
28153,Wayne,MS,640753
28155,Webster,MS,751691
28157,Wilkinson,MS,288212
28159,Winston,MS,388486
28161,Yalobusha,MS,856797
28163,Yazoo,MS,5114572
29001,Adair,MO,3010572
29003,Andrew,MO,5066003
29005,Atchison,MO,10973739
29007,Audrain,MO,11649226
29009,Barry,MO,3678942
29011,Barton,MO,8017406
29013,Bates,MO,9677527
29015,Benton,MO,2137375
29017,Bollinger,MO,2598683
29019,Boone,MO,3469397
29021,Buchanan,MO,4635873
29023,Butler,MO,7419464
29025,Caldwell,MO,3696089
29027,Callaway,MO,4668500
29029,Camden,MO,594827
29031,Cape Girardeau,MO,7651423
29033,Carroll,MO,8911766
29035,Carter,MO,254075
29037,Cass,MO,5165599
29039,Cedar,MO,1871080
29041,Chariton,MO,8488568
29043,Christian,MO,1311637
29045,Clark,MO,7329573
29047,Clay,MO,1552423
29049,Clinton,MO,4859558
29051,Cole,MO,2434920
29053,Cooper,MO,5153451
29055,Crawford,MO,785675
29057,Dade,MO,5179029
29059,Dallas,MO,1567332
29061,Daviess,MO,3989236
29063,DeKalb,MO,4135134
29065,Dent,MO,910177
29067,Douglas,MO,1672597
29069,Dunklin,MO,10749110
29071,Franklin,MO,3555357
29073,Gasconade,MO,2349225
29075,Gentry,MO,3807127
29077,Greene,MO,1828811
29079,Grundy,MO,3445835
29081,Harrison,MO,5309245
29083,Henry,MO,6447834
29085,Hickory,MO,1205904
29087,Holt,MO,8351734
29089,Howard,MO,3570163
29091,Howell,MO,3062046
29093,Iron,MO,230345
29095,Jackson,MO,1721342
29097,Jasper,MO,4836571
29099,Jefferson,MO,718682
29101,Johnson,MO,6960692
29103,Knox,MO,5612551
29105,Laclede,MO,2852233
29107,Lafayette,MO,9480879
29109,Lawrence,MO,4133131
29111,Lewis,MO,5296625
29113,Lincoln,MO,5195209
29115,Linn,MO,4975480
29117,Livingston,MO,4935278
29119,McDonald,MO,1097548
29121,Macon,MO,5573395
29123,Madison,MO,532701
29125,Maries,MO,2509855
29127,Marion,MO,6563394
29129,Mercer,MO,2226331
29131,Miller,MO,2081145
29133,Mississippi,MO,7607361
29135,Moniteau,MO,3825368
29137,Monroe,MO,7463005
29139,Montgomery,MO,5711622
29141,Morgan,MO,2881673
29143,New Madrid,MO,16059952
29145,Newton,MO,3061109
29147,Nodaway,MO,10657759
29149,Oregon,MO,1375342
29151,Osage,MO,3948175
29153,Ozark,MO,1179050
29155,Pemiscot,MO,7966419
29157,Perry,MO,4016019
29159,Pettis,MO,8065026
29161,Phelps,MO,803293
29163,Pike,MO,7193322
29165,Platte,MO,3720749
29167,Polk,MO,3082749
29169,Pulaski,MO,666031
29171,Putnam,MO,3119733
29173,Ralls,MO,5723347
29175,Randolph,MO,3240079
29177,Ray,MO,3694865
29179,Reynolds,MO,240197
29181,Ripley,MO,870213
29183,St. Charles,MO,3607421
29185,St. Clair,MO,3541353
29186,Ste. Genevieve,MO,2321102
29187,St. Francois,MO,816695
29189,St. Louis,MO,443899
29195,Saline,MO,12652786
29197,Schuyler,MO,1738867
29199,Scotland,MO,5312318
29201,Scott,MO,7284715
29203,Shannon,MO,861964
29205,Shelby,MO,6793735
29207,Stoddard,MO,18162178
29209,Stone,MO,554591
29211,Sullivan,MO,2802765
29213,Taney,MO,399098
29215,Texas,MO,3038715
29217,Vernon,MO,8893653
29219,Warren,MO,2362867
29221,Washington,MO,474116
29223,Wayne,MO,738852
29225,Webster,MO,2604936
29227,Worth,MO,1545700
29229,Wright,MO,2300348
30001,Beaverhead,MT,4055112
30003,Big Horn,MT,4718176
30005,Blaine,MT,5916239
30007,Broadwater,MT,1606508
30009,Carbon,MT,4617383
30011,Carter,MT,1084407
30013,Cascade,MT,6391986
30015,Chouteau,MT,16372511
30017,Custer,MT,1613783
30019,Daniels,MT,6969607
30021,Dawson,MT,5300306
30023,Deer Lodge,MT,88603
30025,Fallon,MT,1428203
30027,Fergus,MT,6443531
30029,Flathead,MT,2586883
30031,Gallatin,MT,5305266
30033,Garfield,MT,4019304
30035,Glacier,MT,8891635
30037,Golden Valley,MT,856399
30039,Granite,MT,528205
30041,Hill,MT,13538361
30043,Jefferson,MT,524129
30045,Judith Basin,MT,3242729
30047,Lake,MT,1799378
30049,Lewis and Clark,MT,1672702
30051,Liberty,MT,7798448
30053,Lincoln,MT,119667
30055,McCone,MT,6331512
30057,Madison,MT,3557511
30059,Meagher,MT,1491935
30061,Mineral,MT,21952
30063,Missoula,MT,213592
30065,Musselshell,MT,1738456
30067,Park,MT,1334406
30069,Petroleum,MT,605400
30071,Phillips,MT,5853439
30073,Pondera,MT,10468098
30075,Powder River,MT,858174
30077,Powell,MT,818960
30079,Prairie,MT,1932447
30081,Ravalli,MT,1157622
30083,Richland,MT,8298753
30085,Roosevelt,MT,10097034
30087,Rosebud,MT,2337285
30089,Sanders,MT,399868
30091,Sheridan,MT,11447640
30093,Silver Bow,MT,44180
30095,Stillwater,MT,2345992
30097,Sweet Grass,MT,759013
30099,Teton,MT,8422067
30101,Toole,MT,6409603
30103,Treasure,MT,2406723
30105,Valley,MT,11460328
30107,Wheatland,MT,2053086
30109,Wibaux,MT,814745
30111,Yellowstone,MT,5861964
31001,Adams,NE,13457253
31003,Antelope,NE,18188502
31005,Arthur,NE,387951
31007,Banner,NE,3278273
31009,Blaine,NE,516412
31011,Boone,NE,15339876
31013,Box Butte,NE,11654138
31015,Boyd,NE,3890279
31017,Brown,NE,3355316
31019,Buffalo,NE,15561138
31021,Burt,NE,10302808
31023,Butler,NE,10564390
31025,Cass,NE,9788799
31027,Cedar,NE,16056385
31029,Chase,NE,17527992
31031,Cherry,NE,4113803
31033,Cheyenne,NE,7663987
31035,Clay,NE,12358519
31037,Colfax,NE,9415785
31039,Cuming,NE,14302851
31041,Custer,NE,22057829
31043,Dakota,NE,6484375
31045,Dawes,NE,1618126
31047,Dawson,NE,15641338
31049,Deuel,NE,4985662
31051,Dixon,NE,9275834
31053,Dodge,NE,12978438
31055,Douglas,NE,2644932
31057,Dundy,NE,9633659
31059,Fillmore,NE,13628138
31061,Franklin,NE,8083771
31063,Frontier,NE,7841903
31065,Furnas,NE,11337757
31067,Gage,NE,14004268
31069,Garden,NE,3643214
31071,Garfield,NE,1237159
31073,Gosper,NE,7766987
31075,Grant,NE,120914
31077,Greeley,NE,7652437
31079,Hall,NE,15137097
31081,Hamilton,NE,13711828
31083,Harlan,NE,8690429
31085,Hayes,NE,7037994
31087,Hitchcock,NE,6479846
31089,Holt,NE,21021843
31091,Hooker,NE,138077
31093,Howard,NE,9040457
31095,Jefferson,NE,10604034
31097,Johnson,NE,4210434
31099,Kearney,NE,12825791
31101,Keith,NE,9359728
31103,Keya Paha,NE,2198962
31105,Kimball,NE,3393140
31107,Knox,NE,11369487
31109,Lancaster,NE,10528396
31111,Lincoln,NE,21478271
31113,Logan,NE,1564931
31115,Loup,NE,588421
31117,McPherson,NE,451125
31119,Madison,NE,12279823
31121,Merrick,NE,10273104
31123,Morrill,NE,7981961
31125,Nance,NE,7837800
31127,Nemaha,NE,8288322
31129,Nuckolls,NE,11612294
31131,Otoe,NE,10652473
31133,Pawnee,NE,5959914
31135,Perkins,NE,18229076
31137,Phelps,NE,13565360
31139,Pierce,NE,11589373
31141,Platte,NE,16665399
31143,Polk,NE,8945003
31145,Red Willow,NE,8619891
31147,Richardson,NE,10073813
31149,Rock,NE,2911619
31151,Saline,NE,10867755
31153,Sarpy,NE,3272180
31155,Saunders,NE,14441952
31157,Scotts Bluff,NE,8748294
31159,Seward,NE,10297148
31161,Sheridan,NE,5344933
31163,Sherman,NE,7980242
31165,Sioux,NE,2073696
31167,Stanton,NE,8737316
31169,Thayer,NE,10184309
31171,Thomas,NE,149345
31173,Thurston,NE,8472040
31175,Valley,NE,7499366
31177,Washington,NE,7950171
31179,Wayne,NE,10986008
31181,Webster,NE,6985533
31183,Wheeler,NE,2851453
31185,York,NE,15020917
32001,Churchill,NV,889654
32003,Clark,NV,218915
32005,Douglas,NV,216291
32007,Elko,NV,1331712
32009,Esmeralda,NV,524435
32011,Eureka,NV,1533693
32013,Humboldt,NV,3646382
32015,Lander,NV,745859
32017,Lincoln,NV,671745
32019,Lyon,NV,1211362
32021,Mineral,NV,61263
32023,Nye,NV,323957
32027,Pershing,NV,1891800
32029,Storey,NV,25752
32031,Washoe,NV,320725
32033,White Pine,NV,778290
32510,Carson City,NV,112749
33001,Belknap,NH,106275
33003,Carroll,NH,97508
33005,Cheshire,NH,152855
33007,Coos,NH,249710
33009,Grafton,NH,296355
33011,Hillsborough,NH,304884
33013,Merrimack,NH,367465
33015,Rockingham,NH,296866
33017,Strafford,NH,127921
33019,Sullivan,NH,264537
34001,Atlantic,NJ,1709537
34003,Bergen,NJ,55347
34005,Burlington,NJ,2047995
34007,Camden,NJ,362255
34009,Cape May,NJ,160006
34011,Cumberland,NJ,4349351
34013,Essex,NJ,4812
34015,Gloucester,NJ,2903410
34017,Hudson,NJ,4237
34019,Hunterdon,NJ,2941825
34021,Mercer,NJ,370064
34023,Middlesex,NJ,771969
34025,Monmouth,NJ,1174036
34027,Morris,NJ,417952
34029,Ocean,NJ,1087219
34031,Passaic,NJ,18469
34033,Salem,NJ,3246349
34035,Somerset,NJ,444397
34037,Sussex,NJ,365241
34039,Union,NJ,6657
34041,Warren,NJ,1682197
35001,Bernalillo,NM,198822
35003,Catron,NM,58180
35005,Chaves,NM,3398252
35007,Colfax,NM,118628
35009,Curry,NM,4199856
35011,De Baca,NM,584766
35013,Dona Ana,NM,7255415
35015,Eddy,NM,3291508
35017,Grant,NM,47340
35019,Guadalupe,NM,50771
35021,Harding,NM,50404
35023,Hidalgo,NM,753366
35025,Lea,NM,3266118
35027,Lincoln,NM,85001
35028,Los Alamos,NM,4967
35029,Luna,NM,2030463
35031,McKinley,NM,40612
35033,Mora,NM,110992
35035,Otero,NM,371757
35037,Quay,NM,569634
35039,Rio Arriba,NM,188755
35041,Roosevelt,NM,3957965
35043,Sandoval,NM,194110
35045,San Juan,NM,4855392
35047,San Miguel,NM,164793
35049,Santa Fe,NM,497026
35051,Sierra,NM,396992
35053,Socorro,NM,753677
35055,Taos,NM,55862
35057,Torrance,NM,824951
35059,Union,NM,1049958
35061,Valencia,NM,500017
36001,Albany,NY,369883
36003,Allegany,NY,951414
36005,Bronx,NY,4315
36007,Broome,NY,310501
36009,Cattaraugus,NY,1240997
36011,Cayuga,NY,4797391
36013,Chautauqua,NY,2625696
36015,Chemung,NY,300716
36017,Chenango,NY,644684
36019,Clinton,NY,1238452
36021,Columbia,NY,1549965
36023,Cortland,NY,736519
36025,Delaware,NY,599699
36027,Dutchess,NY,813890
36029,Erie,NY,2247405
36031,Essex,NY,145025
36033,Franklin,NY,1059116
36035,Fulton,NY,167216
36037,Genesee,NY,4608650
36039,Greene,NY,152779
36041,Hamilton,NY,6993
36043,Herkimer,NY,726786
36045,Jefferson,NY,1761090
36047,Kings,NY,18572
36049,Lewis,NY,1637537
36051,Livingston,NY,3716587
36053,Madison,NY,1365281
36055,Monroe,NY,3133009
36057,Montgomery,NY,1104058
36059,Nassau,NY,63637
36061,New York,NY,3360
36063,Niagara,NY,2846439
36065,Oneida,NY,2086501
36067,Onondaga,NY,2271294
36069,Ontario,NY,3605865
36071,Orange,NY,1148697
36073,Orleans,NY,3580030
36075,Oswego,NY,742358
36077,Otsego,NY,717159
36079,Putnam,NY,68525
36081,Queens,NY,8779
36083,Rensselaer,NY,725891
36085,Richmond,NY,4992
36087,Rockland,NY,12400
36089,St. Lawrence,NY,2113480
36091,Saratoga,NY,770973
36093,Schenectady,NY,101157
36095,Schoharie,NY,564610
36097,Schuyler,NY,672924
36099,Seneca,NY,2463069
36101,Steuben,NY,3396961
36103,Suffolk,NY,2299743
36105,Sullivan,NY,106093
36107,Tioga,NY,566814
36109,Tompkins,NY,791517
36111,Ulster,NY,694403
36113,Warren,NY,19566
36115,Washington,NY,1407958
36117,Wayne,NY,3455071
36119,Westchester,NY,79578
36121,Wyoming,NY,4859264
36123,Yates,NY,2149326
37001,Alamance,NC,1053431
37003,Alexander,NC,673756
37005,Alleghany,NC,834955
37007,Anson,NC,980164
37009,Ashe,NC,1191235
37011,Avery,NC,558299
37013,Beaufort,NC,5497071
37015,Bertie,NC,3501097
37017,Bladen,NC,2750659
37019,Brunswick,NC,1296808
37021,Buncombe,NC,1969242
37023,Burke,NC,756991
37025,Cabarrus,NC,1014598
37027,Caldwell,NC,320408
37029,Camden,NC,2397932
37031,Carteret,NC,1518387
37033,Caswell,NC,901728
37035,Catawba,NC,1017311
37037,Chatham,NC,1191797
37039,Cherokee,NC,264568
37041,Chowan,NC,2313442
37043,Clay,NC,138429
37045,Cleveland,NC,1632231
37047,Columbus,NC,3465243
37049,Craven,NC,2285835
37051,Cumberland,NC,1284322
37053,Currituck,NC,1388019
37055,Dare,NC,96643
37057,Davidson,NC,1061355
37059,Davie,NC,1255486
37061,Duplin,NC,5504055
37063,Durham,NC,194338
37065,Edgecombe,NC,3405612
37067,Forsyth,NC,531715
37069,Franklin,NC,1388428
37071,Gaston,NC,474742
37073,Gates,NC,1618078
37075,Graham,NC,49073
37077,Granville,NC,1206738
37079,Greene,NC,3095193
37081,Guilford,NC,1756773
37083,Halifax,NC,4475382
37085,Harnett,NC,2828932
37087,Haywood,NC,486674
37089,Henderson,NC,1238634
37091,Hertford,NC,2652319
37093,Hoke,NC,884198
37095,Hyde,NC,3425037
37097,Iredell,NC,2066122
37099,Jackson,NC,252880
37101,Johnston,NC,5738209
37103,Jones,NC,2454144
37105,Lee,NC,759826
37107,Lenoir,NC,3231548
37109,Lincoln,NC,872868
37111,McDowell,NC,397264
37113,Macon,NC,155122
37115,Madison,NC,286186
37117,Martin,NC,3712222
37119,Mecklenburg,NC,1095465
37121,Mitchell,NC,95417
37123,Montgomery,NC,469915
37125,Moore,NC,897688
37127,Nash,NC,4214502
37129,New Hanover,NC,88052
37131,Northampton,NC,3667431
37133,Onslow,NC,1152621
37135,Orange,NC,1027944
37137,Pamlico,NC,1344502
37139,Pasquotank,NC,2956434
37141,Pender,NC,1164504
37143,Perquimans,NC,3028147
37145,Person,NC,1592071
37147,Pitt,NC,5145976
37149,Polk,NC,312506
37151,Randolph,NC,1833045
37153,Richmond,NC,417231
37155,Robeson,NC,6322273
37157,Rockingham,NC,1175904
37159,Rowan,NC,3314217
37161,Rutherford,NC,402734
37163,Sampson,NC,8661648
37165,Scotland,NC,1032411
37167,Stanly,NC,1921992
37169,Stokes,NC,870915
37171,Surry,NC,3082760
37173,Swain,NC,32665
37175,Transylvania,NC,265700
37177,Tyrrell,NC,1741975
37179,Union,NC,3798472
37181,Vance,NC,1091706
37183,Wake,NC,2084073
37185,Warren,NC,662601
37187,Washington,NC,2766595
37189,Watauga,NC,303887
37191,Wayne,NC,5114120
37193,Wilkes,NC,915529
37195,Wilson,NC,5458524
37197,Yadkin,NC,1899746
37199,Yancey,NC,201569
38001,Adams,ND,9498526
38003,Barnes,ND,24417196
38005,Benson,ND,14275271
38007,Billings,ND,1238881
38009,Bottineau,ND,20841649
38011,Bowman,ND,5162906
38013,Burke,ND,8349989
38015,Burleigh,ND,8273230
38017,Cass,ND,33031377
38019,Cavalier,ND,23808990
38021,Dickey,ND,15849062
38023,Divide,ND,9159921
38025,Dunn,ND,6285520
38027,Eddy,ND,5811787
38029,Emmons,ND,12632490
38031,Foster,ND,8364399
38033,Golden Valley,ND,3949394
38035,Grand Forks,ND,25209190
38037,Grant,ND,6548424
38039,Griggs,ND,9432143
38041,Hettinger,ND,12332753
38043,Kidder,ND,6462276
38045,LaMoure,ND,18703642
38047,Logan,ND,6647504
38049,McHenry,ND,11258439
38051,McIntosh,ND,6289412
38053,McKenzie,ND,8645828
38055,McLean,ND,18472714
38057,Mercer,ND,4341537
38059,Morton,ND,12003961
38061,Mountrail,ND,14500513
38063,Nelson,ND,11165559
38065,Oliver,ND,3608104
38067,Pembina,ND,22378764
38069,Pierce,ND,9359715
38071,Ramsey,ND,16327393
38073,Ransom,ND,15018435
38075,Renville,ND,13141970
38077,Richland,ND,27557327
38079,Rolette,ND,9158694
38081,Sargent,ND,16528029
38083,Sheridan,ND,9540526
38085,Sioux,ND,3139466
38087,Slope,ND,5101960
38089,Stark,ND,10971250
38091,Steele,ND,14486057
38093,Stutsman,ND,25431128
38095,Towner,ND,13985793
38097,Traill,ND,19804225
38099,Walsh,ND,23890252
38101,Ward,ND,21146832
38103,Wells,ND,16299507
38105,Williams,ND,14755593
39001,Adams,OH,2264339
39003,Allen,OH,6448718
39005,Ashland,OH,3720048
39007,Ashtabula,OH,2769647
39009,Athens,OH,381494
39011,Auglaize,OH,6298412
39013,Belmont,OH,380471
39015,Brown,OH,5857591
39017,Butler,OH,2870561
39019,Carroll,OH,1396654
39021,Champaign,OH,6116236
39023,Clark,OH,5911387
39025,Clermont,OH,2089684
39027,Clinton,OH,7501625
39029,Columbiana,OH,2404763
39031,Coshocton,OH,2488123
39033,Crawford,OH,8823595
39035,Cuyahoga,OH,142687
39037,Darke,OH,10555414
39039,Defiance,OH,5540567
39041,Delaware,OH,3808191
39043,Erie,OH,3525949
39045,Fairfield,OH,4859710
39047,Fayette,OH,6978106
39049,Franklin,OH,1579748
39051,Fulton,OH,6820212
39053,Gallia,OH,768558
39055,Geauga,OH,741254
39057,Greene,OH,5734060
39059,Guernsey,OH,725454
39061,Hamilton,OH,263332
39063,Hancock,OH,7374721
39065,Hardin,OH,7537140
39067,Harrison,OH,615142
39069,Henry,OH,8473338
39071,Highland,OH,7544019
39073,Hocking,OH,268538
39075,Holmes,OH,2448738
39077,Huron,OH,6374171
39079,Jackson,OH,438664
39081,Jefferson,OH,233127
39083,Knox,OH,4293776
39085,Lake,OH,1378599
39087,Lawrence,OH,178731
39089,Licking,OH,4938701
39091,Logan,OH,6277252
39093,Lorain,OH,4930827
39095,Lucas,OH,2746719
39097,Madison,OH,8167457
39099,Mahoning,OH,1477983
39101,Marion,OH,6085507
39103,Medina,OH,2474068
39105,Meigs,OH,744875
39107,Mercer,OH,8345693
39109,Miami,OH,5297283
39111,Monroe,OH,335903
39113,Montgomery,OH,3023189
39115,Morgan,OH,623938
39117,Morrow,OH,4900158
39119,Muskingum,OH,1782411
39121,Noble,OH,194572
39123,Ottawa,OH,2972763
39125,Paulding,OH,5652113
39127,Perry,OH,1597832
39129,Pickaway,OH,9752305
39131,Pike,OH,1764519
39133,Portage,OH,1550585
39135,Preble,OH,6676293
39137,Putnam,OH,9341756
39139,Richland,OH,3295925
39141,Ross,OH,4734395
39143,Sandusky,OH,6091378
39145,Scioto,OH,1005045
39147,Seneca,OH,9067557
39149,Shelby,OH,6281020
39151,Stark,OH,2459844
39153,Summit,OH,300972
39155,Trumbull,OH,2081835
39157,Tuscarawas,OH,1631624
39159,Union,OH,6451482
39161,Van Wert,OH,8685521
39163,Vinton,OH,261018
39165,Warren,OH,2449062
39167,Washington,OH,1584470
39169,Wayne,OH,5995023
39171,Williams,OH,6334841
39173,Wood,OH,8111999
39175,Wyandot,OH,6493211
40001,Adair,OK,1313208
40003,Alfalfa,OK,8916315
40005,Atoka,OK,954759
40007,Beaver,OK,2905569
40009,Beckham,OK,3080523
40011,Blaine,OK,6264876
40013,Bryan,OK,2007612
40015,Caddo,OK,7415096
40017,Canadian,OK,6698874
40019,Carter,OK,1601464
40021,Cherokee,OK,1426251
40023,Choctaw,OK,1682417
40025,Cimarron,OK,6487486
40027,Cleveland,OK,769300
40029,Coal,OK,864839
40031,Comanche,OK,2698311
40033,Cotton,OK,3367667
40035,Craig,OK,2600998
40037,Creek,OK,691608
40039,Custer,OK,5864971
40041,Delaware,OK,1827435
40043,Dewey,OK,3919389
40045,Ellis,OK,1619060
40047,Garfield,OK,11609109
40049,Garvin,OK,2351298
40051,Grady,OK,4637544
40053,Grant,OK,9571817
40055,Greer,OK,2192900
40057,Harmon,OK,3306063
40059,Harper,OK,2008983
40061,Haskell,OK,825366
40063,Hughes,OK,1246486
40065,Jackson,OK,9049104
40067,Jefferson,OK,2082990
40069,Johnston,OK,764451
40071,Kay,OK,7369735
40073,Kingfisher,OK,8403218
40075,Kiowa,OK,5912716
40077,Latimer,OK,483944
40079,Le Flore,OK,1722038
40081,Lincoln,OK,2769154
40083,Logan,OK,3415563
40085,Love,OK,932821
40087,McClain,OK,2160113
40089,McCurtain,OK,1549357
40091,McIntosh,OK,876257
40093,Major,OK,5637327
40095,Marshall,OK,530029
40097,Mayes,OK,1787113
40099,Murray,OK,489850
40101,Muskogee,OK,1713548
40103,Noble,OK,4972109
40105,Nowata,OK,1159161
40107,Okfuskee,OK,1355564
40109,Oklahoma,OK,648954
40111,Okmulgee,OK,1083873
40113,Osage,OK,1766729
40115,Ottawa,OK,3522542
40117,Pawnee,OK,1318866
40119,Payne,OK,1671131
40121,Pittsburg,OK,1827612
40123,Pontotoc,OK,916310
40125,Pottawatomie,OK,1439784
40127,Pushmataha,OK,531390
40129,Roger Mills,OK,2074249
40131,Rogers,OK,1462888
40133,Seminole,OK,559732
40135,Sequoyah,OK,1544355
40137,Stephens,OK,2012355
40139,Texas,OK,14224051
40141,Tillman,OK,8143795
40143,Tulsa,OK,743258
40145,Wagoner,OK,1963754
40147,Washington,OK,716938
40149,Washita,OK,7691288
40151,Woods,OK,4748153
40153,Woodward,OK,2014811
41001,Baker,OR,3923084
41003,Benton,OR,4342746
41005,Clackamas,OR,5894265
41007,Clatsop,OR,180336
41009,Columbia,OR,651507
41011,Coos,OR,381097
41013,Crook,OR,1630464
41015,Curry,OR,431342
41017,Deschutes,OR,1600799
41019,Douglas,OR,1488472
41021,Gilliam,OR,2224060
41023,Grant,OR,301310
41025,Harney,OR,2188716
41027,Hood River,OR,1744536
41029,Jackson,OR,979971
41031,Jefferson,OR,4028954
41033,Josephine,OR,215701
41035,Klamath,OR,4228238
41037,Lake,OR,3293825
41039,Lane,OR,4199644
41041,Lincoln,OR,57761
41043,Linn,OR,13615251
41045,Malheur,OR,11848021
41047,Marion,OR,20233162
41049,Morrow,OR,15711942
41051,Multnomah,OR,1471585
41053,Polk,OR,5407939
41055,Sherman,OR,2774004
41057,Tillamook,OR,394446
41059,Umatilla,OR,20658340
41061,Union,OR,3663990
41063,Wallowa,OR,1712945
41065,Wasco,OR,3600637
41067,Washington,OR,4967578
41069,Wheeler,OR,364492
41071,Yamhill,OR,9163170
42001,Adams,PA,3010243
42003,Allegheny,PA,235811
42005,Armstrong,PA,1333150
42007,Beaver,PA,371717
42009,Bedford,PA,2148444
42011,Berks,PA,7513412
42013,Blair,PA,1080113
42015,Bradford,PA,1475601
42017,Bucks,PA,1382799
42019,Butler,PA,1567272
42021,Cambria,PA,835066
42023,Cameron,PA,30832
42025,Carbon,PA,264384
42027,Centre,PA,1475826
42029,Chester,PA,15827459
42031,Clarion,PA,830873
42033,Clearfield,PA,381372
42035,Clinton,PA,860909
42037,Columbia,PA,1480762
42039,Crawford,PA,2647162
42041,Cumberland,PA,3389994
42043,Dauphin,PA,1360891
42045,Delaware,PA,24239
42047,Elk,PA,100370
42049,Erie,PA,1856416
42051,Fayette,PA,657533
42053,Forest,PA,22302
42055,Franklin,PA,5548591
42057,Fulton,PA,707621
42059,Greene,PA,263131
42061,Huntingdon,PA,1314583
42063,Indiana,PA,2161579
42065,Jefferson,PA,704062
42067,Juniata,PA,1013811
42069,Lackawanna,PA,246532
42071,Lancaster,PA,11158982
42073,Lawrence,PA,1300090
42075,Lebanon,PA,2317572
42077,Lehigh,PA,2235661
42079,Luzerne,PA,607276
42081,Lycoming,PA,1382634
42083,McKean,PA,144924
42085,Mercer,PA,2360104
42087,Mifflin,PA,987476
42089,Monroe,PA,240024
42091,Montgomery,PA,668163
42093,Montour,PA,991703
42095,Northampton,PA,1681372
42097,Northumberland,PA,2762289
42099,Perry,PA,1488489
42101,Philadelphia,PA,7109
42103,Pike,PA,19691
42105,Potter,PA,462776
42107,Schuylkill,PA,1589949
42109,Snyder,PA,1646298
42111,Somerset,PA,3081562
42113,Sullivan,PA,237492
42115,Susquehanna,PA,399346
42117,Tioga,PA,910045
42119,Union,PA,909338
42121,Venango,PA,584275
42123,Warren,PA,355740
42125,Washington,PA,575439
42127,Wayne,PA,324576
42129,Westmoreland,PA,1495547
42131,Wyoming,PA,291392
42133,York,PA,6370054
44001,Bristol,RI,55139
44003,Kent,RI,93804
44005,Newport,RI,284198
44007,Providence,RI,169435
44009,Washington,RI,465911
45001,Abbeville,SC,534343
45003,Aiken,SC,1968855
45005,Allendale,SC,999208
45007,Anderson,SC,1755026
45009,Bamberg,SC,1827939
45011,Barnwell,SC,1144495
45013,Beaufort,SC,475794
45015,Berkeley,SC,477836
45017,Calhoun,SC,3415580
45019,Charleston,SC,279599
45021,Cherokee,SC,483768
45023,Chester,SC,926399
45025,Chesterfield,SC,1082901
45027,Clarendon,SC,3483289
45029,Colleton,SC,1338411
45031,Darlington,SC,2977404
45033,Dillon,SC,2296427
45035,Dorchester,SC,1236547
45037,Edgefield,SC,782225
45039,Fairfield,SC,204322
45041,Florence,SC,3345478
45043,Georgetown,SC,541397
45045,Greenville,SC,498601
45047,Greenwood,SC,290714
45049,Hampton,SC,1753242
45051,Horry,SC,4774480
45053,Jasper,SC,237700
45055,Kershaw,SC,303812
45057,Lancaster,SC,409460
45059,Laurens,SC,781890
45061,Lee,SC,2388747
45063,Lexington,SC,2106558
45065,McCormick,SC,62589
45067,Marion,SC,929159
45069,Marlboro,SC,1609325
45071,Newberry,SC,793209
45073,Oconee,SC,539851
45075,Orangeburg,SC,5810248
45077,Pickens,SC,326248
45079,Richland,SC,735251
45081,Saluda,SC,979114
45083,Spartanburg,SC,1087417
45085,Sumter,SC,2764656
45087,Union,SC,246499
45089,Williamsburg,SC,3540409
45091,York,SC,1645141
46003,Aurora,SD,8798589
46005,Beadle,SD,16587710
46007,Bennett,SD,2421059
46009,Bon Homme,SD,7990117
46011,Brookings,SD,11438989
46013,Brown,SD,27633696
46015,Brule,SD,9049929
46017,Buffalo,SD,3132539
46019,Butte,SD,1018136
46021,Campbell,SD,7446541
46023,Charles Mix,SD,15251396
46025,Clark,SD,16106219
46027,Clay,SD,8519545
46029,Codington,SD,8215989
46031,Corson,SD,5230113
46033,Custer,SD,223844
46035,Davison,SD,6003234
46037,Day,SD,15213818
46039,Deuel,SD,7758187
46041,Dewey,SD,2095945
46043,Douglas,SD,6760901
46045,Edmunds,SD,15930552
46047,Fall River,SD,760975
46049,Faulk,SD,12778987
46051,Grant,SD,11039142
46053,Gregory,SD,4411008
46055,Haakon,SD,4651310
46057,Hamlin,SD,9030985
46059,Hand,SD,17575266
46061,Hanson,SD,8094124
46063,Harding,SD,1857108
46065,Hughes,SD,6574929
46067,Hutchinson,SD,13674200
46069,Hyde,SD,4995930
46071,Jackson,SD,1779264
46073,Jerauld,SD,6184778
46075,Jones,SD,4572919
46077,Kingsbury,SD,13564377
46079,Lake,SD,9337924
46081,Lawrence,SD,142681
46083,Lincoln,SD,9947806
46085,Lyman,SD,8175450
46087,McCook,SD,12618801
46089,McPherson,SD,6717482
46091,Marshall,SD,10553944
46093,Meade,SD,2762971
46095,Mellette,SD,961659
46097,Miner,SD,7541797
46099,Minnehaha,SD,13220751
46101,Moody,SD,9119444
46103,Pennington,SD,1810825
46105,Perkins,SD,2967675
46107,Potter,SD,14946333
46109,Roberts,SD,14851502
46111,Sanborn,SD,5405267
46113,Shannon,SD,4523
46115,Spink,SD,25650784
46117,Stanley,SD,3415968
46119,Sully,SD,16705094
46121,Todd,SD,1188093
46123,Tripp,SD,9157136
46125,Turner,SD,13991096
46127,Union,SD,10780437
46129,Walworth,SD,8891705
46135,Yankton,SD,9797881
46137,Ziebach,SD,3455801
47001,Anderson,TN,305565
47003,Bedford,TN,2988763
47005,Benton,TN,921387
47007,Bledsoe,TN,1121676
47009,Blount,TN,831123
47011,Bradley,TN,802807
47013,Campbell,TN,185674
47015,Cannon,TN,1522349
47017,Carroll,TN,4523460
47019,Carter,TN,292530
47021,Cheatham,TN,1088690
47023,Chester,TN,1743581
47025,Claiborne,TN,916025
47027,Clay,TN,685293
47029,Cocke,TN,676449
47031,Coffee,TN,2952469
47033,Crockett,TN,5895062
47035,Cumberland,TN,1519430
47037,Davidson,TN,202047
47039,Decatur,TN,602441
47041,DeKalb,TN,992026
47043,Dickson,TN,1130123
47045,Dyer,TN,7451689
47047,Fayette,TN,6732258
47049,Fentress,TN,1053989
47051,Franklin,TN,1934118
47053,Gibson,TN,9343730
47055,Giles,TN,2290131
47057,Grainger,TN,778693
47059,Greene,TN,2204508
47061,Grundy,TN,433033
47063,Hamblen,TN,651683
47065,Hamilton,TN,325134
47067,Hancock,TN,348668
47069,Hardeman,TN,2703428
47071,Hardin,TN,2359033
47073,Hawkins,TN,770245
47075,Haywood,TN,6763737
47077,Henderson,TN,2177569
47079,Henry,TN,3926770
47081,Hickman,TN,1097996
47083,Houston,TN,525986
47085,Humphreys,TN,812280
47087,Jackson,TN,321157
47089,Jefferson,TN,853212
47091,Johnson,TN,253138
47093,Knox,TN,644699
47095,Lake,TN,1662965
47097,Lauderdale,TN,4097072
47099,Lawrence,TN,4286296
47101,Lewis,TN,151359
47103,Lincoln,TN,4169872
47105,Loudon,TN,2842328
47107,McMinn,TN,1202811
47109,McNairy,TN,1767264
47111,Macon,TN,1681555
47113,Madison,TN,3410521
47115,Marion,TN,471860
47117,Marshall,TN,1368381
47119,Maury,TN,1850256
47121,Meigs,TN,447175
47123,Monroe,TN,1512046
47125,Montgomery,TN,2051670
47127,Moore,TN,423529
47129,Morgan,TN,370134
47131,Obion,TN,6573508
47133,Overton,TN,1127447
47135,Perry,TN,364973
47137,Pickett,TN,314589
47139,Polk,TN,335862
47141,Putnam,TN,1074335
47143,Rhea,TN,322821
47145,Roane,TN,260288
47147,Robertson,TN,6544448
47149,Rutherford,TN,1598491
47151,Scott,TN,169440
47153,Sequatchie,TN,203855
47155,Sevier,TN,315469
47157,Shelby,TN,1344534
47159,Smith,TN,1309014
47161,Stewart,TN,419996
47163,Sullivan,TN,600673
47165,Sumner,TN,1854252
47167,Tipton,TN,5499823
47169,Trousdale,TN,358027
47171,Unicoi,TN,47595
47173,Union,TN,315114
47175,Van Buren,TN,478407
47177,Warren,TN,2770017
47179,Washington,TN,1415465
47181,Wayne,TN,1253309
47183,Weakley,TN,6743091
47185,White,TN,1252851
47187,Williamson,TN,1054160
47189,Wilson,TN,996677
48001,Anderson,TX,2711650
48003,Andrews,TX,513065
48005,Angelina,TX,672674
48007,Aransas,TX,37267
48009,Archer,TX,1518978
48011,Armstrong,TX,1080550
48013,Atascosa,TX,2508906
48015,Austin,TX,1596617
48017,Bailey,TX,4967787
48019,Bandera,TX,193658
48021,Bastrop,TX,1885300
48023,Baylor,TX,2147931
48025,Bee,TX,1888582
48027,Bell,TX,5575291
48029,Bexar,TX,2143588
48031,Blanco,TX,531452
48033,Borden,TX,957463
48035,Bosque,TX,1985678
48037,Bowie,TX,1810270
48039,Brazoria,TX,3383829
48041,Brazos,TX,2069721
48043,Brewster,TX,262253
48045,Briscoe,TX,1927747
48047,Brooks,TX,142060
48049,Brown,TX,1533262
48051,Burleson,TX,3291456
48053,Burnet,TX,633630
48055,Caldwell,TX,2382776
48057,Calhoun,TX,2265406
48059,Callahan,TX,1211189
48061,Cameron,TX,8289712
48063,Camp,TX,464580
48065,Carson,TX,7182479
48067,Cass,TX,609632
48069,Castro,TX,9222458
48071,Chambers,TX,1340105
48073,Cherokee,TX,1962340
48075,Childress,TX,1662401
48077,Clay,TX,2178986
48079,Cochran,TX,8540523
48081,Coke,TX,227992
48083,Coleman,TX,2058232
48085,Collin,TX,3515796
48087,Collingsworth,TX,3542900
48089,Colorado,TX,4661503
48091,Comal,TX,262263
48093,Comanche,TX,4675542
48095,Concho,TX,1719154
48097,Cooke,TX,3287920
48099,Coryell,TX,1889593
48101,Cottle,TX,1130875
48103,Crane,TX,10761
48105,Crockett,TX,29710
48107,Crosby,TX,5863278
48109,Culberson,TX,299768
48111,Dallam,TX,11928328
48113,Dallas,TX,415142
48115,Dawson,TX,10578318
48117,Deaf Smith,TX,9769176
48119,Delta,TX,2656284
48121,Denton,TX,3298037
48123,DeWitt,TX,1933789
48125,Dickens,TX,1890041
48127,Dimmit,TX,245623
48129,Donley,TX,971751
48131,Duval,TX,413440
48133,Eastland,TX,1697865
48135,Ector,TX,42087
48137,Edwards,TX,56511
48139,Ellis,TX,7123984
48141,El Paso,TX,2539342
48143,Erath,TX,3141346
48145,Falls,TX,8372853
48147,Fannin,TX,5122065
48149,Fayette,TX,3296823
48151,Fisher,TX,2887786
48153,Floyd,TX,10164371
48155,Foard,TX,611473
48157,Fort Bend,TX,5694185
48159,Franklin,TX,547437
48161,Freestone,TX,1756555
48163,Frio,TX,3652516
48165,Gaines,TX,15586914
48167,Galveston,TX,351822
48169,Garza,TX,1000838
48171,Gillespie,TX,1798327
48173,Glasscock,TX,2910223
48175,Goliad,TX,1066248
48177,Gonzales,TX,3505404
48179,Gray,TX,2040496
48181,Grayson,TX,5650612
48183,Gregg,TX,337679
48185,Grimes,TX,1750612
48187,Guadalupe,TX,3163360
48189,Hale,TX,14416979
48191,Hall,TX,4789024
48193,Hamilton,TX,2197733
48195,Hansford,TX,9533768
48197,Hardeman,TX,894398
48199,Hardin,TX,426186
48201,Harris,TX,1907944
48203,Harrison,TX,913499
48205,Hartley,TX,12514694
48207,Haskell,TX,3196842
48209,Hays,TX,762641
48211,Hemphill,TX,444622
48213,Henderson,TX,2397609
48215,Hidalgo,TX,16252034
48217,Hill,TX,9449914
48219,Hockley,TX,8713266
48221,Hood,TX,1337358
48223,Hopkins,TX,2207400
48225,Houston,TX,2418256
48227,Howard,TX,1398063
48229,Hudspeth,TX,617479
48231,Hunt,TX,3663280
48233,Hutchinson,TX,2014375
48235,Irion,TX,184824
48237,Jack,TX,661850
48239,Jackson,TX,8019396
48241,Jasper,TX,679746
48243,Jeff Davis,TX,130331
48245,Jefferson,TX,1530876
48247,Jim Hogg,TX,105252
48249,Jim Wells,TX,3344669
48251,Johnson,TX,3500220
48253,Jones,TX,2578583
48255,Karnes,TX,2328066
48257,Kaufman,TX,2802912
48259,Kendall,TX,433088
48261,Kenedy,TX,125565
48263,Kent,TX,171152
48265,Kerr,TX,272979
48267,Kimble,TX,149274
48269,King,TX,267680
48271,Kinney,TX,101355
48273,Kleberg,TX,2114488
48275,Knox,TX,1998726
48277,Lamar,TX,4103859
48279,Lamb,TX,12148599
48281,Lampasas,TX,619473
48283,La Salle,TX,201818
48285,Lavaca,TX,3236148
48287,Lee,TX,2084509
48289,Leon,TX,2977957
48291,Liberty,TX,1993012
48293,Limestone,TX,2474294
48295,Lipscomb,TX,3230418
48297,Live Oak,TX,822376
48299,Llano,TX,537504
48301,Loving,TX,14190
48303,Lubbock,TX,13776492
48305,Lynn,TX,8965957
48307,McCulloch,TX,1238409
48309,McLennan,TX,9328715
48311,McMullen,TX,266995
48313,Madison,TX,3564482
48315,Marion,TX,127561
48317,Martin,TX,5612374
48319,Mason,TX,999508
48321,Matagorda,TX,6334535
48323,Maverick,TX,217242
48325,Medina,TX,4620035
48327,Menard,TX,137531
48329,Midland,TX,653473
48331,Milam,TX,5962922
48333,Mills,TX,798850
48335,Mitchell,TX,911919
48337,Montague,TX,2136025
48339,Montgomery,TX,1008300
48341,Moore,TX,6542503
48343,Morris,TX,340126
48345,Motley,TX,415655
48347,Nacogdoches,TX,801592
48349,Navarro,TX,5036443
48351,Newton,TX,195013
48353,Nolan,TX,1566575
48355,Nueces,TX,12502457
48357,Ochiltree,TX,6814989
48359,Oldham,TX,1547997
48361,Orange,TX,278986
48363,Palo Pinto,TX,1266236
48365,Panola,TX,784482
48367,Parker,TX,3135574
48369,Parmer,TX,8586996
48371,Pecos,TX,1748340
48373,Polk,TX,385602
48375,Potter,TX,463402
48377,Presidio,TX,149597
48379,Rains,TX,816467
48381,Randall,TX,2092348
48383,Reagan,TX,777454
48385,Real,TX,33298
48387,Red River,TX,1760016
48389,Reeves,TX,485851
48391,Refugio,TX,2055333
48393,Roberts,TX,364406
48395,Robertson,TX,3724776
48397,Rockwall,TX,793305
48399,Runnels,TX,3259218
48401,Rusk,TX,1052958
48403,Sabine,TX,153747
48405,San Augustine,TX,324861
48407,San Jacinto,TX,579014
48409,San Patricio,TX,8244725
48411,San Saba,TX,1860560
48413,Schleicher,TX,610422
48415,Scurry,TX,1583012
48417,Shackelford,TX,342573
48419,Shelby,TX,823433
48421,Sherman,TX,11508428
48423,Smith,TX,2590639
48425,Somervell,TX,405340
48427,Starr,TX,988026
48429,Stephens,TX,277752
48431,Sterling,TX,95183
48433,Stonewall,TX,550803
48435,Sutton,TX,168000
48437,Swisher,TX,6110479
48439,Tarrant,TX,696937
48441,Taylor,TX,1522537
48443,Terrell,TX,139875
48445,Terry,TX,11918309
48447,Throckmorton,TX,1877974
48449,Titus,TX,474276
48451,Tom Green,TX,2724106
48453,Travis,TX,1918126
48455,Trinity,TX,459500
48457,Tyler,TX,474433
48459,Upshur,TX,1063575
48461,Upton,TX,895030
48463,Uvalde,TX,2927624
48465,Val Verde,TX,59174
48467,Van Zandt,TX,3132872
48469,Victoria,TX,2945744
48471,Walker,TX,1059886
48473,Waller,TX,2761200
48475,Ward,TX,47104
48477,Washington,TX,1476486
48479,Webb,TX,204113
48481,Wharton,TX,15536585
48483,Wheeler,TX,1297260
48485,Wichita,TX,2364609
48487,Wilbarger,TX,3715250
48489,Willacy,TX,6605603
48491,Williamson,TX,9156457
48493,Wilson,TX,2885050
48495,Winkler,TX,8776
48497,Wise,TX,3223660
48499,Wood,TX,1659259
48501,Yoakum,TX,8678301
48503,Young,TX,1151562
48505,Zapata,TX,62458
48507,Zavala,TX,1935990
49001,Beaver,UT,937818
49003,Box Elder,UT,4612391
49005,Cache,UT,2901019
49007,Carbon,UT,232986
49009,Daggett,UT,31933
49011,Davis,UT,622953
49013,Duchesne,UT,1812870
49015,Emery,UT,413551
49017,Garfield,UT,261551
49019,Grand,UT,206531
49021,Iron,UT,3136366
49023,Juab,UT,831073
49025,Kane,UT,63387
49027,Millard,UT,6132444
49029,Morgan,UT,198017
49031,Piute,UT,190429
49033,Rich,UT,372485
49035,Salt Lake,UT,946244
49037,San Juan,UT,178331
49039,Sanpete,UT,1553843
49041,Sevier,UT,1035330
49043,Summit,UT,251747
49045,Tooele,UT,394696
49047,Uintah,UT,1354795
49049,Utah,UT,3118146
49051,Wasatch,UT,124483
49053,Washington,UT,331585
49055,Wayne,UT,164826
49057,Weber,UT,944683
50001,Addison,VT,1495671
50003,Bennington,VT,151736
50005,Caledonia,VT,406531
50007,Chittenden,VT,388715
50009,Essex,VT,119838
50011,Franklin,VT,1772081
50013,Grand Isle,VT,293757
50015,Lamoille,VT,222777
50017,Orange,VT,359111
50019,Orleans,VT,1264813
50021,Rutland,VT,404975
50023,Washington,VT,363479
50025,Windham,VT,306769
50027,Windsor,VT,318551
51001,Accomack,VA,2221449
51003,Albemarle,VA,860832
51005,Alleghany,VA,82865
51007,Amelia,VA,935533
51009,Amherst,VA,299365
51011,Appomattox,VA,615062
51013,Arlington,VA,4362
51015,Augusta,VA,3350315
51017,Bath,VA,191672
51019,Bedford,VA,1557406
51021,Bland,VA,283501
51023,Botetourt,VA,642883
51025,Brunswick,VA,863791
51027,Buchanan,VA,21624
51029,Buckingham,VA,443997
51031,Campbell,VA,1353546
51033,Caroline,VA,1657393
51035,Carroll,VA,1154084
51036,Charles City,VA,724548
51037,Charlotte,VA,1143537
51041,Chesterfield,VA,189712
51043,Clarke,VA,621453
51045,Craig,VA,175087
51047,Culpeper,VA,1595099
51049,Cumberland,VA,367716
51051,Dickenson,VA,43915
51053,Dinwiddie,VA,1099371
51057,Essex,VA,1470680
51059,Fairfax,VA,29790
51061,Fauquier,VA,1441647
51063,Floyd,VA,1010175
51065,Fluvanna,VA,293075
51067,Franklin,VA,2479603
51069,Frederick,VA,734686
51071,Giles,VA,200191
51073,Gloucester,VA,597513
51075,Goochland,VA,457437
51077,Grayson,VA,726812
51079,Greene,VA,245115
51081,Greensville,VA,1207038
51083,Halifax,VA,1349831
51085,Hanover,VA,2368731
51087,Henrico,VA,302277
51089,Henry,VA,317711
51091,Highland,VA,175773
51093,Isle of Wight,VA,2251728
51095,James City,VA,179992
51097,King and Queen,VA,1169469
51099,King George,VA,548170
51101,King William,VA,956825
51103,Lancaster,VA,526246
51105,Lee,VA,548006
51107,Loudoun,VA,1150896
51109,Louisa,VA,599574
51111,Lunenburg,VA,870609
51113,Madison,VA,1512409
51115,Mathews,VA,197846
51117,Mecklenburg,VA,2485247
51119,Middlesex,VA,673965
51121,Montgomery,VA,589308
51125,Nelson,VA,604169
51127,New Kent,VA,430080
51131,Northampton,VA,2272812
51133,Northumberland,VA,1363661
51135,Nottoway,VA,516375
51137,Orange,VA,1610988
51139,Page,VA,470829
51141,Patrick,VA,677220
51143,Pittsylvania,VA,3306088
51145,Powhatan,VA,311660
51147,Prince Edward,VA,389499
51149,Prince George,VA,792587
51153,Prince William,VA,370247
51155,Pulaski,VA,544364
51157,Rappahannock,VA,253327
51159,Richmond,VA,1221513
51161,Roanoke,VA,90806
51163,Rockbridge,VA,757544
51165,Rockingham,VA,3928879
51167,Russell,VA,664980
51169,Scott,VA,620386
51171,Shenandoah,VA,1502150
51173,Smyth,VA,743907
51175,Southampton,VA,3639631
51177,Spotsylvania,VA,501349
51179,Stafford,VA,410345
51181,Surry,VA,1019910
51183,Sussex,VA,1412858
51185,Tazewell,VA,468140
51187,Warren,VA,221374
51191,Washington,VA,1253806
51193,Westmoreland,VA,1423444
51195,Wise,VA,79382
51197,Wythe,VA,1239327
51199,York,VA,12554
51550,Chesapeake City,VA,1192580
51800,Suffolk,VA,1934715
51810,Virginia Beach City,VA,914905
53001,Adams,WA,18504414
53003,Asotin,WA,924269
53005,Benton,WA,22807375
53007,Chelan,WA,2697188
53009,Clallam,WA,205474
53011,Clark,WA,814610
53013,Columbia,WA,2923083
53015,Cowlitz,WA,445876
53017,Douglas,WA,5625744
53019,Ferry,WA,80963
53021,Franklin,WA,19074284
53023,Garfield,WA,3238024
53025,Grant,WA,39961044
53027,Grays Harbor,WA,759106
53029,Island,WA,153832
53031,Jefferson,WA,38707
53033,King,WA,665084
53035,Kitsap,WA,122388
53037,Kittitas,WA,3497516
53039,Klickitat,WA,3410639
53041,Lewis,WA,852137
53043,Lincoln,WA,12569555
53045,Mason,WA,103909
53047,Okanogan,WA,4575027
53049,Pacific,WA,191514
53051,Pend Oreille,WA,263252
53053,Pierce,WA,480340
53055,San Juan,WA,100318
53057,Skagit,WA,6514286
53059,Skamania,WA,32697
53061,Snohomish,WA,1676150
53063,Spokane,WA,9531405
53065,Stevens,WA,622914
53067,Thurston,WA,1396624
53069,Wahkiakum,WA,52111
53071,Walla Walla,WA,15029971
53073,Whatcom,WA,3637592
53075,Whitman,WA,19723498
53077,Yakima,WA,19153996
54001,Barbour,WV,297722
54003,Berkeley,WV,603883
54005,Boone,WV,4492
54007,Braxton,WV,200371
54009,Brooke,WV,49183
54011,Cabell,WV,87400
54013,Calhoun,WV,92532
54015,Clay,WV,31689
54017,Doddridge,WV,94117
54019,Fayette,WV,90506
54021,Gilmer,WV,80024
54023,Grant,WV,331732
54025,Greenbrier,WV,772974
54027,Hampshire,WV,375362
54029,Hancock,WV,35342
54031,Hardy,WV,483528
54033,Harrison,WV,227224
54035,Jackson,WV,242077
54037,Jefferson,WV,1119055
54039,Kanawha,WV,40182
54041,Lewis,WV,189548
54043,Lincoln,WV,32425
54045,Logan,WV,6724
54047,McDowell,WV,8519
54049,Marion,WV,115039
54051,Marshall,WV,118217
54053,Mason,WV,830584
54055,Mercer,WV,251364
54057,Mineral,WV,248648
54059,Mingo,WV,4052
54061,Monongalia,WV,156755
54063,Monroe,WV,746474
54065,Morgan,WV,124967
54067,Nicholas,WV,155177
54069,Ohio,WV,116316
54071,Pendleton,WV,457330
54073,Pleasants,WV,55808
54075,Pocahontas,WV,364322
54077,Preston,WV,801541
54079,Putnam,WV,136982
54081,Raleigh,WV,173415
54083,Randolph,WV,155824
54085,Ritchie,WV,179490
54087,Roane,WV,216877
54089,Summers,WV,190464
54091,Taylor,WV,175600
54093,Tucker,WV,69188
54095,Tyler,WV,93005
54097,Upshur,WV,161681
54099,Wayne,WV,76866
54101,Webster,WV,12662
54103,Wetzel,WV,38531
54105,Wirt,WV,106179
54107,Wood,WV,134090
54109,Wyoming,WV,6963
55001,Adams,WI,6319887
55003,Ashland,WI,336354
55005,Barron,WI,7375816
55007,Bayfield,WI,284311
55009,Brown,WI,4520249
55011,Buffalo,WI,5829179
55013,Burnett,WI,1132077
55015,Calumet,WI,4219683
55017,Chippewa,WI,7474743
55019,Clark,WI,9014256
55021,Columbia,WI,9169989
55023,Crawford,WI,2848444
55025,Dane,WI,16269280
55027,Dodge,WI,11653799
55029,Door,WI,2355358
55031,Douglas,WI,82902
55033,Dunn,WI,9782265
55035,Eau Claire,WI,2807053
55037,Florence,WI,60609
55039,Fond du Lac,WI,8455870
55041,Forest,WI,175723
55043,Grant,WI,14061655
55045,Green,WI,8568522
55047,Green Lake,WI,4222475
55049,Iowa,WI,7787010
55051,Iron,WI,103056
55053,Jackson,WI,4116953
55055,Jefferson,WI,6276478
55057,Juneau,WI,4088307
55059,Kenosha,WI,2272560
55061,Kewaunee,WI,4192691
55063,La Crosse,WI,2490486
55065,Lafayette,WI,10897520
55067,Langlade,WI,3339275
55069,Lincoln,WI,842463
55071,Manitowoc,WI,5113550
55073,Marathon,WI,9974273
55075,Marinette,WI,2519343
55077,Marquette,WI,2951789
55079,Milwaukee,WI,191944
55081,Monroe,WI,5056437
55083,Oconto,WI,4098796
55085,Oneida,WI,166326
55087,Outagamie,WI,6870917
55089,Ozaukee,WI,1285732
55091,Pepin,WI,2902198
55093,Pierce,WI,6565761
55095,Polk,WI,5516748
55097,Portage,WI,12663014
55099,Price,WI,337478
55101,Racine,WI,3927264
55103,Richland,WI,3342057
55105,Rock,WI,13223675
55107,Rusk,WI,1401136
55109,St. Croix,WI,7518117
55111,Sauk,WI,6461334
55113,Sawyer,WI,678169
55115,Shawano,WI,6528052
55117,Sheboygan,WI,4836741
55119,Taylor,WI,2621991
55121,Trempealeau,WI,7308107
55123,Vernon,WI,4653203
55125,Vilas,WI,142731
55127,Walworth,WI,5989966
55129,Washburn,WI,881660
55131,Washington,WI,3524251
55133,Waukesha,WI,2280401
55135,Waupaca,WI,3927030
55137,Waushara,WI,6152583
55139,Winnebago,WI,4128765
55141,Wood,WI,3518363
56001,Albany,WY,1322074
56003,Big Horn,WY,7843619
56005,Campbell,WY,710396
56007,Carbon,WY,1758287
56009,Converse,WY,1121825
56011,Crook,WY,799482
56013,Fremont,WY,11352567
56015,Goshen,WY,5298496
56017,Hot Springs,WY,254666
56019,Johnson,WY,739872
56021,Laramie,WY,3946952
56023,Lincoln,WY,1223697
56025,Natrona,WY,1170532
56027,Niobrara,WY,920373
56029,Park,WY,8188953
56031,Platte,WY,2140454
56033,Sheridan,WY,1461946
56035,Sublette,WY,640199
56037,Sweetwater,WY,421877
56039,Teton,WY,205866
56041,Uinta,WY,1182466
56043,Washakie,WY,3037691
56045,Weston,WY,282249