FIPS,YEAR,IR-WFrTo
1001,2015,3.52
1003,2015,58.28
1005,2015,2.96
1007,2015,0.19
1009,2015,1.08
1011,2015,2.00
1013,2015,0.99
1015,2015,3.15
1017,2015,0.23
1019,2015,2.82
1021,2015,0.49
1023,2015,0.17
1025,2015,0.28
1027,2015,0.12
1029,2015,0.14
1031,2015,3.87
1033,2015,2.43
1035,2015,0.21
1037,2015,0.10
1039,2015,3.46
1041,2015,0.58
1043,2015,0.91
1045,2015,2.08
1047,2015,3.20
1049,2015,2.64
1051,2015,3.08
1053,2015,1.74
1055,2015,1.00
1057,2015,0.37
1059,2015,0.84
1061,2015,5.47
1063,2015,0.45
1065,2015,1.07
1067,2015,5.87
1069,2015,7.55
1071,2015,1.28
1073,2015,5.88
1075,2015,0.24
1077,2015,1.80
1079,2015,2.58
1081,2015,3.17
1083,2015,9.75
1085,2015,5.73
1087,2015,5.92
1089,2015,9.15
1091,2015,0.43
1093,2015,0.27
1095,2015,2.07
1097,2015,10.91
1099,2015,0.57
1101,2015,6.27
1103,2015,1.04
1105,2015,0.63
1107,2015,1.95
1109,2015,1.46
1111,2015,0.14
1113,2015,7.45
1115,2015,1.72
1117,2015,5.17
1119,2015,0.76
1121,2015,4.78
1123,2015,0.91
1125,2015,5.66
1127,2015,0.72
1129,2015,0.23
1131,2015,0.45
1133,2015,0.18
2013,2015,0.00
2016,2015,0.01
2020,2015,0.41
2050,2015,0.00
2060,2015,0.00
2068,2015,0.02
2070,2015,0.00
2090,2015,0.24
2100,2015,0.00
2105,2015,0.00
2110,2015,0.01
2122,2015,0.06
2130,2015,0.00
2150,2015,0.00
2158,2015,0.00
2164,2015,0.00
2170,2015,0.54
2180,2015,0.00
2185,2015,0.00
2188,2015,0.00
2195,2015,0.00
2198,2015,0.00
2220,2015,0.00
2230,2015,0.00
2240,2015,0.23
2261,2015,0.00
2275,2015,0.00
2282,2015,0.00
2290,2015,0.00
4001,2015,1.95
4003,2015,217.57
4005,2015,0.28
4007,2015,3.05
4009,2015,183.54
4011,2015,9.40
4012,2015,612.86
4013,2015,1232.80
4015,2015,111.85
4017,2015,10.41
4019,2015,92.26
4021,2015,935.11
4023,2015,6.97
4025,2015,31.14
4027,2015,1079.69
5001,2015,1675.81
5003,2015,159.83
5005,2015,0.00
5007,2015,0.00
5009,2015,0.00
5011,2015,0.00
5013,2015,0.00
5015,2015,0.00
5017,2015,271.76
5019,2015,5.37
5021,2015,830.10
5023,2015,0.00
5025,2015,0.00
5027,2015,0.00
5029,2015,4.05
5031,2015,496.13
5033,2015,2.49
5035,2015,256.13
5037,2015,593.44
5039,2015,0.00
5041,2015,628.49
5043,2015,50.16
5045,2015,5.49
5047,2015,0.01
5049,2015,0.24
5051,2015,0.00
5053,2015,0.00
5055,2015,356.35
5057,2015,0.00
5059,2015,2.12
5061,2015,0.00
5063,2015,95.29
5065,2015,0.00
5067,2015,595.19
5069,2015,359.94
5071,2015,0.01
5073,2015,13.60
5075,2015,255.63
5077,2015,334.30
5079,2015,265.07
5081,2015,33.39
5083,2015,0.00
5085,2015,901.81
5087,2015,0.00
5089,2015,0.00
5091,2015,0.23
5093,2015,35.25
5095,2015,310.99
5097,2015,0.00
5099,2015,0.00
5101,2015,0.00
5103,2015,0.00
5105,2015,1.46
5107,2015,260.19
5109,2015,0.00
5111,2015,966.93
5113,2015,0.36
5115,2015,0.53
5117,2015,541.03
5119,2015,52.03
5121,2015,185.14
5123,2015,363.99
5125,2015,2.25
5127,2015,0.05
5129,2015,0.00
5131,2015,0.30
5133,2015,0.01
5135,2015,0.00
5137,2015,0.04
5139,2015,0.00
5141,2015,0.00
5143,2015,0.03
5145,2015,141.22
5147,2015,512.14
5149,2015,0.00
6001,2015,9.51
6003,2015,9.69
6005,2015,20.75
6007,2015,752.68
6009,2015,8.80
6011,2015,695.25
6013,2015,87.09
6015,2015,16.42
6017,2015,26.78
6019,2015,1616.63
6021,2015,660.65
6023,2015,59.97
6025,2015,1850.34
6027,2015,17.50
6029,2015,1617.68
6031,2015,637.42
6033,2015,52.79
6035,2015,88.68
6037,2015,34.60
6039,2015,772.43
6041,2015,41.02
6043,2015,17.45
6045,2015,68.70
6047,2015,970.62
6049,2015,171.49
6051,2015,58.53
6053,2015,168.86
6055,2015,102.70
6057,2015,48.44
6059,2015,11.89
6061,2015,133.48
6063,2015,102.78
6065,2015,741.79
6067,2015,442.06
6069,2015,15.12
6071,2015,33.33
6073,2015,118.28
6075,2015,0.58
6077,2015,1190.25
6079,2015,78.97
6081,2015,23.08
6083,2015,55.95
6085,2015,8.10
6087,2015,31.34
6089,2015,160.97
6091,2015,23.36
6093,2015,201.48
6095,2015,395.52
6097,2015,210.34
6099,2015,1034.16
6101,2015,636.09
6103,2015,269.33
6105,2015,10.72
6107,2015,1395.96
6109,2015,3.15
6111,2015,85.11
6113,2015,571.68
6115,2015,314.62
8001,2015,87.03
8003,2015,136.61
8005,2015,3.56
8007,2015,41.95
8009,2015,125.24
8011,2015,167.81
8013,2015,103.76
8014,2015,1.38
8015,2015,115.24
8017,2015,29.35
8019,2015,0.00
8021,2015,293.97
8023,2015,92.85
8025,2015,11.87
8027,2015,34.78
8029,2015,341.47
8031,2015,1.53
8033,2015,4.16
8035,2015,11.74
8037,2015,132.14
8039,2015,15.14
8041,2015,8.58
8043,2015,95.48
8045,2015,234.45
8047,2015,0.00
8049,2015,183.29
8051,2015,520.53
8053,2015,20.45
8055,2015,38.07
8057,2015,340.40
8059,2015,22.27
8061,2015,1.71
8063,2015,110.88
8065,2015,14.01
8067,2015,322.14
8069,2015,119.13
8071,2015,21.09
8073,2015,4.54
8075,2015,143.12
8077,2015,756.96
8079,2015,7.02
8081,2015,121.18
8083,2015,185.09
8085,2015,671.64
8087,2015,122.61
8089,2015,349.07
8091,2015,94.26
8093,2015,33.64
8095,2015,73.62
8097,2015,117.31
8099,2015,110.39
8101,2015,265.53
8103,2015,135.75
8105,2015,557.03
8107,2015,171.63
8109,2015,366.30
8111,2015,0.00
8113,2015,47.09
8115,2015,73.59
8117,2015,50.12
8119,2015,2.48
8121,2015,46.18
8123,2015,366.35
8125,2015,323.08
9001,2015,2.01
9003,2015,4.09
9005,2015,0.72
9007,2015,0.79
9009,2015,1.47
9011,2015,1.17
9013,2015,0.50
9015,2015,0.56
10001,2015,28.03
10003,2015,2.18
10005,2015,82.70
11001,2015,0.05
12001,2015,15.30
12003,2015,0.35
12005,2015,3.08
12007,2015,1.43
12009,2015,38.27
12011,2015,47.81
12013,2015,2.85
12015,2015,14.22
12017,2015,4.97
12019,2015,1.56
12021,2015,142.42
12023,2015,2.13
12027,2015,41.39
12029,2015,4.09
12031,2015,8.57
12033,2015,3.04
12035,2015,13.57
12037,2015,0.16
12039,2015,6.68
12041,2015,12.02
12043,2015,121.06
12045,2015,0.11
12047,2015,18.25
12049,2015,32.60
12051,2015,379.14
12053,2015,3.99
12055,2015,83.45
12057,2015,48.44
12059,2015,0.60
12061,2015,57.77
12063,2015,24.52
12065,2015,4.58
12067,2015,7.10
12069,2015,41.37
12071,2015,61.32
12073,2015,2.05
12075,2015,15.53
12077,2015,0.06
12079,2015,13.57
12081,2015,54.85
12083,2015,15.70
12085,2015,108.99
12086,2015,40.01
12087,2015,1.07
12089,2015,3.54
12091,2015,3.03
12093,2015,11.50
12095,2015,18.45
12097,2015,18.49
12099,2015,598.52
12101,2015,8.95
12103,2015,2.15
12105,2015,91.10
12107,2015,22.36
12109,2015,43.09
12111,2015,43.76
12113,2015,1.38
12115,2015,10.27
12117,2015,4.69
12119,2015,7.25
12121,2015,28.09
12123,2015,0.08
12125,2015,1.14
12127,2015,24.21
12129,2015,0.32
12131,2015,3.97
12133,2015,0.91
13001,2015,4.19
13003,2015,1.70
13005,2015,4.07
13007,2015,23.55
13009,2015,0.05
13011,2015,0.13
13013,2015,0.51
13015,2015,2.05
13017,2015,3.27
13019,2015,5.44
13021,2015,1.08
13023,2015,6.04
13025,2015,0.04
13027,2015,9.64
13029,2015,0.17
13031,2015,4.93
13033,2015,17.90
13035,2015,0.25
13037,2015,16.79
13039,2015,0.39
13043,2015,2.03
13045,2015,0.30
13047,2015,0.70
13049,2015,0.00
13051,2015,0.71
13053,2015,0.00
13055,2015,0.00
13057,2015,2.19
13059,2015,1.42
13061,2015,3.83
13063,2015,0.10
13065,2015,0.43
13067,2015,1.37
13069,2015,8.98
13071,2015,20.22
13073,2015,0.71
13075,2015,7.90
13077,2015,1.35
13079,2015,1.26
13081,2015,14.59
13083,2015,0.00
13085,2015,0.13
13087,2015,56.17
13089,2015,1.48
13091,2015,6.80
13093,2015,13.79
13095,2015,14.54
13097,2015,0.38
13099,2015,21.56
13101,2015,1.50
13103,2015,1.08
13105,2015,0.88
13107,2015,2.07
13109,2015,2.73
13111,2015,0.02
13113,2015,0.66
13115,2015,1.59
13117,2015,0.44
13119,2015,0.97
13121,2015,2.51
13123,2015,0.21
13125,2015,0.00
13127,2015,2.24
13129,2015,1.17
13131,2015,5.53
13133,2015,1.14
13135,2015,1.34
13137,2015,0.22
13139,2015,0.68
13141,2015,0.56
13143,2015,0.14
13145,2015,0.03
13147,2015,0.92
13149,2015,0.00
13151,2015,1.55
13153,2015,6.03
13155,2015,15.78
13157,2015,0.29
13159,2015,0.37
13161,2015,2.33
13163,2015,15.87
13165,2015,6.85
13167,2015,0.98
13169,2015,0.16
13171,2015,1.10
13173,2015,1.38
13175,2015,3.89
13177,2015,27.26
13179,2015,0.00
13181,2015,0.00
13183,2015,0.05
13185,2015,2.03
13187,2015,0.21
13189,2015,0.43
13191,2015,0.16
13193,2015,11.98
13195,2015,0.19
13197,2015,0.85
13199,2015,0.18
13201,2015,35.22
13205,2015,52.04
13207,2015,0.43
13209,2015,1.01
13211,2015,1.50
13213,2015,0.19
13215,2015,0.41
13217,2015,0.53
13219,2015,3.44
13221,2015,0.27
13223,2015,0.59
13225,2015,4.27
13227,2015,0.09
13229,2015,3.78
13231,2015,1.15
13233,2015,0.16
13235,2015,10.34
13237,2015,0.35
13239,2015,0.05
13241,2015,0.26
13243,2015,17.81
13245,2015,0.59
13247,2015,0.58
13249,2015,0.15
13251,2015,13.01
13253,2015,44.26
13255,2015,0.28
13257,2015,0.31
13259,2015,0.71
13261,2015,20.57
13263,2015,0.00
13265,2015,0.00
13267,2015,6.96
13269,2015,0.29
13271,2015,2.38
13273,2015,14.89
13275,2015,3.69
13277,2015,12.44
13279,2015,8.43
13281,2015,0.09
13283,2015,1.73
13285,2015,0.08
13287,2015,11.48
13289,2015,1.26
13291,2015,0.19
13293,2015,0.40
13295,2015,0.00
13297,2015,2.44
13299,2015,1.37
13301,2015,0.00
13303,2015,1.24
13305,2015,2.25
13307,2015,4.37
13309,2015,1.99
13311,2015,0.00
13313,2015,0.13
13315,2015,8.45
13317,2015,0.06
13319,2015,0.04
13321,2015,23.49
15001,2015,26.66
15003,2015,83.74
15005,2015,0.00
15007,2015,25.85
15009,2015,248.81
16001,2015,224.48
16003,2015,35.05
16005,2015,218.52
16007,2015,253.15
16009,2015,10.30
16011,2015,841.92
16013,2015,215.30
16015,2015,3.81
16017,2015,7.27
16019,2015,771.68
16021,2015,136.38
16023,2015,191.12
16025,2015,317.58
16027,2015,918.06
16029,2015,448.03
16031,2015,973.02
16033,2015,144.61
16035,2015,32.42
16037,2015,83.62
16039,2015,377.85
16041,2015,305.83
16043,2015,365.64
16045,2015,147.15
16047,2015,408.15
16049,2015,89.23
16051,2015,619.73
16053,2015,536.73
16055,2015,85.72
16057,2015,182.94
16059,2015,90.89
16061,2015,47.18
16063,2015,248.53
16065,2015,364.36
16067,2015,816.83
16069,2015,151.21
16071,2015,735.27
16073,2015,773.82
16075,2015,425.50
16077,2015,539.99
16079,2015,1.09
16081,2015,405.66
16083,2015,1319.41
16085,2015,13.36
16087,2015,414.54
17001,2015,1.00
17003,2015,2.37
17005,2015,0.01
17007,2015,0.86
17009,2015,0.02
17011,2015,5.92
17013,2015,0.00
17015,2015,1.13
17017,2015,9.38
17019,2015,4.61
17021,2015,0.11
17023,2015,5.01
17025,2015,0.03
17027,2015,0.63
17029,2015,0.28
17031,2015,4.37
17033,2015,5.56
17035,2015,0.00
17037,2015,0.49
17039,2015,0.08
17041,2015,0.22
17043,2015,2.77
17045,2015,0.07
17047,2015,0.00
17049,2015,0.10
17051,2015,0.04
17053,2015,0.55
17055,2015,0.22
17057,2015,0.07
17059,2015,7.40
17061,2015,0.01
17063,2015,0.25
17065,2015,0.10
17067,2015,0.38
17069,2015,0.01
17071,2015,1.60
17073,2015,2.93
17075,2015,0.85
17077,2015,0.33
17079,2015,0.00
17081,2015,0.12
17083,2015,0.12
17085,2015,0.56
17087,2015,0.12
17089,2015,1.34
17091,2015,5.93
17093,2015,0.24
17095,2015,0.32
17097,2015,3.69
17099,2015,1.96
17101,2015,12.24
17103,2015,5.57
17105,2015,0.12
17107,2015,0.50
17109,2015,0.14
17111,2015,3.27
17113,2015,0.54
17115,2015,0.29
17117,2015,0.14
17119,2015,0.74
17121,2015,0.15
17123,2015,0.23
17125,2015,66.99
17127,2015,3.10
17129,2015,1.51
17131,2015,4.53
17133,2015,0.72
17135,2015,0.24
17137,2015,1.09
17139,2015,0.10
17141,2015,0.27
17143,2015,1.06
17145,2015,0.04
17147,2015,0.30
17149,2015,0.04
17151,2015,0.22
17153,2015,0.77
17155,2015,0.46
17157,2015,0.07
17159,2015,0.06
17161,2015,1.77
17163,2015,0.56
17165,2015,0.11
17167,2015,0.53
17169,2015,0.22
17171,2015,0.02
17173,2015,0.10
17175,2015,0.00
17177,2015,0.22
17179,2015,20.97
17181,2015,0.08
17183,2015,0.67
17185,2015,0.84
17187,2015,0.10
17189,2015,0.06
17191,2015,0.52
17193,2015,11.17
17195,2015,12.82
17197,2015,1.78
17199,2015,0.35
17201,2015,0.75
17203,2015,0.24
18001,2015,0.03
18003,2015,0.28
18005,2015,4.36
18007,2015,0.35
18009,2015,0.00
18011,2015,0.42
18013,2015,0.02
18015,2015,0.00
18017,2015,0.29
18019,2015,0.16
18021,2015,0.00
18023,2015,0.00
18025,2015,0.00
18027,2015,0.42
18029,2015,0.06
18031,2015,0.00
18033,2015,0.38
18035,2015,0.39
18037,2015,0.11
18039,2015,6.82
18041,2015,0.00
18043,2015,0.01
18045,2015,0.08
18047,2015,0.02
18049,2015,7.91
18051,2015,0.43
18053,2015,0.19
18055,2015,0.04
18057,2015,1.13
18059,2015,0.03
18061,2015,0.00
18063,2015,0.18
18065,2015,0.22
18067,2015,0.12
18069,2015,0.01
18071,2015,2.32
18073,2015,14.55
18075,2015,0.09
18077,2015,0.00
18079,2015,0.00
18081,2015,0.44
18083,2015,8.12
18085,2015,7.32
18087,2015,7.65
18089,2015,4.45
18091,2015,24.63
18093,2015,0.00
18095,2015,0.16
18097,2015,0.78
18099,2015,1.95
18101,2015,0.04
18103,2015,0.23
18105,2015,0.09
18107,2015,0.18
18109,2015,0.03
18111,2015,0.84
18113,2015,2.87
18115,2015,0.24
18117,2015,0.08
18119,2015,0.00
18121,2015,0.62
18123,2015,0.00
18125,2015,0.04
18127,2015,1.47
18129,2015,1.27
18131,2015,4.51
18133,2015,0.00
18135,2015,0.01
18137,2015,0.00
18139,2015,0.05
18141,2015,7.83
18143,2015,0.00
18145,2015,0.86
18147,2015,0.63
18149,2015,4.52
18151,2015,0.85
18153,2015,2.98
18155,2015,0.00
18157,2015,0.75
18159,2015,0.00
18161,2015,0.06
18163,2015,0.32
18165,2015,0.08
18167,2015,1.51
18169,2015,0.66
18171,2015,0.20
18173,2015,0.01
18175,2015,0.00
18177,2015,0.27
18179,2015,0.00
18181,2015,1.57
18183,2015,0.47
19001,2015,0.02
19003,2015,0.00
19005,2015,0.00
19007,2015,0.02
19009,2015,0.00
19011,2015,0.20
19013,2015,0.16
19015,2015,0.02
19017,2015,0.21
19019,2015,0.01
19021,2015,0.05
19023,2015,0.13
19025,2015,0.16
19027,2015,0.11
19029,2015,0.01
19031,2015,0.04
19033,2015,0.19
19035,2015,0.11
19037,2015,0.10
19039,2015,0.00
19041,2015,0.52
19043,2015,0.04
19045,2015,0.03
19047,2015,0.06
19049,2015,0.19
19051,2015,0.00
19053,2015,0.00
19055,2015,0.02
19057,2015,0.68
19059,2015,0.71
19061,2015,0.19
19063,2015,0.05
19065,2015,0.15
19067,2015,0.50
19069,2015,0.14
19071,2015,0.86
19073,2015,0.06
19075,2015,0.05
19077,2015,0.03
19079,2015,0.03
19081,2015,0.65
19083,2015,0.01
19085,2015,2.75
19087,2015,0.00
19089,2015,0.15
19091,2015,0.11
19093,2015,0.00
19095,2015,0.04
19097,2015,0.03
19099,2015,0.08
19101,2015,0.00
19103,2015,0.38
19105,2015,0.03
19107,2015,0.00
19109,2015,0.25
19111,2015,0.54
19113,2015,0.48
19115,2015,3.55
19117,2015,0.00
19119,2015,0.83
19121,2015,0.16
19123,2015,0.02
19125,2015,0.00
19127,2015,0.02
19129,2015,0.40
19131,2015,0.23
19133,2015,7.66
19135,2015,0.00
19137,2015,0.01
19139,2015,2.86
19141,2015,0.11
19143,2015,0.67
19145,2015,0.01
19147,2015,1.25
19149,2015,0.52
19151,2015,0.02
19153,2015,0.49
19155,2015,0.32
19157,2015,0.00
19159,2015,0.03
19161,2015,0.17
19163,2015,0.25
19165,2015,0.01
19167,2015,3.06
19169,2015,0.10
19171,2015,0.01
19173,2015,0.00
19175,2015,0.00
19177,2015,0.00
19179,2015,0.00
19181,2015,0.11
19183,2015,0.11
19185,2015,0.00
19187,2015,0.04
19189,2015,0.05
19191,2015,0.14
19193,2015,0.33
19195,2015,0.12
19197,2015,0.00
20001,2015,0.01
20003,2015,0.64
20005,2015,0.22
20007,2015,3.60
20009,2015,31.73
20011,2015,0.02
20013,2015,2.30
20015,2015,0.51
20017,2015,0.00
20019,2015,0.00
20021,2015,0.45
20023,2015,49.03
20025,2015,2.44
20027,2015,10.38
20029,2015,9.16
20031,2015,0.23
20033,2015,5.90
20035,2015,1.47
20037,2015,0.42
20039,2015,9.08
20041,2015,2.53
20043,2015,0.39
20045,2015,0.66
20047,2015,99.75
20049,2015,0.00
20051,2015,1.27
20053,2015,0.54
20055,2015,214.02
20057,2015,70.59
20059,2015,0.69
20061,2015,1.57
20063,2015,16.67
20065,2015,13.92
20067,2015,95.09
20069,2015,127.64
20071,2015,14.32
20073,2015,0.02
20075,2015,37.03
20077,2015,1.32
20079,2015,23.83
20081,2015,135.00
20083,2015,17.79
20085,2015,0.09
20087,2015,0.93
20089,2015,30.29
20091,2015,1.71
20093,2015,148.96
20095,2015,15.17
20097,2015,58.65
20099,2015,0.01
20101,2015,11.54
20103,2015,0.27
20105,2015,0.70
20107,2015,0.11
20109,2015,6.89
20111,2015,0.10
20113,2015,24.64
20115,2015,1.47
20117,2015,0.84
20119,2015,128.17
20121,2015,0.30
20123,2015,12.04
20125,2015,0.21
20127,2015,0.10
20129,2015,40.42
20131,2015,0.46
20133,2015,0.06
20135,2015,3.24
20137,2015,10.99
20139,2015,0.13
20141,2015,2.23
20143,2015,3.27
20145,2015,61.62
20147,2015,17.91
20149,2015,3.20
20151,2015,83.43
20153,2015,16.74
20155,2015,52.18
20157,2015,15.63
20159,2015,19.95
20161,2015,1.06
20163,2015,1.52
20165,2015,9.15
20167,2015,0.00
20169,2015,3.53
20171,2015,33.35
20173,2015,23.22
20175,2015,137.20
20177,2015,1.44
20179,2015,60.98
20181,2015,102.63
20183,2015,2.05
20185,2015,84.68
20187,2015,85.65
20189,2015,183.03
20191,2015,6.04
20193,2015,83.13
20195,2015,4.49
20197,2015,1.55
20199,2015,35.79
20201,2015,4.20
20203,2015,36.54
20205,2015,0.52
20207,2015,0.06
20209,2015,0.26
21001,2015,0.03
21003,2015,0.34
21005,2015,0.10
21007,2015,0.19
21009,2015,0.24
21011,2015,0.02
21013,2015,0.01
21015,2015,0.31
21017,2015,0.57
21019,2015,0.01
21021,2015,0.24
21023,2015,0.09
21025,2015,0.01
21027,2015,0.02
21029,2015,0.79
21031,2015,0.07
21033,2015,0.85
21035,2015,1.72
21037,2015,0.15
21039,2015,0.27
21041,2015,0.03
21043,2015,0.02
21045,2015,0.04
21047,2015,1.62
21049,2015,0.10
21051,2015,0.08
21053,2015,0.15
21055,2015,0.50
21057,2015,0.17
21059,2015,4.39
21061,2015,0.01
21063,2015,0.04
21065,2015,0.00
21067,2015,1.36
21069,2015,0.07
21071,2015,0.00
21073,2015,0.25
21075,2015,1.09
21077,2015,0.02
21079,2015,0.09
21081,2015,0.02
21083,2015,2.00
21085,2015,0.03
21087,2015,0.03
21089,2015,0.16
21091,2015,0.25
21093,2015,0.33
21095,2015,0.05
21097,2015,0.89
21099,2015,0.08
21101,2015,2.67
21103,2015,0.35
21105,2015,2.73
21107,2015,0.09
21109,2015,0.01
21111,2015,2.43
21113,2015,0.30
21115,2015,0.11
21117,2015,0.04
21119,2015,0.00
21121,2015,0.05
21123,2015,0.05
21125,2015,0.03
21127,2015,0.01
21129,2015,0.01
21131,2015,0.00
21133,2015,0.05
21135,2015,0.01
21137,2015,0.11
21139,2015,0.04
21141,2015,1.21
21143,2015,0.56
21145,2015,0.18
21147,2015,0.00
21149,2015,0.51
21151,2015,0.10
21153,2015,0.05
21155,2015,0.14
21157,2015,0.12
21159,2015,0.00
21161,2015,0.01
21163,2015,0.04
21165,2015,0.11
21167,2015,0.02
21169,2015,0.05
21171,2015,0.04
21173,2015,0.00
21175,2015,0.02
21177,2015,0.11
21179,2015,0.32
21181,2015,0.06
21183,2015,0.25
21185,2015,0.11
21187,2015,0.28
21189,2015,0.02
21191,2015,0.45
21193,2015,0.05
21195,2015,0.00
21197,2015,0.01
21199,2015,0.46
21201,2015,0.02
21203,2015,0.01
21205,2015,0.04
21207,2015,0.01
21209,2015,0.37
21211,2015,0.71
21213,2015,0.08
21215,2015,0.16
21217,2015,0.04
21219,2015,0.67
21221,2015,0.71
21223,2015,0.04
21225,2015,1.19
21227,2015,0.67
21229,2015,0.15
21231,2015,0.06
21233,2015,0.17
21235,2015,0.01
21237,2015,0.02
21239,2015,0.15
22001,2015,162.79
22003,2015,29.66
22005,2015,0.45
22007,2015,0.70
22009,2015,36.94
22011,2015,2.63
22013,2015,0.15
22015,2015,0.61
22017,2015,5.71
22019,2015,25.58
22021,2015,2.86
22023,2015,22.70
22025,2015,16.35
22027,2015,0.05
22029,2015,28.02
22031,2015,0.13
22033,2015,0.39
22035,2015,23.18
22037,2015,0.25
22039,2015,86.30
22041,2015,25.88
22043,2015,1.60
22045,2015,2.72
22047,2015,1.48
22049,2015,0.00
22051,2015,0.02
22053,2015,156.35
22055,2015,6.61
22057,2015,0.58
22059,2015,0.15
22061,2015,0.00
22063,2015,0.01
22065,2015,32.97
22067,2015,83.21
22069,2015,12.16
22071,2015,0.06
22073,2015,18.26
22075,2015,0.00
22077,2015,12.37
22079,2015,18.61
22081,2015,2.48
22083,2015,25.13
22085,2015,0.00
22087,2015,0.00
22089,2015,0.05
22091,2015,0.02
22093,2015,0.34
22095,2015,0.16
22097,2015,55.75
22099,2015,8.46
22101,2015,0.77
22103,2015,0.02
22105,2015,0.20
22107,2015,24.32
22109,2015,0.06
22111,2015,0.00
22113,2015,102.13
22115,2015,0.00
22117,2015,0.39
22119,2015,0.00
22121,2015,1.98
22123,2015,11.82
22125,2015,0.26
22127,2015,0.00
23001,2015,0.57
23003,2015,4.03
23005,2015,1.05
23007,2015,0.14
23009,2015,1.16
23011,2015,0.47
23013,2015,0.35
23015,2015,0.12
23017,2015,0.37
23019,2015,1.44
23021,2015,0.13
23023,2015,0.18
23025,2015,0.14
23027,2015,0.23
23029,2015,7.37
23031,2015,1.14
24001,2015,0.08
24003,2015,0.77
24005,2015,0.86
24009,2015,0.02
24011,2015,14.95
24013,2015,0.21
24015,2015,1.63
24017,2015,0.28
24019,2015,13.55
24021,2015,4.65
24023,2015,0.00
24025,2015,0.39
24027,2015,0.44
24029,2015,3.78
24031,2015,1.28
24033,2015,1.02
24035,2015,9.15
24037,2015,0.07
24039,2015,0.42
24041,2015,2.01
24043,2015,0.16
24045,2015,5.31
24047,2015,3.06
24510,2015,0.00
25001,2015,10.43
25003,2015,0.38
25005,2015,10.08
25007,2015,1.07
25009,2015,1.37
25011,2015,0.80
25013,2015,0.95
25015,2015,0.56
25017,2015,3.42
25019,2015,1.20
25021,2015,1.73
25023,2015,104.27
25025,2015,0.13
25027,2015,2.19
26001,2015,0.12
26003,2015,0.03
26005,2015,14.70
26007,2015,0.11
26009,2015,9.10
26011,2015,0.24
26013,2015,0.01
26015,2015,3.63
26017,2015,1.96
26019,2015,0.32
26021,2015,11.75
26023,2015,19.01
26025,2015,6.32
26027,2015,30.69
26029,2015,0.21
26031,2015,0.31
26033,2015,0.15
26035,2015,0.23
26037,2015,2.06
26039,2015,0.40
26041,2015,0.25
26043,2015,0.16
26045,2015,0.24
26047,2015,0.73
26049,2015,0.34
26051,2015,0.00
26053,2015,0.00
26055,2015,1.54
26057,2015,6.84
26059,2015,3.66
26061,2015,0.03
26063,2015,0.78
26065,2015,0.62
26067,2015,1.77
26069,2015,0.32
26071,2015,0.09
26073,2015,8.23
26075,2015,5.49
26077,2015,15.65
26079,2015,4.76
26081,2015,6.23
26083,2015,0.01
26085,2015,0.00
26087,2015,0.32
26089,2015,1.62
26091,2015,1.21
26093,2015,1.16
26095,2015,1.20
26097,2015,0.05
26099,2015,1.75
26101,2015,1.52
26103,2015,0.17
26105,2015,2.96
26107,2015,10.88
26109,2015,0.02
26111,2015,0.22
26113,2015,4.50
26115,2015,1.96
26117,2015,36.13
26119,2015,0.17
26121,2015,2.55
26123,2015,4.41
26125,2015,3.94
26127,2015,4.95
26129,2015,0.22
26131,2015,0.00
26133,2015,0.68
26135,2015,0.21
26137,2015,1.94
26139,2015,8.47
26141,2015,0.23
26143,2015,0.26
26145,2015,1.78
26147,2015,0.28
26149,2015,49.03
26151,2015,0.97
26153,2015,0.17
26155,2015,0.22
26157,2015,3.70
26159,2015,17.31
26161,2015,2.82
26163,2015,0.96
26165,2015,1.97
27001,2015,4.10
27003,2015,2.22
27005,2015,7.11
27007,2015,3.24
27009,2015,7.80
27011,2015,1.05
27013,2015,0.40
27015,2015,2.00
27017,2015,0.07
27019,2015,0.26
27021,2015,3.34
27023,2015,0.33
27025,2015,0.24
27027,2015,1.51
27029,2015,7.83
27031,2015,0.07
27033,2015,0.54
27035,2015,2.31
27037,2015,17.01
27039,2015,0.12
27041,2015,3.06
27043,2015,0.06
27045,2015,0.10
27047,2015,0.34
27049,2015,1.59
27051,2015,1.62
27053,2015,2.80
27055,2015,0.05
27057,2015,12.28
27059,2015,0.51
27061,2015,0.21
27063,2015,0.07
27065,2015,0.01
27067,2015,4.39
27069,2015,1.17
27071,2015,0.56
27073,2015,1.44
27075,2015,0.01
27077,2015,0.77
27079,2015,0.47
27081,2015,0.15
27083,2015,0.19
27085,2015,0.10
27087,2015,0.09
27089,2015,0.06
27091,2015,0.11
27093,2015,2.43
27095,2015,0.20
27097,2015,12.26
27099,2015,1.00
27101,2015,0.03
27103,2015,0.14
27105,2015,0.17
27107,2015,0.28
27109,2015,0.23
27111,2015,49.69
27113,2015,0.47
27115,2015,0.13
27117,2015,0.29
27119,2015,6.39
27121,2015,20.31
27123,2015,0.91
27125,2015,1.32
27127,2015,0.21
27129,2015,0.26
27131,2015,0.68
27133,2015,0.12
27135,2015,0.02
27137,2015,0.23
27139,2015,0.40
27141,2015,18.36
27143,2015,0.05
27145,2015,17.61
27147,2015,0.28
27149,2015,5.01
27151,2015,13.94
27153,2015,7.46
27155,2015,0.00
27157,2015,0.41
27159,2015,14.25
27161,2015,0.05
27163,2015,1.97
27165,2015,2.31
27167,2015,0.40
27169,2015,0.14
27171,2015,1.85
27173,2015,0.11
28001,2015,0.04
28003,2015,0.16
28005,2015,0.07
28007,2015,0.35
28009,2015,0.85
28011,2015,335.69
28013,2015,1.13
28015,2015,11.44
28017,2015,2.74
28019,2015,0.88
28021,2015,1.99
28023,2015,0.35
28025,2015,0.76
28027,2015,123.92
28029,2015,0.17
28031,2015,0.55
28033,2015,10.26
28035,2015,0.79
28037,2015,0.03
28039,2015,0.45
28041,2015,0.20
28043,2015,1.05
28045,2015,0.05
28047,2015,0.06
28049,2015,0.44
28051,2015,39.13
28053,2015,90.01
28055,2015,34.70
28057,2015,0.04
28059,2015,0.15
28061,2015,0.03
28063,2015,0.52
28065,2015,0.31
28067,2015,0.40
28069,2015,0.12
28071,2015,0.60
28073,2015,0.20
28075,2015,0.11
28077,2015,0.72
28079,2015,0.10
28081,2015,0.34
28083,2015,169.22
28085,2015,0.17
28087,2015,4.43
28089,2015,0.13
28091,2015,0.16
28093,2015,3.24
28095,2015,0.47
28097,2015,0.63
28099,2015,0.02
28101,2015,0.59
28103,2015,16.06
28105,2015,0.28
28107,2015,18.13
28109,2015,0.95
28111,2015,0.43
28113,2015,0.21
28115,2015,1.78
28117,2015,0.01
28119,2015,79.15
28121,2015,0.04
28123,2015,0.06
28125,2015,68.85
28127,2015,1.08
28129,2015,0.12
28131,2015,0.11
28133,2015,255.23
28135,2015,97.03
28137,2015,5.52
28139,2015,0.23
28141,2015,0.64
28143,2015,95.93
28145,2015,0.06
28147,2015,0.06
28149,2015,4.57
28151,2015,241.38
28153,2015,0.50
28155,2015,0.63
28157,2015,0.45
28159,2015,0.05
28161,2015,1.18
28163,2015,37.89
29001,2015,0.10
29003,2015,0.34
29005,2015,14.20
29007,2015,17.59
29009,2015,0.43
29011,2015,12.96
29013,2015,2.56
29015,2015,0.82
29017,2015,7.86
29019,2015,6.15
29021,2015,0.52
29023,2015,143.79
29025,2015,0.12
29027,2015,6.31
29029,2015,0.06
29031,2015,13.48
29033,2015,4.05
29035,2015,0.28
29037,2015,3.26
29039,2015,0.68
29041,2015,4.50
29043,2015,0.08
29045,2015,3.70
29047,2015,0.74
29049,2015,0.34
29051,2015,1.00
29053,2015,0.86
29055,2015,0.04
29057,2015,7.59
29059,2015,0.28
29061,2015,0.16
29063,2015,0.02
29065,2015,0.52
29067,2015,0.42
29069,2015,181.22
29071,2015,1.47
29073,2015,0.43
29075,2015,0.06
29077,2015,0.37
29079,2015,0.62
29081,2015,0.06
29083,2015,0.68
29085,2015,0.18
29087,2015,22.14
29089,2015,3.20
29091,2015,0.16
29093,2015,0.56
29095,2015,0.39
29097,2015,4.03
29099,2015,0.36
29101,2015,2.20
29103,2015,0.34
29105,2015,0.24
29107,2015,2.13
29109,2015,2.64
29111,2015,2.37
29113,2015,1.52
29115,2015,0.37
29117,2015,0.52
29119,2015,0.35
29121,2015,0.40
29123,2015,0.18
29125,2015,0.22
29127,2015,3.60
29129,2015,0.22
29131,2015,1.57
29133,2015,100.56
29135,2015,0.26
29137,2015,1.24
29139,2015,3.76
29141,2015,0.25
29143,2015,228.58
29145,2015,0.34
29147,2015,0.40
29149,2015,0.47
29151,2015,2.66
29153,2015,0.16
29155,2015,142.72
29157,2015,0.96
29159,2015,0.52
29161,2015,0.08
29163,2015,4.34
29165,2015,2.00
29167,2015,1.56
29169,2015,0.13
29171,2015,0.28
29173,2015,1.32
29175,2015,1.26
29177,2015,8.93
29179,2015,0.04
29181,2015,14.06
29183,2015,1.25
29185,2015,0.60
29186,2015,0.24
29187,2015,0.11
29189,2015,0.60
29195,2015,4.02
29197,2015,0.00
29199,2015,0.46
29201,2015,84.20
29203,2015,0.06
29205,2015,1.82
29207,2015,263.71
29209,2015,0.15
29211,2015,0.18
29213,2015,0.10
29215,2015,0.08
29217,2015,6.23
29219,2015,1.22
29221,2015,0.04
29223,2015,0.46
29225,2015,0.26
29227,2015,0.12
29229,2015,0.21
29510,2015,0.00
30001,2015,832.32
30003,2015,322.59
30005,2015,343.05
30007,2015,197.95
30009,2015,503.79
30011,2015,34.75
30013,2015,170.92
30015,2015,90.29
30017,2015,131.57
30019,2015,6.24
30021,2015,78.99
30023,2015,68.91
30025,2015,0.50
30027,2015,122.96
30029,2015,69.91
30031,2015,467.69
30033,2015,10.90
30035,2015,69.48
30037,2015,29.14
30039,2015,122.55
30041,2015,48.62
30043,2015,80.92
30045,2015,132.84
30047,2015,214.60
30049,2015,165.17
30051,2015,38.46
30053,2015,12.84
30055,2015,31.48
30057,2015,719.16
30059,2015,209.58
30061,2015,1.37
30063,2015,137.04
30065,2015,72.09
30067,2015,279.73
30069,2015,54.00
30071,2015,315.41
30073,2015,134.58
30075,2015,78.79
30077,2015,167.16
30079,2015,71.39
30081,2015,381.65
30083,2015,322.44
30085,2015,117.62
30087,2015,155.31
30089,2015,65.07
30091,2015,19.20
30093,2015,11.90
30095,2015,132.05
30097,2015,256.93
30099,2015,392.75
30101,2015,18.91
30103,2015,107.59
30105,2015,242.55
30107,2015,169.36
30109,2015,1.40
30111,2015,418.16
31001,2015,155.00
31003,2015,143.49
31005,2015,11.67
31007,2015,23.57
31009,2015,14.56
31011,2015,89.44
31013,2015,90.27
31015,2015,13.14
31017,2015,67.56
31019,2015,205.29
31021,2015,27.37
31023,2015,31.39
31025,2015,1.43
31027,2015,66.33
31029,2015,173.56
31031,2015,61.57
31033,2015,31.09
31035,2015,122.53
31037,2015,24.31
31039,2015,25.62
31041,2015,190.46
31043,2015,11.92
31045,2015,16.70
31047,2015,199.99
31049,2015,20.24
31051,2015,16.43
31053,2015,40.33
31055,2015,9.60
31057,2015,100.75
31059,2015,81.40
31061,2015,67.88
31063,2015,45.47
31065,2015,34.83
31067,2015,48.44
31069,2015,34.29
31071,2015,18.40
31073,2015,71.73
31075,2015,1.23
31077,2015,74.93
31079,2015,220.35
31081,2015,173.35
31083,2015,56.22
31085,2015,51.99
31087,2015,25.32
31089,2015,272.72
31091,2015,3.86
31093,2015,119.73
31095,2015,79.22
31097,2015,15.10
31099,2015,178.41
31101,2015,96.00
31103,2015,33.63
31105,2015,21.52
31107,2015,53.70
31109,2015,6.06
31111,2015,205.03
31113,2015,27.14
31115,2015,11.66
31117,2015,10.99
31119,2015,8.59
31121,2015,162.27
31123,2015,103.66
31125,2015,44.19
31127,2015,9.63
31129,2015,58.94
31131,2015,2.79
31133,2015,3.05
31135,2015,109.22
31137,2015,192.96
31139,2015,76.37
31141,2015,124.04
31143,2015,48.67
31145,2015,36.56
31147,2015,6.15
31149,2015,53.74
31151,2015,68.77
31153,2015,3.98
31155,2015,18.62
31157,2015,152.44
31159,2015,59.06
31161,2015,41.24
31163,2015,68.69
31165,2015,27.69
31167,2015,17.88
31169,2015,101.57
31171,2015,1.79
31173,2015,8.25
31175,2015,76.02
31177,2015,14.81
31179,2015,30.62
31181,2015,39.76
31183,2015,54.55
31185,2015,137.82
32001,2015,163.78
32003,2015,34.48
32005,2015,78.89
32007,2015,349.23
32009,2015,53.29
32011,2015,121.61
32013,2015,440.78
32015,2015,120.04
32017,2015,59.15
32019,2015,268.29
32021,2015,9.40
32023,2015,61.81
32027,2015,156.31
32029,2015,0.00
32031,2015,50.29
32033,2015,92.87
32510,2015,5.88
33001,2015,0.41
33003,2015,0.39
33005,2015,0.21
33007,2015,0.17
33009,2015,0.38
33011,2015,1.41
33013,2015,0.79
33015,2015,0.95
33017,2015,0.38
33019,2015,0.11
34001,2015,15.15
34003,2015,0.85
34005,2015,22.50
34007,2015,1.86
34009,2015,1.37
34011,2015,18.53
34013,2015,0.75
34015,2015,4.95
34017,2015,0.02
34019,2015,1.11
34021,2015,0.64
34023,2015,1.94
34025,2015,3.69
34027,2015,0.82
34029,2015,8.25
34031,2015,0.32
34033,2015,7.99
34035,2015,1.53
34037,2015,0.48
34039,2015,0.54
34041,2015,0.65
35001,2015,41.52
35003,2015,19.07
35005,2015,130.81
35006,2015,4.86
35007,2015,54.07
35009,2015,127.56
35011,2015,36.97
35013,2015,372.57
35015,2015,137.42
35017,2015,31.69
35019,2015,18.43
35021,2015,2.26
35023,2015,46.26
35025,2015,148.17
35027,2015,18.92
35028,2015,0.00
35029,2015,103.36
35031,2015,0.98
35033,2015,11.52
35035,2015,20.90
35037,2015,39.24
35039,2015,97.35
35041,2015,165.97
35043,2015,45.18
35045,2015,199.77
35047,2015,32.98
35049,2015,21.69
35051,2015,34.12
35053,2015,120.51
35055,2015,82.20
35057,2015,40.90
35059,2015,35.55
35061,2015,130.46
36001,2015,0.75
36003,2015,0.23
36005,2015,0.02
36007,2015,0.45
36009,2015,0.59
36011,2015,0.37
36013,2015,0.86
36015,2015,0.14
36017,2015,0.29
36019,2015,0.20
36021,2015,1.05
36023,2015,0.19
36025,2015,0.29
36027,2015,1.01
36029,2015,2.01
36031,2015,0.27
36033,2015,0.38
36035,2015,0.19
36037,2015,2.92
36039,2015,0.56
36041,2015,0.08
36043,2015,0.21
36045,2015,0.54
36047,2015,0.05
36049,2015,0.15
36051,2015,0.30
36053,2015,0.82
36055,2015,1.30
36057,2015,0.15
36059,2015,2.83
36061,2015,0.00
36063,2015,1.83
36065,2015,0.74
36067,2015,1.60
36069,2015,0.68
36071,2015,2.02
36073,2015,2.31
36075,2015,0.66
36077,2015,0.34
36079,2015,0.26
36081,2015,0.23
36083,2015,0.55
36085,2015,0.18
36087,2015,0.63
36089,2015,0.49
36091,2015,0.64
36093,2015,0.42
36095,2015,0.29
36097,2015,0.13
36099,2015,0.24
36101,2015,0.61
36103,2015,9.07
36105,2015,0.52
36107,2015,0.55
36109,2015,0.25
36111,2015,2.34
36113,2015,0.25
36115,2015,0.41
36117,2015,1.46
36119,2015,2.64
36121,2015,1.60
36123,2015,0.38
37001,2015,3.32
37003,2015,2.05
37005,2015,1.87
37007,2015,2.80
37009,2015,3.06
37011,2015,5.10
37013,2015,3.88
37015,2015,2.51
37017,2015,7.30
37019,2015,7.23
37021,2015,1.93
37023,2015,9.45
37025,2015,1.96
37027,2015,7.39
37029,2015,0.00
37031,2015,2.72
37033,2015,1.57
37035,2015,3.35
37037,2015,2.37
37039,2015,0.33
37041,2015,3.08
37043,2015,0.36
37045,2015,1.43
37047,2015,2.80
37049,2015,3.79
37051,2015,5.84
37053,2015,1.56
37055,2015,0.86
37057,2015,2.91
37059,2015,1.18
37061,2015,7.86
37063,2015,2.17
37065,2015,4.34
37067,2015,4.00
37069,2015,2.47
37071,2015,1.51
37073,2015,2.98
37075,2015,0.12
37077,2015,1.17
37079,2015,4.98
37081,2015,7.92
37083,2015,3.31
37085,2015,8.86
37087,2015,1.24
37089,2015,4.85
37091,2015,3.52
37093,2015,1.06
37095,2015,0.52
37097,2015,5.70
37099,2015,1.70
37101,2015,4.15
37103,2015,2.45
37105,2015,1.96
37107,2015,3.41
37109,2015,1.53
37111,2015,5.71
37113,2015,0.85
37115,2015,1.06
37117,2015,1.39
37119,2015,6.60
37121,2015,0.73
37123,2015,3.80
37125,2015,9.02
37127,2015,4.24
37129,2015,2.82
37131,2015,3.34
37133,2015,7.94
37135,2015,2.29
37137,2015,2.82
37139,2015,0.79
37141,2015,4.67
37143,2015,2.27
37145,2015,1.28
37147,2015,5.08
37149,2015,1.48
37151,2015,3.81
37153,2015,1.03
37155,2015,6.92
37157,2015,3.05
37159,2015,4.10
37161,2015,1.06
37163,2015,12.77
37165,2015,2.78
37167,2015,1.39
37169,2015,1.16
37171,2015,4.61
37173,2015,0.20
37175,2015,4.52
37177,2015,0.00
37179,2015,3.12
37181,2015,1.68
37183,2015,9.28
37185,2015,0.89
37187,2015,3.25
37189,2015,0.73
37191,2015,5.36
37193,2015,0.67
37195,2015,4.63
37197,2015,0.60
37199,2015,1.37
38001,2015,0.00
38003,2015,0.35
38005,2015,0.63
38007,2015,0.28
38009,2015,0.24
38011,2015,0.48
38013,2015,0.21
38015,2015,5.39
38017,2015,3.55
38019,2015,0.01
38021,2015,9.62
38023,2015,1.52
38025,2015,1.07
38027,2015,0.46
38029,2015,6.62
38031,2015,2.70
38033,2015,0.10
38035,2015,8.58
38037,2015,0.38
38039,2015,1.83
38041,2015,0.02
38043,2015,15.66
38045,2015,4.53
38047,2015,1.50
38049,2015,19.40
38051,2015,0.32
38053,2015,78.53
38055,2015,4.16
38057,2015,1.74
38059,2015,1.94
38061,2015,0.31
38063,2015,0.62
38065,2015,5.64
38067,2015,0.75
38069,2015,0.13
38071,2015,0.16
38073,2015,15.04
38075,2015,0.00
38077,2015,2.06
38079,2015,0.24
38081,2015,9.71
38083,2015,0.14
38085,2015,0.04
38087,2015,0.49
38089,2015,0.25
38091,2015,1.42
38093,2015,3.49
38095,2015,0.00
38097,2015,0.09
38099,2015,0.67
38101,2015,0.75
38103,2015,0.11
38105,2015,18.85
39001,2015,0.01
39003,2015,0.34
39005,2015,0.06
39007,2015,0.06
39009,2015,0.02
39011,2015,0.09
39013,2015,0.02
39015,2015,0.01
39017,2015,0.30
39019,2015,0.04
39021,2015,1.15
39023,2015,4.73
39025,2015,0.17
39027,2015,0.09
39029,2015,0.25
39031,2015,0.36
39033,2015,0.06
39035,2015,0.46
39037,2015,0.12
39039,2015,0.14
39041,2015,1.17
39043,2015,6.95
39045,2015,0.37
39047,2015,0.04
39049,2015,1.60
39051,2015,0.07
39053,2015,0.00
39055,2015,0.48
39057,2015,1.98
39059,2015,0.02
39061,2015,0.28
39063,2015,0.15
39065,2015,0.00
39067,2015,0.00
39069,2015,0.03
39071,2015,0.00
39073,2015,0.00
39075,2015,0.00
39077,2015,0.95
39079,2015,0.00
39081,2015,0.08
39083,2015,0.53
39085,2015,10.15
39087,2015,0.00
39089,2015,0.30
39091,2015,0.00
39093,2015,6.37
39095,2015,0.55
39097,2015,0.02
39099,2015,0.22
39101,2015,0.20
39103,2015,0.73
39105,2015,0.00
39107,2015,0.08
39109,2015,1.03
39111,2015,0.04
39113,2015,2.23
39115,2015,0.00
39117,2015,0.04
39119,2015,0.19
39121,2015,0.00
39123,2015,0.02
39125,2015,0.00
39127,2015,0.00
39129,2015,1.85
39131,2015,0.05
39133,2015,0.38
39135,2015,0.03
39137,2015,0.12
39139,2015,0.06
39141,2015,0.45
39143,2015,0.12
39145,2015,0.16
39147,2015,0.10
39149,2015,2.03
39151,2015,1.07
39153,2015,0.73
39155,2015,0.25
39157,2015,0.36
39159,2015,0.19
39161,2015,0.10
39163,2015,0.00
39165,2015,0.48
39167,2015,0.00
39169,2015,0.19
39171,2015,0.56
39173,2015,0.31
39175,2015,0.01
40001,2015,0.26
40003,2015,3.17
40005,2015,0.86
40007,2015,55.24
40009,2015,11.49
40011,2015,5.74
40013,2015,6.21
40015,2015,61.60
40017,2015,4.36
40019,2015,0.56
40021,2015,3.46
40023,2015,0.32
40025,2015,136.53
40027,2015,0.75
40029,2015,0.01
40031,2015,0.79
40033,2015,0.17
40035,2015,0.00
40037,2015,0.20
40039,2015,13.81
40041,2015,0.00
40043,2015,4.42
40045,2015,11.69
40047,2015,2.15
40049,2015,0.70
40051,2015,27.84
40053,2015,2.41
40055,2015,6.62
40057,2015,28.13
40059,2015,17.95
40061,2015,0.10
40063,2015,4.07
40065,2015,67.49
40067,2015,0.28
40069,2015,2.65
40071,2015,5.99
40073,2015,11.36
40075,2015,2.32
40077,2015,0.10
40079,2015,4.74
40081,2015,0.16
40083,2015,1.99
40085,2015,0.92
40087,2015,1.45
40089,2015,1.69
40091,2015,0.08
40093,2015,19.26
40095,2015,2.25
40097,2015,0.00
40099,2015,0.66
40101,2015,9.70
40103,2015,0.02
40105,2015,0.00
40107,2015,0.12
40109,2015,3.44
40111,2015,0.00
40113,2015,1.21
40115,2015,0.09
40117,2015,0.21
40119,2015,0.71
40121,2015,0.05
40123,2015,2.94
40125,2015,1.33
40127,2015,0.76
40129,2015,3.32
40131,2015,1.74
40133,2015,0.05
40135,2015,1.46
40137,2015,1.02
40139,2015,324.14
40141,2015,16.37
40143,2015,4.87
40145,2015,2.16
40147,2015,0.54
40149,2015,8.92
40151,2015,5.08
40153,2015,5.77
41001,2015,253.12
41003,2015,76.72
41005,2015,100.35
41007,2015,0.70
41009,2015,4.50
41011,2015,18.69
41013,2015,141.30
41015,2015,7.05
41017,2015,70.35
41019,2015,74.81
41021,2015,26.34
41023,2015,37.65
41025,2015,418.27
41027,2015,49.70
41029,2015,333.54
41031,2015,127.84
41033,2015,39.02
41035,2015,656.33
41037,2015,325.67
41039,2015,76.65
41041,2015,2.01
41043,2015,94.32
41045,2015,659.19
41047,2015,310.25
41049,2015,206.26
41051,2015,27.28
41053,2015,64.78
41055,2015,7.49
41057,2015,5.07
41059,2015,292.48
41061,2015,180.55
41063,2015,133.97
41065,2015,49.03
41067,2015,148.22
41069,2015,25.46
41071,2015,112.57
42001,2015,0.95
42003,2015,1.73
42005,2015,0.29
42007,2015,0.40
42009,2015,0.19
42011,2015,1.21
42013,2015,0.23
42015,2015,0.09
42017,2015,0.91
42019,2015,0.80
42021,2015,0.32
42023,2015,0.03
42025,2015,0.27
42027,2015,0.65
42029,2015,1.63
42031,2015,0.12
42033,2015,0.18
42035,2015,0.35
42037,2015,0.36
42039,2015,0.46
42041,2015,0.86
42043,2015,0.74
42045,2015,0.74
42047,2015,0.12
42049,2015,0.96
42051,2015,0.23
42053,2015,0.04
42055,2015,1.25
42057,2015,0.07
42059,2015,0.08
42061,2015,0.48
42063,2015,0.21
42065,2015,0.12
42067,2015,0.08
42069,2015,0.49
42071,2015,2.71
42073,2015,0.34
42075,2015,0.79
42077,2015,0.82
42079,2015,0.57
42081,2015,0.30
42083,2015,0.13
42085,2015,0.45
42087,2015,0.08
42089,2015,0.50
42091,2015,2.65
42093,2015,0.10
42095,2015,0.49
42097,2015,0.54
42099,2015,0.10
42101,2015,0.37
42103,2015,0.18
42105,2015,0.04
42107,2015,0.74
42109,2015,0.36
42111,2015,0.33
42113,2015,0.04
42115,2015,0.15
42117,2015,0.15
42119,2015,0.07
42121,2015,0.11
42123,2015,0.16
42125,2015,0.81
42127,2015,0.19
42129,2015,1.37
42131,2015,0.14
42133,2015,0.90
44001,2015,0.11
44003,2015,0.45
44005,2015,0.47
44007,2015,0.77
44009,2015,2.45
45001,2015,0.00
45003,2015,4.89
45005,2015,7.10
45007,2015,0.04
45009,2015,4.49
45011,2015,3.26
45013,2015,4.57
45015,2015,0.05
45017,2015,11.15
45019,2015,1.06
45021,2015,0.00
45023,2015,0.08
45025,2015,1.60
45027,2015,3.26
45029,2015,6.17
45031,2015,3.16
45033,2015,0.89
45035,2015,0.23
45037,2015,5.25
45039,2015,0.00
45041,2015,0.90
45043,2015,2.25
45045,2015,0.87
45047,2015,0.01
45049,2015,5.93
45051,2015,3.24
45053,2015,0.88
45055,2015,0.29
45057,2015,0.09
45059,2015,0.04
45061,2015,3.68
45063,2015,7.86
45065,2015,0.23
45067,2015,0.77
45069,2015,1.64
45071,2015,0.64
45073,2015,0.42
45075,2015,19.87
45077,2015,0.30
45079,2015,0.72
45081,2015,5.76
45083,2015,0.45
45085,2015,11.14
45087,2015,0.00
45089,2015,0.58
45091,2015,0.41
46003,2015,0.02
46005,2015,8.39
46007,2015,8.60
46009,2015,6.80
46011,2015,6.65
46013,2015,2.77
46015,2015,2.38
46017,2015,8.37
46019,2015,4.54
46021,2015,5.19
46023,2015,6.93
46025,2015,2.46
46027,2015,8.85
46029,2015,3.97
46031,2015,0.27
46033,2015,1.59
46035,2015,0.51
46037,2015,0.57
46039,2015,0.59
46041,2015,0.23
46043,2015,1.55
46045,2015,0.34
46047,2015,1.57
46049,2015,0.11
46051,2015,3.36
46053,2015,0.73
46055,2015,0.14
46057,2015,4.29
46059,2015,0.36
46061,2015,0.38
46063,2015,0.71
46065,2015,17.20
46067,2015,2.00
46069,2015,0.10
46071,2015,0.47
46073,2015,1.72
46075,2015,0.00
46077,2015,1.96
46079,2015,0.69
46081,2015,1.10
46083,2015,1.12
46085,2015,2.10
46087,2015,0.05
46089,2015,2.10
46091,2015,0.07
46093,2015,2.93
46095,2015,0.75
46097,2015,0.00
46099,2015,1.45
46101,2015,0.48
46102,2015,0.00
46103,2015,2.76
46105,2015,0.14
46107,2015,2.05
46109,2015,1.96
46111,2015,0.00
46115,2015,15.38
46117,2015,0.06
46119,2015,11.75
46121,2015,12.80
46123,2015,2.30
46125,2015,15.60
46127,2015,6.14
46129,2015,0.70
46135,2015,9.53
46137,2015,0.00
47001,2015,0.02
47003,2015,0.17
47005,2015,0.00
47007,2015,0.30
47009,2015,0.31
47011,2015,0.05
47013,2015,0.03
47015,2015,0.03
47017,2015,0.70
47019,2015,0.01
47021,2015,0.22
47023,2015,0.21
47025,2015,0.01
47027,2015,0.01
47029,2015,0.29
47031,2015,0.97
47033,2015,1.50
47035,2015,0.57
47037,2015,3.31
47039,2015,0.01
47041,2015,0.35
47043,2015,0.34
47045,2015,5.90
47047,2015,1.96
47049,2015,0.01
47051,2015,0.68
47053,2015,1.80
47055,2015,0.89
47057,2015,0.15
47059,2015,1.45
47061,2015,0.19
47063,2015,0.19
47065,2015,1.88
47067,2015,0.01
47069,2015,0.38
47071,2015,0.77
47073,2015,0.07
47075,2015,5.06
47077,2015,0.03
47079,2015,1.60
47081,2015,0.13
47083,2015,0.01
47085,2015,0.12
47087,2015,0.00
47089,2015,0.17
47091,2015,0.06
47093,2015,0.17
47095,2015,5.52
47097,2015,4.70
47099,2015,0.28
47101,2015,0.03
47103,2015,1.42
47105,2015,0.04
47107,2015,0.07
47109,2015,0.24
47111,2015,0.05
47113,2015,2.82
47115,2015,0.02
47117,2015,0.02
47119,2015,0.23
47121,2015,0.03
47123,2015,0.04
47125,2015,0.25
47127,2015,0.00
47129,2015,0.00
47131,2015,2.16
47133,2015,0.02
47135,2015,0.00
47137,2015,0.00
47139,2015,0.03
47141,2015,0.06
47143,2015,0.29
47145,2015,0.08
47147,2015,0.89
47149,2015,0.25
47151,2015,0.02
47153,2015,0.01
47155,2015,0.26
47157,2015,2.46
47159,2015,0.08
47161,2015,0.06
47163,2015,0.13
47165,2015,0.44
47167,2015,2.02
47169,2015,0.03
47171,2015,0.00
47173,2015,0.01
47175,2015,0.02
47177,2015,1.93
47179,2015,0.30
47181,2015,0.08
47183,2015,1.21
47185,2015,0.03
47187,2015,1.53
47189,2015,0.59
48001,2015,0.61
48003,2015,13.05
48005,2015,0.10
48007,2015,0.00
48009,2015,0.00
48011,2015,4.00
48013,2015,19.59
48015,2015,4.42
48017,2015,49.06
48019,2015,0.53
48021,2015,3.39
48023,2015,2.57
48025,2015,1.75
48027,2015,1.64
48029,2015,8.10
48031,2015,1.20
48033,2015,1.69
48035,2015,2.00
48037,2015,5.75
48039,2015,47.11
48041,2015,16.33
48043,2015,1.76
48045,2015,14.78
48047,2015,0.21
48049,2015,6.77
48051,2015,11.30
48053,2015,0.47
48055,2015,0.41
48057,2015,3.00
48059,2015,0.25
48061,2015,167.17
48063,2015,0.00
48065,2015,70.47
48067,2015,0.00
48069,2015,219.89
48071,2015,76.57
48073,2015,0.44
48075,2015,10.30
48077,2015,1.05
48079,2015,66.54
48081,2015,0.38
48083,2015,0.27
48085,2015,3.01
48087,2015,33.64
48089,2015,61.56
48091,2015,0.47
48093,2015,18.91
48095,2015,4.01
48097,2015,0.57
48099,2015,0.32
48101,2015,3.50
48103,2015,0.00
48105,2015,0.01
48107,2015,33.74
48109,2015,40.78
48111,2015,259.52
48113,2015,6.47
48115,2015,48.14
48117,2015,97.57
48119,2015,4.26
48121,2015,2.00
48123,2015,0.19
48125,2015,7.06
48127,2015,3.17
48129,2015,22.94
48131,2015,1.41
48133,2015,2.91
48135,2015,0.65
48137,2015,0.11
48139,2015,0.74
48141,2015,128.52
48143,2015,5.48
48145,2015,5.18
48147,2015,10.46
48149,2015,0.42
48151,2015,3.19
48153,2015,73.40
48155,2015,1.76
48157,2015,22.00
48159,2015,0.07
48161,2015,0.28
48163,2015,51.61
48165,2015,278.64
48167,2015,2.82
48169,2015,8.02
48171,2015,2.29
48173,2015,22.56
48175,2015,2.73
48177,2015,2.83
48179,2015,25.12
48181,2015,2.03
48183,2015,0.02
48185,2015,0.18
48187,2015,0.70
48189,2015,182.49
48191,2015,24.56
48193,2015,0.35
48195,2015,130.56
48197,2015,10.99
48199,2015,0.12
48201,2015,8.18
48203,2015,0.36
48205,2015,295.60
48207,2015,35.07
48209,2015,0.40
48211,2015,2.75
48213,2015,0.94
48215,2015,223.20
48217,2015,1.31
48219,2015,102.01
48221,2015,6.43
48223,2015,2.42
48225,2015,1.12
48227,2015,3.30
48229,2015,81.69
48231,2015,0.18
48233,2015,45.94
48235,2015,0.57
48237,2015,0.08
48239,2015,35.29
48241,2015,0.11
48243,2015,0.67
48245,2015,58.50
48247,2015,0.07
48249,2015,1.37
48251,2015,0.47
48253,2015,2.26
48255,2015,0.72
48257,2015,0.31
48259,2015,0.30
48261,2015,0.00
48263,2015,0.56
48265,2015,0.93
48267,2015,2.17
48269,2015,0.00
48271,2015,2.83
48273,2015,0.05
48275,2015,25.86
48277,2015,5.96
48279,2015,151.31
48281,2015,0.34
48283,2015,1.65
48285,2015,4.93
48287,2015,0.46
48289,2015,0.11
48291,2015,12.64
48293,2015,0.01
48295,2015,31.35
48297,2015,0.86
48299,2015,0.54
48301,2015,0.00
48303,2015,150.08
48305,2015,58.55
48307,2015,1.98
48309,2015,4.37
48311,2015,0.00
48313,2015,0.09
48315,2015,0.01
48317,2015,31.68
48319,2015,4.43
48321,2015,38.61
48323,2015,29.72
48325,2015,33.87
48327,2015,3.74
48329,2015,0.64
48331,2015,4.70
48333,2015,5.30
48335,2015,11.82
48337,2015,0.28
48339,2015,2.48
48341,2015,133.98
48343,2015,0.01
48345,2015,7.81
48347,2015,0.09
48349,2015,0.03
48351,2015,0.04
48353,2015,9.69
48355,2015,0.31
48357,2015,67.23
48359,2015,3.01
48361,2015,1.70
48363,2015,1.02
48365,2015,1.00
48367,2015,0.95
48369,2015,129.91
48371,2015,138.24
48373,2015,0.19
48375,2015,0.47
48377,2015,2.68
48379,2015,0.03
48381,2015,5.40
48383,2015,17.98
48385,2015,0.18
48387,2015,3.65
48389,2015,43.97
48391,2015,0.44
48393,2015,6.31
48395,2015,41.20
48397,2015,0.15
48399,2015,4.03
48401,2015,0.12
48403,2015,0.00
48405,2015,0.00
48407,2015,0.06
48409,2015,5.68
48411,2015,6.26
48413,2015,1.56
48415,2015,5.56
48417,2015,0.14
48419,2015,0.01
48421,2015,220.44
48423,2015,0.61
48425,2015,0.10
48427,2015,4.07
48429,2015,0.12
48431,2015,0.82
48433,2015,0.06
48435,2015,0.91
48437,2015,64.13
48439,2015,3.83
48441,2015,1.04
48443,2015,0.75
48445,2015,79.94
48447,2015,0.04
48449,2015,1.11
48451,2015,45.09
48453,2015,3.56
48455,2015,0.41
48457,2015,0.26
48459,2015,0.16
48461,2015,5.79
48463,2015,32.68
48465,2015,2.50
48467,2015,0.47
48469,2015,7.09
48471,2015,0.21
48473,2015,8.05
48475,2015,2.98
48477,2015,0.15
48479,2015,1.76
48481,2015,125.99
48483,2015,13.57
48485,2015,11.38
48487,2015,17.73
48489,2015,34.17
48491,2015,0.24
48493,2015,9.35
48495,2015,1.45
48497,2015,1.27
48499,2015,0.28
48501,2015,83.67
48503,2015,0.55
48505,2015,0.92
48507,2015,30.01
49001,2015,84.78
49003,2015,410.36
49005,2015,123.01
49007,2015,37.66
49009,2015,19.45
49011,2015,44.53
49013,2015,307.07
49015,2015,127.06
49017,2015,53.74
49019,2015,19.01
49021,2015,161.97
49023,2015,61.13
49025,2015,13.12
49027,2015,297.96
49029,2015,34.97
49031,2015,37.06
49033,2015,117.24
49035,2015,28.77
49037,2015,14.29
49039,2015,197.00
49041,2015,66.79
49043,2015,46.01
49045,2015,83.20
49047,2015,194.24
49049,2015,236.59
49051,2015,33.47
49053,2015,48.91
49055,2015,46.85
49057,2015,79.08
50001,2015,0.19
50003,2015,0.38
50005,2015,0.08
50007,2015,0.45
50009,2015,0.00
50011,2015,0.26
50013,2015,0.10
50015,2015,0.13
50017,2015,0.11
50019,2015,0.17
50021,2015,0.40
50023,2015,0.18
50025,2015,0.40
50027,2015,0.26
51001,2015,10.70
51003,2015,0.93
51005,2015,0.11
51007,2015,0.14
51009,2015,0.09
51011,2015,0.11
51013,2015,0.13
51015,2015,1.18
51017,2015,0.17
51019,2015,0.18
51021,2015,0.06
51023,2015,0.05
51025,2015,0.46
51027,2015,0.00
51029,2015,0.00
51031,2015,0.16
51033,2015,1.74
51035,2015,0.48
51036,2015,1.08
51037,2015,0.24
51041,2015,0.75
51043,2015,0.13
51045,2015,0.00
51047,2015,0.30
51049,2015,0.00
51051,2015,0.03
51053,2015,0.36
51057,2015,0.64
51059,2015,1.07
51061,2015,0.28
51063,2015,0.07
51065,2015,0.13
51067,2015,0.55
51069,2015,0.18
51071,2015,0.09
51073,2015,0.04
51075,2015,0.28
51077,2015,0.08
51079,2015,0.04
51081,2015,0.15
51083,2015,0.78
51085,2015,1.61
51087,2015,0.94
51089,2015,0.11
51091,2015,0.03
51093,2015,0.56
51095,2015,0.22
51097,2015,0.88
51099,2015,0.16
51101,2015,1.34
51103,2015,0.13
51105,2015,0.08
51107,2015,0.95
51109,2015,0.18
51111,2015,0.18
51113,2015,0.04
51115,2015,0.00
51117,2015,0.95
51119,2015,0.52
51121,2015,0.38
51125,2015,0.51
51127,2015,0.23
51131,2015,2.34
51133,2015,0.06
51135,2015,0.08
51137,2015,0.31
51139,2015,0.32
51141,2015,0.13
51143,2015,1.25
51145,2015,0.14
51147,2015,0.15
51149,2015,0.41
51153,2015,1.03
51155,2015,0.10
51157,2015,0.07
51159,2015,0.11
51161,2015,0.69
51163,2015,0.08
51165,2015,1.82
51167,2015,0.03
51169,2015,0.04
51171,2015,0.46
51173,2015,0.05
51175,2015,0.82
51177,2015,0.22
51179,2015,0.11
51181,2015,0.30
51183,2015,0.33
51185,2015,0.09
51187,2015,0.14
51191,2015,0.50
51193,2015,1.71
51195,2015,0.08
51197,2015,0.08
51199,2015,0.07
51510,2015,0.01
51520,2015,0.06
51530,2015,0.00
51540,2015,0.03
51550,2015,0.28
51570,2015,0.00
51580,2015,0.00
51590,2015,0.17
51595,2015,0.00
51600,2015,0.00
51610,2015,0.00
51620,2015,0.00
51630,2015,0.02
51640,2015,0.08
51650,2015,0.04
51660,2015,0.07
51670,2015,0.00
51678,2015,0.00
51680,2015,0.03
51683,2015,0.00
51685,2015,0.05
51690,2015,0.06
51700,2015,0.18
51710,2015,0.06
51720,2015,0.00
51730,2015,0.06
51735,2015,0.00
51740,2015,0.11
51750,2015,0.00
51760,2015,0.28
51770,2015,0.23
51775,2015,0.03
51790,2015,0.11
51800,2015,0.54
51810,2015,0.91
51820,2015,0.05
51830,2015,0.15
51840,2015,0.00
53001,2015,155.35
53003,2015,0.39
53005,2015,247.32
53007,2015,26.42
53009,2015,6.47
53011,2015,5.73
53013,2015,4.51
53015,2015,3.17
53017,2015,20.93
53019,2015,2.41
53021,2015,361.96
53023,2015,0.55
53025,2015,832.42
53027,2015,6.95
53029,2015,1.38
53031,2015,0.89
53033,2015,8.03
53035,2015,2.09
53037,2015,147.09
53039,2015,22.88
53041,2015,7.73
53043,2015,15.44
53045,2015,1.07
53047,2015,48.93
53049,2015,2.23
53051,2015,0.32
53053,2015,5.79
53055,2015,0.11
53057,2015,18.44
53059,2015,0.51
53061,2015,4.54
53063,2015,8.64
53065,2015,6.49
53067,2015,6.12
53069,2015,0.10
53071,2015,102.03
53073,2015,30.97
53075,2015,2.24
53077,2015,404.54
54001,2015,0.02
54003,2015,0.13
54005,2015,0.04
54007,2015,0.00
54009,2015,0.06
54011,2015,0.15
54013,2015,0.00
54015,2015,0.00
54017,2015,0.00
54019,2015,0.08
54021,2015,0.02
54023,2015,0.00
54025,2015,0.27
54027,2015,0.00
54029,2015,0.14
54031,2015,0.04
54033,2015,0.22
54035,2015,0.04
54037,2015,0.16
54039,2015,0.22
54041,2015,0.07
54043,2015,0.00
54045,2015,0.04
54047,2015,0.01
54049,2015,0.08
54051,2015,0.04
54053,2015,0.08
54055,2015,0.04
54057,2015,0.04
54059,2015,0.07
54061,2015,0.34
54063,2015,0.04
54065,2015,0.08
54067,2015,0.04
54069,2015,0.19
54071,2015,0.04
54073,2015,0.02
54075,2015,0.07
54077,2015,0.09
54079,2015,0.11
54081,2015,0.31
54083,2015,0.02
54085,2015,0.02
54087,2015,0.02
54089,2015,0.08
54091,2015,0.04
54093,2015,0.07
54095,2015,0.02
54097,2015,0.06
54099,2015,0.04
54101,2015,0.00
54103,2015,0.00
54105,2015,0.04
54107,2015,0.27
54109,2015,0.08
55001,2015,67.00
55003,2015,0.02
55005,2015,2.76
55007,2015,0.12
55009,2015,0.45
55011,2015,1.52
55013,2015,0.22
55015,2015,0.06
55017,2015,1.42
55019,2015,0.80
55021,2015,1.85
55023,2015,0.16
55025,2015,5.76
55027,2015,0.67
55029,2015,0.67
55031,2015,0.91
55033,2015,9.00
55035,2015,2.10
55037,2015,0.01
55039,2015,1.48
55041,2015,0.10
55043,2015,0.60
55045,2015,1.32
55047,2015,5.07
55049,2015,5.25
55051,2015,0.43
55053,2015,17.65
55055,2015,6.44
55057,2015,21.19
55059,2015,0.48
55061,2015,0.22
55063,2015,0.55
55065,2015,0.59
55067,2015,17.49
55069,2015,1.42
55071,2015,0.29
55073,2015,4.71
55075,2015,2.81
55077,2015,5.91
55078,2015,0.00
55079,2015,0.45
55081,2015,27.42
55083,2015,1.05
55085,2015,12.51
55087,2015,0.84
55089,2015,0.54
55091,2015,2.19
55093,2015,0.27
55095,2015,0.31
55097,2015,59.66
55099,2015,3.00
55101,2015,1.59
55103,2015,0.96
55105,2015,7.39
55107,2015,0.47
55109,2015,3.35
55111,2015,6.44
55113,2015,2.51
55115,2015,0.24
55117,2015,0.53
55119,2015,0.07
55121,2015,3.77
55123,2015,0.32
55125,2015,3.38
55127,2015,3.84
55129,2015,2.61
55131,2015,0.60
55133,2015,2.00
55135,2015,4.75
55137,2015,47.87
55139,2015,0.78
55141,2015,68.52
56001,2015,529.05
56003,2015,586.95
56005,2015,10.77
56007,2015,896.48
56009,2015,171.67
56011,2015,29.54
56013,2015,972.32
56015,2015,666.98
56017,2015,62.39
56019,2015,225.09
56021,2015,170.93
56023,2015,480.69
56025,2015,127.53
56027,2015,42.72
56029,2015,610.95
56031,2015,376.15
56033,2015,290.24
56035,2015,651.02
56037,2015,112.67
56039,2015,102.60
56041,2015,382.99
56043,2015,265.39
56045,2015,22.76
72001,2015,0.00
72003,2015,0.40
72005,2015,1.60
72007,2015,0.00
72009,2015,0.00
72011,2015,0.00
72013,2015,0.00
72015,2015,0.83
72017,2015,0.00
72019,2015,0.00
72021,2015,0.07
72023,2015,1.60
72025,2015,0.10
72027,2015,0.00
72029,2015,0.00
72031,2015,0.00
72033,2015,0.00
72035,2015,0.00
72037,2015,0.00
72039,2015,0.00
72041,2015,0.00
72043,2015,0.92
72045,2015,0.00
72047,2015,0.00
72049,2015,0.00
72051,2015,0.10
72053,2015,0.07
72054,2015,0.00
72055,2015,6.20
72057,2015,2.26
72059,2015,3.27
72061,2015,0.00
72063,2015,0.00
72065,2015,0.00
72067,2015,0.00
72069,2015,0.10
72071,2015,1.12
72073,2015,0.00
72075,2015,8.99
72077,2015,0.00
72079,2015,9.92
72081,2015,0.00
72083,2015,0.00
72085,2015,0.00
72087,2015,0.00
72089,2015,0.00
72091,2015,0.07
72093,2015,0.00
72095,2015,0.70
72097,2015,0.00
72099,2015,0.70
72101,2015,0.00
72103,2015,0.00
72105,2015,0.00
72107,2015,0.00
72109,2015,0.67
72111,2015,0.26
72113,2015,1.68
72115,2015,0.00
72117,2015,0.00
72119,2015,0.37
72121,2015,2.02
72123,2015,11.57
72125,2015,0.00
72127,2015,0.00
72129,2015,0.00
72131,2015,0.00
72133,2015,14.01
72135,2015,0.00
72137,2015,0.00
72139,2015,0.00
72141,2015,0.00
72143,2015,0.00
72145,2015,0.00
72147,2015,0.00
72149,2015,0.00
72151,2015,3.90
72153,2015,2.17
78010,2015,0.00
78020,2015,0.00
78030,2015,0.00