State,State ANSI,Ag District,Ag District Code,County,County ANSI,area_bearing
ALABAMA,1,BLACK BELT,40,AUTAUGA,1, (D)
ALABAMA,1,BLACK BELT,40,DALLAS,47, (D)
ALABAMA,1,BLACK BELT,40,ELMORE,51, (D)
ALABAMA,1,BLACK BELT,40,HALE,65, (D)
ALABAMA,1,COASTAL PLAINS & GULF COAST,50,BALDWIN,3,4.00
ALABAMA,1,COASTAL PLAINS & GULF COAST,50,ESCAMBIA,53, (D)
ALABAMA,1,COASTAL PLAINS & GULF COAST,50,MOBILE,97, (D)
ALABAMA,1,MOUNTAINS & EASTERN VALLEY,20,BLOUNT,9,40.00
ALABAMA,1,MOUNTAINS & EASTERN VALLEY,20,CHEROKEE,19, (D)
ALABAMA,1,MOUNTAINS & EASTERN VALLEY,20,CULLMAN,43, (D)
ALABAMA,1,MOUNTAINS & EASTERN VALLEY,20,DE KALB,49,3.00
ALABAMA,1,MOUNTAINS & EASTERN VALLEY,20,ETOWAH,55, (D)
ALABAMA,1,MOUNTAINS & EASTERN VALLEY,20,JACKSON,71, (D)
ALABAMA,1,MOUNTAINS & EASTERN VALLEY,20,MARSHALL,95,1.00
ALABAMA,1,MOUNTAINS & EASTERN VALLEY,20,SAINT CLAIR,115, (D)
ALABAMA,1,NORTHERN VALLEY,10,LAUDERDALE,77,2.00
ALABAMA,1,NORTHERN VALLEY,10,LAWRENCE,79, (D)
ALABAMA,1,NORTHERN VALLEY,10,LIMESTONE,83,43.00
ALABAMA,1,NORTHERN VALLEY,10,MADISON,89,2.00
ALABAMA,1,NORTHERN VALLEY,10,MARION,93, (D)
ALABAMA,1,NORTHERN VALLEY,10,MORGAN,103,1.00
ALABAMA,1,NORTHERN VALLEY,10,WINSTON,133, (D)
ALABAMA,1,UPPER PLAINS & PIEDMONT,30,CHILTON,21, (D)
ALABAMA,1,UPPER PLAINS & PIEDMONT,30,CLAY,27, (D)
ALABAMA,1,UPPER PLAINS & PIEDMONT,30,JEFFERSON,73, (D)
ALABAMA,1,UPPER PLAINS & PIEDMONT,30,LAMAR,75, (D)
ALABAMA,1,UPPER PLAINS & PIEDMONT,30,LEE,81, (D)
ALABAMA,1,UPPER PLAINS & PIEDMONT,30,PICKENS,107, (D)
ALABAMA,1,UPPER PLAINS & PIEDMONT,30,RANDOLPH,111,6.00
ALABAMA,1,UPPER PLAINS & PIEDMONT,30,SHELBY,117,4.00
ALABAMA,1,UPPER PLAINS & PIEDMONT,30,TALLADEGA,121, (D)
ALABAMA,1,UPPER PLAINS & PIEDMONT,30,TALLAPOOSA,123,2.00
ALABAMA,1,UPPER PLAINS & PIEDMONT,30,TUSCALOOSA,125,4.00
ALABAMA,1,UPPER PLAINS & PIEDMONT,30,WALKER,127, (D)
ALABAMA,1,WIREGRASS,60,COFFEE,31, (D)
ALABAMA,1,WIREGRASS,60,COVINGTON,39, (D)
ALABAMA,1,WIREGRASS,60,CRENSHAW,41, (D)
ALABAMA,1,WIREGRASS,60,GENEVA,61, (D)
ALABAMA,1,WIREGRASS,60,PIKE,109,1.00
ALASKA,2,KENAI PENINSULA,30,KENAI PENINSULA,, (D)
ALASKA,2,MATANUSKA-SUSITNA-ANCHORAGE,20,ANCHORAGE,, (D)
ALASKA,2,SOUTHEAST,40,JUNEAU,, (D)
ALASKA,2,TANANA VALLEY,10,FAIRBANKS NORTH STAR,, (D)
ARIZONA,4,NORTHERN,10,APACHE,1, (D)
ARIZONA,4,NORTHERN,10,COCONINO,5, (D)
ARIZONA,4,NORTHERN,10,GILA,7,48.00
ARIZONA,4,NORTHERN,10,MOHAVE,15, (D)
ARIZONA,4,NORTHERN,10,NAVAJO,17,3.00
ARIZONA,4,NORTHERN,10,YAVAPAI,25,21.00
ARIZONA,4,SOUTHERN,80,COCHISE,3,53.00
ARIZONA,4,SOUTHERN,80,GRAHAM,9, (D)
ARIZONA,4,SOUTHERN,80,MARICOPA,13,5.00
ARIZONA,4,SOUTHERN,80,PIMA,19,2.00
ARIZONA,4,SOUTHERN,80,PINAL,21, (D)
ARIZONA,4,SOUTHERN,80,SANTA CRUZ,23, (D)
ARIZONA,4,SOUTHERN,80,YUMA,27, (D)
ARKANSAS,5,CENTRAL,50,FAULKNER,45, (D)
ARKANSAS,5,CENTRAL,50,GARLAND,51, (D)
ARKANSAS,5,CENTRAL,50,HOT SPRING,59, (D)
ARKANSAS,5,CENTRAL,50,PERRY,105, (D)
ARKANSAS,5,CENTRAL,50,PULASKI,119, (D)
ARKANSAS,5,EAST CENTRAL,60,ARKANSAS,1, (Z)
ARKANSAS,5,EAST CENTRAL,60,CROSS,37, (D)
ARKANSAS,5,NORTH CENTRAL,20,FULTON,49, (D)
ARKANSAS,5,NORTH CENTRAL,20,SHARP,135, (D)
ARKANSAS,5,NORTH CENTRAL,20,STONE,137, (D)
ARKANSAS,5,NORTH CENTRAL,20,VAN BUREN,141, (D)
ARKANSAS,5,NORTHEAST,30,CRAIGHEAD,31,2.00
ARKANSAS,5,NORTHEAST,30,GREENE,55, (D)
ARKANSAS,5,NORTHEAST,30,LAWRENCE,75, (D)
ARKANSAS,5,NORTHEAST,30,RANDOLPH,121, (D)
ARKANSAS,5,NORTHWEST,10,BENTON,7, (D)
ARKANSAS,5,NORTHWEST,10,BOONE,9,5.00
ARKANSAS,5,NORTHWEST,10,CARROLL,15, (D)
ARKANSAS,5,NORTHWEST,10,NEWTON,101, (D)
ARKANSAS,5,NORTHWEST,10,WASHINGTON,143,27.00
ARKANSAS,5,SOUTHEAST,90,DREW,43, (D)
ARKANSAS,5,SOUTHEAST,90,JEFFERSON,69,4.00
ARKANSAS,5,SOUTHEAST,90,LINCOLN,79, (D)
ARKANSAS,5,SOUTHWEST,70,HOWARD,61, (D)
ARKANSAS,5,SOUTHWEST,70,MONTGOMERY,97, (D)
ARKANSAS,5,WEST CENTRAL,40,CRAWFORD,33, (D)
ARKANSAS,5,WEST CENTRAL,40,FRANKLIN,47, (D)
ARKANSAS,5,WEST CENTRAL,40,JOHNSON,71,3.00
ARKANSAS,5,WEST CENTRAL,40,LOGAN,83,1.00
ARKANSAS,5,WEST CENTRAL,40,POPE,115,1.00
CALIFORNIA,6,CENTRAL COAST,40,ALAMEDA,1, (D)
CALIFORNIA,6,CENTRAL COAST,40,CONTRA COSTA,13, (D)
CALIFORNIA,6,CENTRAL COAST,40,LAKE,33,4.00
CALIFORNIA,6,CENTRAL COAST,40,MARIN,41,20.00
CALIFORNIA,6,CENTRAL COAST,40,MONTEREY,53,71.00
CALIFORNIA,6,CENTRAL COAST,40,NAPA,55, (D)
CALIFORNIA,6,CENTRAL COAST,40,SAN BENITO,69,199.00
CALIFORNIA,6,CENTRAL COAST,40,SAN LUIS OBISPO,79,87.00
CALIFORNIA,6,CENTRAL COAST,40,SAN MATEO,81,21.00
CALIFORNIA,6,CENTRAL COAST,40,SANTA CLARA,85,1.00
CALIFORNIA,6,CENTRAL COAST,40,SANTA CRUZ,87,2431.00
CALIFORNIA,6,CENTRAL COAST,40,SONOMA,97,3046.00
CALIFORNIA,6,NORTHEAST,30,LASSEN,35,40.00
CALIFORNIA,6,NORTHEAST,30,MODOC,49,1.00
CALIFORNIA,6,NORTHERN COAST,10,DEL NORTE,15, (D)
CALIFORNIA,6,NORTHERN COAST,10,HUMBOLDT,23,48.00
CALIFORNIA,6,NORTHERN COAST,10,MENDOCINO,45,481.00
CALIFORNIA,6,SACRAMENTO VALLEY,50,BUTTE,7,43.00
CALIFORNIA,6,SACRAMENTO VALLEY,50,COLUSA,11,2.00
CALIFORNIA,6,SACRAMENTO VALLEY,50,GLENN,21,17.00
CALIFORNIA,6,SACRAMENTO VALLEY,50,SACRAMENTO,67, (D)
CALIFORNIA,6,SACRAMENTO VALLEY,50,SOLANO,95, (D)
CALIFORNIA,6,SACRAMENTO VALLEY,50,SUTTER,101,9.00
CALIFORNIA,6,SACRAMENTO VALLEY,50,TEHAMA,103,5.00
CALIFORNIA,6,SACRAMENTO VALLEY,50,YOLO,113,73.00
CALIFORNIA,6,SACRAMENTO VALLEY,50,YUBA,115,10.00
CALIFORNIA,6,SAN JOAQUIN VALLEY,51,FRESNO,19, (D)
CALIFORNIA,6,SAN JOAQUIN VALLEY,51,KERN,29,487.00
CALIFORNIA,6,SAN JOAQUIN VALLEY,51,KINGS,31,20.00
CALIFORNIA,6,SAN JOAQUIN VALLEY,51,MADERA,39, (D)
CALIFORNIA,6,SAN JOAQUIN VALLEY,51,MERCED,47, (D)
CALIFORNIA,6,SAN JOAQUIN VALLEY,51,SAN JOAQUIN,77,1478.00
CALIFORNIA,6,SAN JOAQUIN VALLEY,51,STANISLAUS,99, (D)
CALIFORNIA,6,SAN JOAQUIN VALLEY,51,TULARE,107,50.00
CALIFORNIA,6,SIERRA MOUNTAINS,60,ALPINE,3, (D)
CALIFORNIA,6,SIERRA MOUNTAINS,60,AMADOR,5, (D)
CALIFORNIA,6,SIERRA MOUNTAINS,60,CALAVERAS,9,23.00
CALIFORNIA,6,SIERRA MOUNTAINS,60,EL DORADO,17,394.00
CALIFORNIA,6,SIERRA MOUNTAINS,60,INYO,27, (D)
CALIFORNIA,6,SIERRA MOUNTAINS,60,MARIPOSA,43,14.00
CALIFORNIA,6,SIERRA MOUNTAINS,60,NEVADA,57,40.00
CALIFORNIA,6,SIERRA MOUNTAINS,60,PLACER,61,17.00
CALIFORNIA,6,SIERRA MOUNTAINS,60,SIERRA,91, (D)
CALIFORNIA,6,SIERRA MOUNTAINS,60,TUOLUMNE,109,102.00
CALIFORNIA,6,SISKIYOU-SHASTA,20,SHASTA,89,64.00
CALIFORNIA,6,SISKIYOU-SHASTA,20,SISKIYOU,93,15.00
CALIFORNIA,6,SISKIYOU-SHASTA,20,TRINITY,105,4.00
CALIFORNIA,6,SOUTHERN CALIFORNIA,80,LOS ANGELES,37,70.00
CALIFORNIA,6,SOUTHERN CALIFORNIA,80,ORANGE,59, (D)
CALIFORNIA,6,SOUTHERN CALIFORNIA,80,RIVERSIDE,65,59.00
CALIFORNIA,6,SOUTHERN CALIFORNIA,80,SAN BERNARDINO,71,177.00
CALIFORNIA,6,SOUTHERN CALIFORNIA,80,SAN DIEGO,73,185.00
CALIFORNIA,6,SOUTHERN CALIFORNIA,80,SANTA BARBARA,83, (D)
CALIFORNIA,6,SOUTHERN CALIFORNIA,80,VENTURA,111, (D)
COLORADO,8,EAST CENTRAL,60,ADAMS,1, (D)
COLORADO,8,EAST CENTRAL,60,ARAPAHOE,5, (D)
COLORADO,8,EAST CENTRAL,60,DOUGLAS,35, (D)
COLORADO,8,EAST CENTRAL,60,EL PASO,41, (D)
COLORADO,8,EAST CENTRAL,60,ELBERT,39, (D)
COLORADO,8,NORTHEAST,20,BOULDER,13,20.00
COLORADO,8,NORTHEAST,20,JEFFERSON,59, (D)
COLORADO,8,NORTHEAST,20,LARIMER,69,33.00
COLORADO,8,NORTHEAST,20,MORGAN,87, (D)
COLORADO,8,NORTHEAST,20,WELD,123,48.00
COLORADO,8,NORTHWEST AND MOUNTAIN,10,ROUTT,107, (D)
COLORADO,8,SAN LUIS VALLEY,80,SAGUACHE,109, (D)
COLORADO,8,SOUTHEAST,90,FREMONT,43, (D)
COLORADO,8,SOUTHEAST,90,OTERO,89, (D)
COLORADO,8,SOUTHEAST,90,PROWERS,99,1.00
COLORADO,8,SOUTHEAST,90,PUEBLO,101, (D)
COLORADO,8,SOUTHWEST,70,ARCHULETA,7, (D)
COLORADO,8,SOUTHWEST,70,DELTA,29,746.00
COLORADO,8,SOUTHWEST,70,DOLORES,33, (D)
COLORADO,8,SOUTHWEST,70,GARFIELD,45,19.00
COLORADO,8,SOUTHWEST,70,LA PLATA,67,21.00
COLORADO,8,SOUTHWEST,70,MESA,77,68.00
COLORADO,8,SOUTHWEST,70,MONTEZUMA,83,97.00
COLORADO,8,SOUTHWEST,70,MONTROSE,85,52.00
COLORADO,8,SOUTHWEST,70,SAN MIGUEL,113, (D)
CONNECTICUT,9,ALL COUNTIES,10,FAIRFIELD,1,201.00
CONNECTICUT,9,ALL COUNTIES,10,HARTFORD,3,505.00
CONNECTICUT,9,ALL COUNTIES,10,LITCHFIELD,5,166.00
CONNECTICUT,9,ALL COUNTIES,10,MIDDLESEX,7,127.00
CONNECTICUT,9,ALL COUNTIES,10,NEW HAVEN,9,463.00
CONNECTICUT,9,ALL COUNTIES,10,NEW LONDON,11,84.00
CONNECTICUT,9,ALL COUNTIES,10,TOLLAND,13,73.00
CONNECTICUT,9,ALL COUNTIES,10,WINDHAM,15,220.00
DELAWARE,10,CENTRAL,50,KENT,1, (D)
DELAWARE,10,NORTHERN,20,NEW CASTLE,3, (D)
DELAWARE,10,SOUTHERN,80,SUSSEX,5, (D)
FLORIDA,12,CENTRAL,50,ALACHUA,1,1.00
FLORIDA,12,CENTRAL,50,CITRUS,17, (D)
FLORIDA,12,CENTRAL,50,GILCHRIST,41, (D)
FLORIDA,12,CENTRAL,50,LEVY,75,2.00
FLORIDA,12,CENTRAL,50,MARION,83,3.00
FLORIDA,12,CENTRAL,50,ORANGE,95, (D)
FLORIDA,12,CENTRAL,50,PINELLAS,103, (D)
FLORIDA,12,CENTRAL,50,UNION,125, (D)
FLORIDA,12,CENTRAL,50,VOLUSIA,127,6.00
FLORIDA,12,NORTHEAST,30,COLUMBIA,23, (D)
FLORIDA,12,NORTHEAST,30,HAMILTON,47, (D)
FLORIDA,12,NORTHEAST,30,MADISON,79, (D)
FLORIDA,12,NORTHEAST,30,NASSAU,89, (D)
FLORIDA,12,NORTHWEST,10,ESCAMBIA,33,2.00
FLORIDA,12,NORTHWEST,10,FRANKLIN,37, (D)
FLORIDA,12,NORTHWEST,10,LEON,73, (D)
FLORIDA,12,NORTHWEST,10,OKALOOSA,91,2.00
FLORIDA,12,NORTHWEST,10,SANTA ROSA,113, (D)
FLORIDA,12,NORTHWEST,10,WAKULLA,129,1.00
FLORIDA,12,NORTHWEST,10,WALTON,131,13.00
FLORIDA,12,NORTHWEST,10,WASHINGTON,133, (D)
FLORIDA,12,SOUTHERN,80,MIAMI-DADE,86,6.00
FLORIDA,12,SOUTHERN,80,PALM BEACH,99, (Z)
GEORGIA,13,CENTRAL,50,CRAWFORD,79, (D)
GEORGIA,13,CENTRAL,50,GREENE,133, (D)
GEORGIA,13,CENTRAL,50,HANCOCK,141, (D)
GEORGIA,13,CENTRAL,50,MONROE,207,5.00
GEORGIA,13,CENTRAL,50,NEWTON,217, (D)
GEORGIA,13,CENTRAL,50,PEACH,225, (Z)
GEORGIA,13,CENTRAL,50,TALIAFERRO,265, (D)
GEORGIA,13,CENTRAL,50,TREUTLEN,283, (D)
GEORGIA,13,CENTRAL,50,TWIGGS,289, (D)
GEORGIA,13,CENTRAL,50,WASHINGTON,303,1.00
GEORGIA,13,CENTRAL,50,WILKINSON,319, (D)
GEORGIA,13,EAST CENTRAL,60,BURKE,33,2.00
GEORGIA,13,EAST CENTRAL,60,CANDLER,43, (D)
GEORGIA,13,EAST CENTRAL,60,EFFINGHAM,103, (D)
GEORGIA,13,EAST CENTRAL,60,JEFFERSON,163, (D)
GEORGIA,13,NORTH CENTRAL,20,BARROW,13, (D)
GEORGIA,13,NORTH CENTRAL,20,CHEROKEE,57,13.00
GEORGIA,13,NORTH CENTRAL,20,CLARKE,59,1.00
GEORGIA,13,NORTH CENTRAL,20,FANNIN,111, (D)
GEORGIA,13,NORTH CENTRAL,20,FORSYTH,117, (D)
GEORGIA,13,NORTH CENTRAL,20,FULTON,121,1.00
GEORGIA,13,NORTH CENTRAL,20,GILMER,123,233.00
GEORGIA,13,NORTH CENTRAL,20,HALL,139, (D)
GEORGIA,13,NORTH CENTRAL,20,JACKSON,157,1.00
GEORGIA,13,NORTH CENTRAL,20,OCONEE,219, (D)
GEORGIA,13,NORTH CENTRAL,20,PICKENS,227, (D)
GEORGIA,13,NORTH CENTRAL,20,TOWNS,281, (D)
GEORGIA,13,NORTH CENTRAL,20,UNION,291, (D)
GEORGIA,13,NORTH CENTRAL,20,WALTON,297, (D)
GEORGIA,13,NORTHEAST,30,FRANKLIN,119, (D)
GEORGIA,13,NORTHEAST,30,HART,147, (D)
GEORGIA,13,NORTHEAST,30,MADISON,195, (D)
GEORGIA,13,NORTHEAST,30,OGLETHORPE,221, (D)
GEORGIA,13,NORTHEAST,30,RABUN,241, (D)
GEORGIA,13,NORTHEAST,30,STEPHENS,257, (D)
GEORGIA,13,NORTHEAST,30,WILKES,317, (D)
GEORGIA,13,NORTHWEST,10,CHATTOOGA,55,9.00
GEORGIA,13,NORTHWEST,10,DADE,83, (D)
GEORGIA,13,NORTHWEST,10,FLOYD,115,2.00
GEORGIA,13,NORTHWEST,10,MURRAY,213, (D)
GEORGIA,13,NORTHWEST,10,PAULDING,223, (D)
GEORGIA,13,NORTHWEST,10,POLK,233,3.00
GEORGIA,13,NORTHWEST,10,WALKER,295,7.00
GEORGIA,13,SOUTH CENTRAL,80,BERRIEN,19, (D)
GEORGIA,13,SOUTH CENTRAL,80,BROOKS,27, (D)
GEORGIA,13,SOUTH CENTRAL,80,COOK,75, (D)
GEORGIA,13,SOUTH CENTRAL,80,CRISP,81, (D)
GEORGIA,13,SOUTH CENTRAL,80,DOOLY,93, (D)
GEORGIA,13,SOUTH CENTRAL,80,JEFF DAVIS,161, (D)
GEORGIA,13,SOUTH CENTRAL,80,TURNER,287, (D)
GEORGIA,13,SOUTH CENTRAL,80,WILCOX,315, (D)
GEORGIA,13,SOUTHEAST,90,BRYAN,29, (D)
GEORGIA,13,SOUTHEAST,90,TOOMBS,279, (D)
GEORGIA,13,SOUTHWEST,70,LEE,177, (D)
GEORGIA,13,SOUTHWEST,70,SUMTER,261, (D)
GEORGIA,13,WEST CENTRAL,40,CARROLL,45, (D)
GEORGIA,13,WEST CENTRAL,40,CHATTAHOOCHEE,53, (D)
GEORGIA,13,WEST CENTRAL,40,COWETA,77,1.00
GEORGIA,13,WEST CENTRAL,40,FAYETTE,113, (D)
GEORGIA,13,WEST CENTRAL,40,HARALSON,143, (D)
GEORGIA,13,WEST CENTRAL,40,HARRIS,145, (D)
GEORGIA,13,WEST CENTRAL,40,HENRY,151,1.00
GEORGIA,13,WEST CENTRAL,40,LAMAR,171, (D)
GEORGIA,13,WEST CENTRAL,40,MARION,197, (D)
GEORGIA,13,WEST CENTRAL,40,MERIWETHER,199, (D)
GEORGIA,13,WEST CENTRAL,40,PIKE,231, (D)
GEORGIA,13,WEST CENTRAL,40,SPALDING,255, (D)
GEORGIA,13,WEST CENTRAL,40,TAYLOR,269, (D)
GEORGIA,13,WEST CENTRAL,40,TROUP,285, (D)
GEORGIA,13,WEST CENTRAL,40,UPSON,293, (D)
HAWAII,15,HAWAII ISLAND,11,HAWAII,1, (D)
HAWAII,15,KAUAI AND NIIHAU ISLANDS,24,KAUAI,7, (D)
HAWAII,15,"MAUI, MOLOKAI & LANAI ISLAND",35,MAUI & KALWAO,9,5.00
HAWAII,15,OAHU ISLAND,62,HONOLULU,3, (D)
IDAHO,16,EAST,90,BANNOCK,5, (D)
IDAHO,16,EAST,90,BINGHAM,11, (D)
IDAHO,16,EAST,90,BONNEVILLE,19,10.00
IDAHO,16,EAST,90,FRANKLIN,41, (D)
IDAHO,16,EAST,90,FREMONT,43, (D)
IDAHO,16,EAST,90,JEFFERSON,51,6.00
IDAHO,16,EAST,90,LEMHI,59, (D)
IDAHO,16,EAST,90,MADISON,65,5.00
IDAHO,16,EAST,90,ONEIDA,71, (D)
IDAHO,16,EAST,90,TETON,81, (D)
IDAHO,16,NORTH,10,BENEWAH,9, (D)
IDAHO,16,NORTH,10,BONNER,17,17.00
IDAHO,16,NORTH,10,BOUNDARY,21,5.00
IDAHO,16,NORTH,10,IDAHO,49,5.00
IDAHO,16,NORTH,10,KOOTENAI,55,11.00
IDAHO,16,NORTH,10,LATAH,57,13.00
IDAHO,16,NORTH,10,NEZ PERCE,69, (D)
IDAHO,16,NORTH,10,SHOSHONE,79, (D)
IDAHO,16,SOUTH CENTRAL,80,BLAINE,13, (D)
IDAHO,16,SOUTH CENTRAL,80,GOODING,47, (D)
IDAHO,16,SOUTH CENTRAL,80,JEROME,53, (D)
IDAHO,16,SOUTH CENTRAL,80,MINIDOKA,67,3.00
IDAHO,16,SOUTH CENTRAL,80,TWIN FALLS,83,10.00
IDAHO,16,SOUTHWEST,70,ADA,1,23.00
IDAHO,16,SOUTHWEST,70,ADAMS,3, (D)
IDAHO,16,SOUTHWEST,70,BOISE,15, (D)
IDAHO,16,SOUTHWEST,70,CANYON,27, (D)
IDAHO,16,SOUTHWEST,70,GEM,45,49.00
IDAHO,16,SOUTHWEST,70,OWYHEE,73, (D)
IDAHO,16,SOUTHWEST,70,PAYETTE,75, (D)
IDAHO,16,SOUTHWEST,70,WASHINGTON,87, (D)
ILLINOIS,17,CENTRAL,40,DE WITT,39, (D)
ILLINOIS,17,CENTRAL,40,MACON,115,4.00
ILLINOIS,17,CENTRAL,40,MARSHALL,123,90.00
ILLINOIS,17,CENTRAL,40,MCLEAN,113, (D)
ILLINOIS,17,CENTRAL,40,MENARD,129, (D)
ILLINOIS,17,CENTRAL,40,PEORIA,143,41.00
ILLINOIS,17,CENTRAL,40,TAZEWELL,179, (D)
ILLINOIS,17,CENTRAL,40,WOODFORD,203, (D)
ILLINOIS,17,EAST,50,CHAMPAIGN,19,23.00
ILLINOIS,17,EAST,50,FORD,53, (D)
ILLINOIS,17,EAST,50,IROQUOIS,75, (D)
ILLINOIS,17,EAST,50,KANKAKEE,91, (D)
ILLINOIS,17,EAST,50,LIVINGSTON,105, (D)
ILLINOIS,17,EAST,50,PIATT,147, (D)
ILLINOIS,17,EAST,50,VERMILION,183, (Z)
ILLINOIS,17,EAST SOUTHEAST,70,COLES,29, (D)
ILLINOIS,17,EAST SOUTHEAST,70,CUMBERLAND,35, (D)
ILLINOIS,17,EAST SOUTHEAST,70,DOUGLAS,41, (D)
ILLINOIS,17,EAST SOUTHEAST,70,EFFINGHAM,49, (D)
ILLINOIS,17,EAST SOUTHEAST,70,FAYETTE,51, (D)
ILLINOIS,17,EAST SOUTHEAST,70,JASPER,79, (D)
ILLINOIS,17,EAST SOUTHEAST,70,LAWRENCE,101, (D)
ILLINOIS,17,EAST SOUTHEAST,70,MARION,121, (D)
ILLINOIS,17,NORTHEAST,20,BOONE,7, (D)
ILLINOIS,17,NORTHEAST,20,COOK,31,3.00
ILLINOIS,17,NORTHEAST,20,DE KALB,37,54.00
ILLINOIS,17,NORTHEAST,20,DU PAGE,43, (D)
ILLINOIS,17,NORTHEAST,20,GRUNDY,63, (D)
ILLINOIS,17,NORTHEAST,20,KANE,89, (D)
ILLINOIS,17,NORTHEAST,20,KENDALL,93, (D)
ILLINOIS,17,NORTHEAST,20,LA SALLE,99,7.00
ILLINOIS,17,NORTHEAST,20,LAKE,97,33.00
ILLINOIS,17,NORTHEAST,20,MCHENRY,111,164.00
ILLINOIS,17,NORTHEAST,20,WILL,197,2.00
ILLINOIS,17,NORTHWEST,10,BUREAU,11, (D)
ILLINOIS,17,NORTHWEST,10,CARROLL,15,8.00
ILLINOIS,17,NORTHWEST,10,HENRY,73,9.00
ILLINOIS,17,NORTHWEST,10,JO DAVIESS,85, (D)
ILLINOIS,17,NORTHWEST,10,LEE,103, (D)
ILLINOIS,17,NORTHWEST,10,MERCER,131,3.00
ILLINOIS,17,NORTHWEST,10,OGLE,141, (D)
ILLINOIS,17,NORTHWEST,10,PUTNAM,155, (D)
ILLINOIS,17,NORTHWEST,10,ROCK ISLAND,161,118.00
ILLINOIS,17,NORTHWEST,10,STEPHENSON,177, (D)
ILLINOIS,17,NORTHWEST,10,WHITESIDE,195, (D)
ILLINOIS,17,NORTHWEST,10,WINNEBAGO,201,100.00
ILLINOIS,17,SOUTHEAST,90,EDWARDS,47, (D)
ILLINOIS,17,SOUTHEAST,90,HAMILTON,65,7.00
ILLINOIS,17,SOUTHEAST,90,JEFFERSON,81, (D)
ILLINOIS,17,SOUTHEAST,90,POPE,151, (D)
ILLINOIS,17,SOUTHEAST,90,WAYNE,191, (D)
ILLINOIS,17,SOUTHEAST,90,WHITE,193, (D)
ILLINOIS,17,SOUTHWEST,80,CLINTON,27,11.00
ILLINOIS,17,SOUTHWEST,80,JACKSON,77, (D)
ILLINOIS,17,SOUTHWEST,80,JOHNSON,87, (D)
ILLINOIS,17,SOUTHWEST,80,MONROE,133, (D)
ILLINOIS,17,SOUTHWEST,80,RANDOLPH,157, (D)
ILLINOIS,17,SOUTHWEST,80,ST CLAIR,163, (D)
ILLINOIS,17,SOUTHWEST,80,UNION,181, (D)
ILLINOIS,17,SOUTHWEST,80,WASHINGTON,189, (D)
ILLINOIS,17,SOUTHWEST,80,WILLIAMSON,199, (D)
ILLINOIS,17,WEST,30,ADAMS,1, (D)
ILLINOIS,17,WEST,30,FULTON,57,15.00
ILLINOIS,17,WEST,30,HANCOCK,67, (D)
ILLINOIS,17,WEST,30,HENDERSON,71, (D)
ILLINOIS,17,WEST,30,SCHUYLER,169, (D)
ILLINOIS,17,WEST,30,WARREN,187, (D)
ILLINOIS,17,WEST SOUTHWEST,60,BOND,5, (D)
ILLINOIS,17,WEST SOUTHWEST,60,CALHOUN,13, (D)
ILLINOIS,17,WEST SOUTHWEST,60,CASS,17, (D)
ILLINOIS,17,WEST SOUTHWEST,60,CHRISTIAN,21, (D)
ILLINOIS,17,WEST SOUTHWEST,60,GREENE,61, (D)
ILLINOIS,17,WEST SOUTHWEST,60,JERSEY,83, (D)
ILLINOIS,17,WEST SOUTHWEST,60,MACOUPIN,117,62.00
ILLINOIS,17,WEST SOUTHWEST,60,MADISON,119, (D)
ILLINOIS,17,WEST SOUTHWEST,60,MORGAN,137, (D)
ILLINOIS,17,WEST SOUTHWEST,60,SANGAMON,167,14.00
INDIANA,18,CENTRAL,50,BARTHOLOMEW,5, (D)
INDIANA,18,CENTRAL,50,BOONE,11, (D)
INDIANA,18,CENTRAL,50,CLINTON,23, (D)
INDIANA,18,CENTRAL,50,GRANT,53, (D)
INDIANA,18,CENTRAL,50,HAMILTON,57,7.00
INDIANA,18,CENTRAL,50,HANCOCK,59, (D)
INDIANA,18,CENTRAL,50,HENDRICKS,63, (D)
INDIANA,18,CENTRAL,50,HOWARD,67,58.00
INDIANA,18,CENTRAL,50,JOHNSON,81, (D)
INDIANA,18,CENTRAL,50,MADISON,95, (D)
INDIANA,18,CENTRAL,50,MARION,97, (D)
INDIANA,18,CENTRAL,50,MORGAN,109, (D)
INDIANA,18,CENTRAL,50,RUSH,139, (D)
INDIANA,18,CENTRAL,50,SHELBY,145, (D)
INDIANA,18,EAST CENTRAL,60,BLACKFORD,9, (D)
INDIANA,18,EAST CENTRAL,60,DELAWARE,35,4.00
INDIANA,18,EAST CENTRAL,60,HENRY,65, (D)
INDIANA,18,EAST CENTRAL,60,JAY,75, (D)
INDIANA,18,EAST CENTRAL,60,WAYNE,177, (D)
INDIANA,18,NORTH CENTRAL,20,CARROLL,15, (D)
INDIANA,18,NORTH CENTRAL,20,CASS,17, (D)
INDIANA,18,NORTH CENTRAL,20,ELKHART,39,88.00
INDIANA,18,NORTH CENTRAL,20,FULTON,49, (D)
INDIANA,18,NORTH CENTRAL,20,KOSCIUSKO,85, (D)
INDIANA,18,NORTH CENTRAL,20,MARSHALL,99, (D)
INDIANA,18,NORTH CENTRAL,20,MIAMI,103, (D)
INDIANA,18,NORTH CENTRAL,20,ST. JOSEPH,141,15.00
INDIANA,18,NORTH CENTRAL,20,WABASH,169, (D)
INDIANA,18,NORTHEAST,30,ADAMS,1, (D)
INDIANA,18,NORTHEAST,30,ALLEN,3, (D)
INDIANA,18,NORTHEAST,30,LAGRANGE,87, (D)
INDIANA,18,NORTHEAST,30,NOBLE,113, (D)
INDIANA,18,NORTHEAST,30,STEUBEN,151, (D)
INDIANA,18,NORTHEAST,30,WHITLEY,183,27.00
INDIANA,18,NORTHWEST,10,LA PORTE,91, (D)
INDIANA,18,NORTHWEST,10,LAKE,89, (D)
INDIANA,18,NORTHWEST,10,PORTER,127,23.00
INDIANA,18,NORTHWEST,10,STARKE,149, (D)
INDIANA,18,NORTHWEST,10,WHITE,181, (Z)
INDIANA,18,SOUTH CENTRAL,80,BROWN,13, (D)
INDIANA,18,SOUTH CENTRAL,80,CRAWFORD,25, (D)
INDIANA,18,SOUTH CENTRAL,80,FLOYD,43, (D)
INDIANA,18,SOUTH CENTRAL,80,HARRISON,61,10.00
INDIANA,18,SOUTH CENTRAL,80,LAWRENCE,93, (D)
INDIANA,18,SOUTH CENTRAL,80,MONROE,105, (D)
INDIANA,18,SOUTH CENTRAL,80,WASHINGTON,175, (D)
INDIANA,18,SOUTHEAST,90,CLARK,19, (D)
INDIANA,18,SOUTHEAST,90,DEARBORN,29, (D)
INDIANA,18,SOUTHEAST,90,FRANKLIN,47, (D)
INDIANA,18,SOUTHEAST,90,JEFFERSON,77, (D)
INDIANA,18,SOUTHEAST,90,JENNINGS,79, (D)
INDIANA,18,SOUTHEAST,90,OHIO,115, (D)
INDIANA,18,SOUTHEAST,90,RIPLEY,137, (D)
INDIANA,18,SOUTHEAST,90,SCOTT,143, (D)
INDIANA,18,SOUTHEAST,90,SWITZERLAND,155, (D)
INDIANA,18,SOUTHWEST,70,DAVIESS,27, (D)
INDIANA,18,SOUTHWEST,70,GIBSON,51, (D)
INDIANA,18,SOUTHWEST,70,GREENE,55,3.00
INDIANA,18,SOUTHWEST,70,KNOX,83, (D)
INDIANA,18,SOUTHWEST,70,MARTIN,101, (D)
INDIANA,18,SOUTHWEST,70,POSEY,129, (D)
INDIANA,18,SOUTHWEST,70,SPENCER,147, (D)
INDIANA,18,SOUTHWEST,70,SULLIVAN,153,4.00
INDIANA,18,SOUTHWEST,70,VANDERBURGH,163, (D)
INDIANA,18,WEST CENTRAL,40,CLAY,21, (D)
INDIANA,18,WEST CENTRAL,40,FOUNTAIN,45, (D)
INDIANA,18,WEST CENTRAL,40,MONTGOMERY,107,2.00
INDIANA,18,WEST CENTRAL,40,OWEN,119,2.00
INDIANA,18,WEST CENTRAL,40,PARKE,121, (D)
INDIANA,18,WEST CENTRAL,40,PUTNAM,133, (D)
INDIANA,18,WEST CENTRAL,40,TIPPECANOE,157,10.00
INDIANA,18,WEST CENTRAL,40,VERMILLION,165, (D)
INDIANA,18,WEST CENTRAL,40,VIGO,167, (D)
INDIANA,18,WEST CENTRAL,40,WARREN,171, (D)
IOWA,19,CENTRAL,50,BOONE,15,3.00
IOWA,19,CENTRAL,50,DALLAS,49,7.00
IOWA,19,CENTRAL,50,HAMILTON,79, (D)
IOWA,19,CENTRAL,50,HARDIN,83, (D)
IOWA,19,CENTRAL,50,JASPER,99, (D)
IOWA,19,CENTRAL,50,MARSHALL,127, (D)
IOWA,19,CENTRAL,50,POLK,153, (D)
IOWA,19,CENTRAL,50,POWESHIEK,157, (D)
IOWA,19,CENTRAL,50,STORY,169,37.00
IOWA,19,CENTRAL,50,TAMA,171, (D)
IOWA,19,CENTRAL,50,WEBSTER,187, (D)
IOWA,19,EAST CENTRAL,60,BENTON,11, (D)
IOWA,19,EAST CENTRAL,60,CEDAR,31, (Z)
IOWA,19,EAST CENTRAL,60,CLINTON,45, (D)
IOWA,19,EAST CENTRAL,60,IOWA,95, (D)
IOWA,19,EAST CENTRAL,60,JACKSON,97,1.00
IOWA,19,EAST CENTRAL,60,JOHNSON,103,76.00
IOWA,19,EAST CENTRAL,60,JONES,105, (D)
IOWA,19,EAST CENTRAL,60,LINN,113, (D)
IOWA,19,EAST CENTRAL,60,SCOTT,163, (D)
IOWA,19,NORTH CENTRAL,20,FRANKLIN,69, (D)
IOWA,19,NORTH CENTRAL,20,HANCOCK,81, (D)
IOWA,19,NORTH CENTRAL,20,HUMBOLDT,91, (D)
IOWA,19,NORTH CENTRAL,20,MITCHELL,131, (D)
IOWA,19,NORTHEAST,30,ALLAMAKEE,5, (D)
IOWA,19,NORTHEAST,30,BLACK HAWK,13, (D)
IOWA,19,NORTHEAST,30,BREMER,17,6.00
IOWA,19,NORTHEAST,30,BUCHANAN,19, (D)
IOWA,19,NORTHEAST,30,CHICKASAW,37, (D)
IOWA,19,NORTHEAST,30,CLAYTON,43, (D)
IOWA,19,NORTHEAST,30,DELAWARE,55, (D)
IOWA,19,NORTHEAST,30,DUBUQUE,61, (D)
IOWA,19,NORTHEAST,30,FAYETTE,65, (D)
IOWA,19,NORTHEAST,30,HOWARD,89, (D)
IOWA,19,NORTHEAST,30,WINNESHIEK,191,14.00
IOWA,19,NORTHWEST,10,BUENA VISTA,21,5.00
IOWA,19,NORTHWEST,10,CHEROKEE,35, (D)
IOWA,19,NORTHWEST,10,DICKINSON,59, (D)
IOWA,19,NORTHWEST,10,LYON,119, (D)
IOWA,19,NORTHWEST,10,PLYMOUTH,149, (D)
IOWA,19,NORTHWEST,10,SIOUX,167, (D)
IOWA,19,SOUTH CENTRAL,80,CLARKE,39, (D)
IOWA,19,SOUTH CENTRAL,80,DECATUR,53, (D)
IOWA,19,SOUTH CENTRAL,80,LUCAS,117, (D)
IOWA,19,SOUTH CENTRAL,80,MADISON,121, (D)
IOWA,19,SOUTH CENTRAL,80,MARION,125, (D)
IOWA,19,SOUTH CENTRAL,80,MONROE,135, (D)
IOWA,19,SOUTH CENTRAL,80,RINGGOLD,159, (D)
IOWA,19,SOUTH CENTRAL,80,WARREN,181,3.00
IOWA,19,SOUTH CENTRAL,80,WAYNE,185, (D)
IOWA,19,SOUTHEAST,90,DAVIS,51, (D)
IOWA,19,SOUTHEAST,90,DES MOINES,57, (D)
IOWA,19,SOUTHEAST,90,HENRY,87, (D)
IOWA,19,SOUTHEAST,90,JEFFERSON,101, (D)
IOWA,19,SOUTHEAST,90,KEOKUK,107, (D)
IOWA,19,SOUTHEAST,90,LEE,111, (D)
IOWA,19,SOUTHEAST,90,LOUISA,115, (D)
IOWA,19,SOUTHEAST,90,MAHASKA,123,2.00
IOWA,19,SOUTHEAST,90,VAN BUREN,177, (D)
IOWA,19,SOUTHWEST,70,ADAIR,1, (D)
IOWA,19,SOUTHWEST,70,CASS,29, (D)
IOWA,19,SOUTHWEST,70,FREMONT,71, (D)
IOWA,19,SOUTHWEST,70,MILLS,129,4.00
IOWA,19,SOUTHWEST,70,PAGE,145, (D)
IOWA,19,SOUTHWEST,70,POTTAWATTAMIE,155, (D)
IOWA,19,WEST CENTRAL,40,AUDUBON,9, (D)
IOWA,19,WEST CENTRAL,40,CARROLL,27, (D)
IOWA,19,WEST CENTRAL,40,CRAWFORD,47, (D)
IOWA,19,WEST CENTRAL,40,GREENE,73, (D)
IOWA,19,WEST CENTRAL,40,GUTHRIE,77, (D)
IOWA,19,WEST CENTRAL,40,HARRISON,85, (D)
IOWA,19,WEST CENTRAL,40,SHELBY,165, (D)
IOWA,19,WEST CENTRAL,40,WOODBURY,193, (D)
KANSAS,20,CENTRAL,50,BARTON,9, (D)
KANSAS,20,CENTRAL,50,DICKINSON,41, (D)
KANSAS,20,CENTRAL,50,ELLSWORTH,53, (D)
KANSAS,20,EAST CENTRAL,80,ANDERSON,3, (D)
KANSAS,20,EAST CENTRAL,80,CHASE,17, (D)
KANSAS,20,EAST CENTRAL,80,COFFEY,31, (D)
KANSAS,20,EAST CENTRAL,80,DOUGLAS,45,17.00
KANSAS,20,EAST CENTRAL,80,FRANKLIN,59, (D)
KANSAS,20,EAST CENTRAL,80,JOHNSON,91, (D)
KANSAS,20,EAST CENTRAL,80,LINN,107,1.00
KANSAS,20,EAST CENTRAL,80,LYON,111, (D)
KANSAS,20,EAST CENTRAL,80,MIAMI,121,2.00
KANSAS,20,EAST CENTRAL,80,MORRIS,127, (D)
KANSAS,20,EAST CENTRAL,80,OSAGE,139, (D)
KANSAS,20,EAST CENTRAL,80,SHAWNEE,177,3.00
KANSAS,20,NORTH CENTRAL,40,MITCHELL,123, (D)
KANSAS,20,NORTH CENTRAL,40,PHILLIPS,147, (D)
KANSAS,20,NORTH CENTRAL,40,REPUBLIC,157, (D)
KANSAS,20,NORTH CENTRAL,40,WASHINGTON,201, (D)
KANSAS,20,NORTHEAST,70,ATCHISON,5, (D)
KANSAS,20,NORTHEAST,70,BROWN,13, (D)
KANSAS,20,NORTHEAST,70,JEFFERSON,87,25.00
KANSAS,20,NORTHEAST,70,LEAVENWORTH,103, (D)
KANSAS,20,NORTHEAST,70,MARSHALL,117, (D)
KANSAS,20,NORTHEAST,70,POTTAWATOMIE,149,1.00
KANSAS,20,NORTHEAST,70,RILEY,161,1.00
KANSAS,20,NORTHEAST,70,WYANDOTTE,209, (D)
KANSAS,20,NORTHWEST,10,THOMAS,193, (D)
KANSAS,20,SOUTH CENTRAL,60,HARVEY,79, (D)
KANSAS,20,SOUTH CENTRAL,60,RENO,155, (D)
KANSAS,20,SOUTH CENTRAL,60,SEDGWICK,173, (D)
KANSAS,20,SOUTH CENTRAL,60,STAFFORD,185, (D)
KANSAS,20,SOUTHEAST,90,BUTLER,15, (D)
KANSAS,20,SOUTHEAST,90,CHAUTAUQUA,19,3.00
KANSAS,20,SOUTHEAST,90,CHEROKEE,21, (D)
KANSAS,20,SOUTHEAST,90,COWLEY,35, (D)
KANSAS,20,SOUTHEAST,90,CRAWFORD,37, (D)
KANSAS,20,SOUTHEAST,90,ELK,49,1.00
KANSAS,20,SOUTHEAST,90,GREENWOOD,73,1.00
KANSAS,20,SOUTHEAST,90,LABETTE,99, (D)
KANSAS,20,SOUTHEAST,90,MONTGOMERY,125, (D)
KENTUCKY,21,BLUEGRASS,50,ANDERSON,5,3.00
KENTUCKY,21,BLUEGRASS,50,BATH,11, (D)
KENTUCKY,21,BLUEGRASS,50,BOURBON,17, (D)
KENTUCKY,21,BLUEGRASS,50,BOYLE,21, (D)
KENTUCKY,21,BLUEGRASS,50,CLARK,49,2.00
KENTUCKY,21,BLUEGRASS,50,FAYETTE,67, (D)
KENTUCKY,21,BLUEGRASS,50,FLEMING,69, (D)
KENTUCKY,21,BLUEGRASS,50,FRANKLIN,73,3.00
KENTUCKY,21,BLUEGRASS,50,GARRARD,79, (D)
KENTUCKY,21,BLUEGRASS,50,HARRISON,97,24.00
KENTUCKY,21,BLUEGRASS,50,JESSAMINE,113, (D)
KENTUCKY,21,BLUEGRASS,50,MADISON,151, (D)
KENTUCKY,21,BLUEGRASS,50,MASON,161, (D)
KENTUCKY,21,BLUEGRASS,50,MERCER,167, (D)
KENTUCKY,21,BLUEGRASS,50,MONTGOMERY,173, (D)
KENTUCKY,21,BLUEGRASS,50,NICHOLAS,181, (D)
KENTUCKY,21,BLUEGRASS,50,ROBERTSON,201, (D)
KENTUCKY,21,BLUEGRASS,50,SCOTT,209, (D)
KENTUCKY,21,BLUEGRASS,50,SHELBY,211,21.00
KENTUCKY,21,BLUEGRASS,50,SPENCER,215,6.00
KENTUCKY,21,BLUEGRASS,50,WASHINGTON,229, (D)
KENTUCKY,21,BLUEGRASS,50,WOODFORD,239, (D)
KENTUCKY,21,CENTRAL,30,ADAIR,1,7.00
KENTUCKY,21,CENTRAL,30,ALLEN,3,4.00
KENTUCKY,21,CENTRAL,30,BARREN,9,2.00
KENTUCKY,21,CENTRAL,30,BULLITT,29, (D)
KENTUCKY,21,CENTRAL,30,CASEY,45, (D)
KENTUCKY,21,CENTRAL,30,CLINTON,53, (D)
KENTUCKY,21,CENTRAL,30,CUMBERLAND,57, (D)
KENTUCKY,21,CENTRAL,30,EDMONSON,61, (D)
KENTUCKY,21,CENTRAL,30,HARDIN,93,2.00
KENTUCKY,21,CENTRAL,30,HART,99,14.00
KENTUCKY,21,CENTRAL,30,JEFFERSON,111,4.00
KENTUCKY,21,CENTRAL,30,LARUE,123, (D)
KENTUCKY,21,CENTRAL,30,MARION,155, (D)
KENTUCKY,21,CENTRAL,30,MEADE,163,3.00
KENTUCKY,21,CENTRAL,30,METCALFE,169, (D)
KENTUCKY,21,CENTRAL,30,MONROE,171, (D)
KENTUCKY,21,CENTRAL,30,NELSON,179,3.00
KENTUCKY,21,CENTRAL,30,RUSSELL,207, (D)
KENTUCKY,21,CENTRAL,30,TAYLOR,217, (D)
KENTUCKY,21,CENTRAL,30,WARREN,227, (D)
KENTUCKY,21,EASTERN OR MOUNTAIN,60,BELL,13, (D)
KENTUCKY,21,EASTERN OR MOUNTAIN,60,BOYD,19, (D)
KENTUCKY,21,EASTERN OR MOUNTAIN,60,CLAY,51, (D)
KENTUCKY,21,EASTERN OR MOUNTAIN,60,ELLIOTT,63, (D)
KENTUCKY,21,EASTERN OR MOUNTAIN,60,ESTILL,65,4.00
KENTUCKY,21,EASTERN OR MOUNTAIN,60,GREENUP,89, (D)
KENTUCKY,21,EASTERN OR MOUNTAIN,60,HARLAN,95,47.00
KENTUCKY,21,EASTERN OR MOUNTAIN,60,JACKSON,109, (D)
KENTUCKY,21,EASTERN OR MOUNTAIN,60,JOHNSON,115,4.00
KENTUCKY,21,EASTERN OR MOUNTAIN,60,KNOTT,119, (D)
KENTUCKY,21,EASTERN OR MOUNTAIN,60,KNOX,121, (D)
KENTUCKY,21,EASTERN OR MOUNTAIN,60,LAUREL,125,6.00
KENTUCKY,21,EASTERN OR MOUNTAIN,60,LAWRENCE,127, (D)
KENTUCKY,21,EASTERN OR MOUNTAIN,60,LEE,129, (D)
KENTUCKY,21,EASTERN OR MOUNTAIN,60,LETCHER,133, (D)
KENTUCKY,21,EASTERN OR MOUNTAIN,60,MAGOFFIN,153, (D)
KENTUCKY,21,EASTERN OR MOUNTAIN,60,MCCREARY,147, (D)
KENTUCKY,21,EASTERN OR MOUNTAIN,60,MORGAN,175, (D)
KENTUCKY,21,EASTERN OR MOUNTAIN,60,OWSLEY,189, (D)
KENTUCKY,21,EASTERN OR MOUNTAIN,60,PERRY,193, (D)
KENTUCKY,21,EASTERN OR MOUNTAIN,60,POWELL,197, (D)
KENTUCKY,21,EASTERN OR MOUNTAIN,60,PULASKI,199, (D)
KENTUCKY,21,EASTERN OR MOUNTAIN,60,ROCKCASTLE,203, (D)
KENTUCKY,21,EASTERN OR MOUNTAIN,60,ROWAN,205,74.00
KENTUCKY,21,EASTERN OR MOUNTAIN,60,WAYNE,231,3.00
KENTUCKY,21,EASTERN OR MOUNTAIN,60,WHITLEY,235, (D)
KENTUCKY,21,EASTERN OR MOUNTAIN,60,WOLFE,237, (D)
KENTUCKY,21,MIDWESTERN,20,CALDWELL,33, (D)
KENTUCKY,21,MIDWESTERN,20,CHRISTIAN,47, (D)
KENTUCKY,21,MIDWESTERN,20,CRITTENDEN,55, (D)
KENTUCKY,21,MIDWESTERN,20,DAVIESS,59,18.00
KENTUCKY,21,MIDWESTERN,20,HENDERSON,101, (D)
KENTUCKY,21,MIDWESTERN,20,HOPKINS,107, (D)
KENTUCKY,21,MIDWESTERN,20,LOGAN,141,2.00
KENTUCKY,21,MIDWESTERN,20,MUHLENBERG,177, (D)
KENTUCKY,21,MIDWESTERN,20,TODD,219,7.00
KENTUCKY,21,MIDWESTERN,20,UNION,225,2.00
KENTUCKY,21,MIDWESTERN,20,WEBSTER,233,5.00
KENTUCKY,21,NORTHERN,40,BOONE,15, (D)
KENTUCKY,21,NORTHERN,40,BRACKEN,23, (D)
KENTUCKY,21,NORTHERN,40,CAMPBELL,37, (D)
KENTUCKY,21,NORTHERN,40,GRANT,81,10.00
KENTUCKY,21,NORTHERN,40,HENRY,103, (D)
KENTUCKY,21,NORTHERN,40,KENTON,117,7.00
KENTUCKY,21,NORTHERN,40,OLDHAM,185, (D)
KENTUCKY,21,NORTHERN,40,OWEN,187, (D)
KENTUCKY,21,NORTHERN,40,PENDLETON,191, (D)
KENTUCKY,21,NORTHERN,40,TRIMBLE,223, (D)
KENTUCKY,21,PURCHASE,10,LIVINGSTON,139, (D)
KENTUCKY,21,PURCHASE,10,MCCRACKEN,145, (D)
KENTUCKY,21,PURCHASE,10,TRIGG,221,3.00
LOUISIANA,22,CENTRAL,50,RAPIDES,79, (D)
LOUISIANA,22,EAST CENTRAL,60,EAST BATON ROUGE,33, (D)
LOUISIANA,22,EAST CENTRAL,60,EAST FELICIANA,37, (D)
LOUISIANA,22,EAST CENTRAL,60,SAINT TAMMANY,103, (D)
LOUISIANA,22,NORTH CENTRAL,20,BIENVILLE,13, (D)
LOUISIANA,22,NORTH CENTRAL,20,CLAIBORNE,27, (D)
LOUISIANA,22,NORTH CENTRAL,20,UNION,111, (D)
LOUISIANA,22,NORTH CENTRAL,20,WINN,127, (D)
LOUISIANA,22,NORTHEAST,30,WEST CARROLL,123, (D)
LOUISIANA,22,NORTHWEST,10,CADDO,17, (D)
LOUISIANA,22,SOUTH CENTRAL,80,IBERVILLE,47, (D)
LOUISIANA,22,SOUTHWEST,70,BEAUREGARD,11, (D)
LOUISIANA,22,SOUTHWEST,70,CALCASIEU,19, (D)
MAINE,23,CENTRAL,20,HANCOCK,9,51.00
MAINE,23,CENTRAL,20,PENOBSCOT,19,291.00
MAINE,23,CENTRAL,20,PISCATAQUIS,21,38.00
MAINE,23,CENTRAL,20,SOMERSET,25,57.00
MAINE,23,CENTRAL,20,WALDO,27,72.00
MAINE,23,CENTRAL,20,WASHINGTON,29, (D)
MAINE,23,NORTH,10,AROOSTOOK,3,97.00
MAINE,23,SOUTH,30,ANDROSCOGGIN,1, (D)
MAINE,23,SOUTH,30,CUMBERLAND,5,151.00
MAINE,23,SOUTH,30,FRANKLIN,7,39.00
MAINE,23,SOUTH,30,KENNEBEC,11,133.00
MAINE,23,SOUTH,30,KNOX,13, (D)
MAINE,23,SOUTH,30,LINCOLN,15, (D)
MAINE,23,SOUTH,30,OXFORD,17,455.00
MAINE,23,SOUTH,30,SAGADAHOC,23, (D)
MAINE,23,SOUTH,30,YORK,31,252.00
MARYLAND,24,LOWER EASTERN SHORE,90,DORCHESTER,19, (D)
MARYLAND,24,LOWER EASTERN SHORE,90,SOMERSET,39, (D)
MARYLAND,24,NORTH CENTRAL,20,BALTIMORE,5,11.00
MARYLAND,24,NORTH CENTRAL,20,CARROLL,13, (D)
MARYLAND,24,NORTH CENTRAL,20,FREDERICK,21,68.00
MARYLAND,24,NORTH CENTRAL,20,HARFORD,25,74.00
MARYLAND,24,NORTH CENTRAL,20,HOWARD,27, (D)
MARYLAND,24,NORTH CENTRAL,20,MONTGOMERY,31,72.00
MARYLAND,24,NORTH CENTRAL,20,WASHINGTON,43,917.00
MARYLAND,24,SOUTHERN,80,ANNE ARUNDEL,3, (D)
MARYLAND,24,SOUTHERN,80,CHARLES,17,3.00
MARYLAND,24,SOUTHERN,80,PRINCE GEORGES,33, (D)
MARYLAND,24,SOUTHERN,80,ST MARYS,37, (D)
MARYLAND,24,UPPER EASTERN SHORE,30,CAROLINE,11, (D)
MARYLAND,24,UPPER EASTERN SHORE,30,CECIL,15, (D)
MARYLAND,24,UPPER EASTERN SHORE,30,KENT,29, (D)
MARYLAND,24,UPPER EASTERN SHORE,30,QUEEN ANNES,35,1.00
MARYLAND,24,WESTERN,10,ALLEGANY,1,40.00
MARYLAND,24,WESTERN,10,GARRETT,23,60.00
MASSACHUSETTS,25,ALL COUNTIES,10,BARNSTABLE,1, (D)
MASSACHUSETTS,25,ALL COUNTIES,10,BERKSHIRE,3, (D)
MASSACHUSETTS,25,ALL COUNTIES,10,BRISTOL,5,99.00
MASSACHUSETTS,25,ALL COUNTIES,10,DUKES,7, (D)
MASSACHUSETTS,25,ALL COUNTIES,10,ESSEX,9,180.00
MASSACHUSETTS,25,ALL COUNTIES,10,FRANKLIN,11,440.00
MASSACHUSETTS,25,ALL COUNTIES,10,HAMPDEN,13,213.00
MASSACHUSETTS,25,ALL COUNTIES,10,HAMPSHIRE,15,226.00
MASSACHUSETTS,25,ALL COUNTIES,10,MIDDLESEX,17,318.00
MASSACHUSETTS,25,ALL COUNTIES,10,NANTUCKET,19, (D)
MASSACHUSETTS,25,ALL COUNTIES,10,NORFOLK,21, (D)
MASSACHUSETTS,25,ALL COUNTIES,10,PLYMOUTH,23,136.00
MASSACHUSETTS,25,ALL COUNTIES,10,WORCESTER,27,1687.00
MICHIGAN,26,CENTRAL,50,CLARE,35,19.00
MICHIGAN,26,CENTRAL,50,GLADWIN,51,26.00
MICHIGAN,26,CENTRAL,50,GRATIOT,57, (D)
MICHIGAN,26,CENTRAL,50,ISABELLA,73, (D)
MICHIGAN,26,CENTRAL,50,MECOSTA,107, (D)
MICHIGAN,26,CENTRAL,50,MIDLAND,111, (D)
MICHIGAN,26,CENTRAL,50,MONTCALM,117,510.00
MICHIGAN,26,CENTRAL,50,OSCEOLA,133, (D)
MICHIGAN,26,EAST CENTRAL,60,ARENAC,11, (D)
MICHIGAN,26,EAST CENTRAL,60,BAY,17, (D)
MICHIGAN,26,EAST CENTRAL,60,HURON,63, (D)
MICHIGAN,26,EAST CENTRAL,60,SAGINAW,145,13.00
MICHIGAN,26,EAST CENTRAL,60,SANILAC,151,19.00
MICHIGAN,26,EAST CENTRAL,60,TUSCOLA,157,4.00
MICHIGAN,26,NORTHEAST,30,ALCONA,1, (D)
MICHIGAN,26,NORTHEAST,30,ALPENA,7,14.00
MICHIGAN,26,NORTHEAST,30,CHEBOYGAN,31,13.00
MICHIGAN,26,NORTHEAST,30,IOSCO,69, (D)
MICHIGAN,26,NORTHEAST,30,MONTMORENCY,119, (D)
MICHIGAN,26,NORTHEAST,30,OGEMAW,129, (D)
MICHIGAN,26,NORTHEAST,30,OSCODA,135,3.00
MICHIGAN,26,NORTHEAST,30,OTSEGO,137, (D)
MICHIGAN,26,NORTHEAST,30,PRESQUE ISLE,141, (D)
MICHIGAN,26,NORTHWEST,20,ANTRIM,9,733.00
MICHIGAN,26,NORTHWEST,20,BENZIE,19,654.00
MICHIGAN,26,NORTHWEST,20,CHARLEVOIX,29,267.00
MICHIGAN,26,NORTHWEST,20,EMMET,47, (D)
MICHIGAN,26,NORTHWEST,20,GRAND TRAVERSE,55,1121.00
MICHIGAN,26,NORTHWEST,20,KALKASKA,79, (D)
MICHIGAN,26,NORTHWEST,20,LEELANAU,89,905.00
MICHIGAN,26,NORTHWEST,20,MANISTEE,101,428.00
MICHIGAN,26,NORTHWEST,20,MISSAUKEE,113, (D)
MICHIGAN,26,NORTHWEST,20,WEXFORD,165,20.00
MICHIGAN,26,SOUTH CENTRAL,80,BARRY,15,8.00
MICHIGAN,26,SOUTH CENTRAL,80,BRANCH,23, (D)
MICHIGAN,26,SOUTH CENTRAL,80,CALHOUN,25,19.00
MICHIGAN,26,SOUTH CENTRAL,80,CLINTON,37,23.00
MICHIGAN,26,SOUTH CENTRAL,80,EATON,45,46.00
MICHIGAN,26,SOUTH CENTRAL,80,HILLSDALE,59, (D)
MICHIGAN,26,SOUTH CENTRAL,80,INGHAM,65,34.00
MICHIGAN,26,SOUTH CENTRAL,80,IONIA,67,114.00
MICHIGAN,26,SOUTH CENTRAL,80,JACKSON,75,18.00
MICHIGAN,26,SOUTH CENTRAL,80,SHIAWASSEE,155,50.00
MICHIGAN,26,SOUTH CENTRAL,80,ST JOSEPH,149, (D)
MICHIGAN,26,SOUTHEAST,90,GENESEE,49,125.00
MICHIGAN,26,SOUTHEAST,90,LAPEER,87,103.00
MICHIGAN,26,SOUTHEAST,90,LENAWEE,91, (D)
MICHIGAN,26,SOUTHEAST,90,LIVINGSTON,93,90.00
MICHIGAN,26,SOUTHEAST,90,MACOMB,99,336.00
MICHIGAN,26,SOUTHEAST,90,MONROE,115,81.00
MICHIGAN,26,SOUTHEAST,90,OAKLAND,125,260.00
MICHIGAN,26,SOUTHEAST,90,ST CLAIR,147,10.00
MICHIGAN,26,SOUTHEAST,90,WASHTENAW,161,126.00
MICHIGAN,26,SOUTHEAST,90,WAYNE,163, (D)
MICHIGAN,26,SOUTHWEST,70,ALLEGAN,5,691.00
MICHIGAN,26,SOUTHWEST,70,BERRIEN,21,2551.00
MICHIGAN,26,SOUTHWEST,70,CASS,27,444.00
MICHIGAN,26,SOUTHWEST,70,KALAMAZOO,77,90.00
MICHIGAN,26,SOUTHWEST,70,KENT,81,8264.00
MICHIGAN,26,SOUTHWEST,70,OTTAWA,139,3482.00
MICHIGAN,26,SOUTHWEST,70,VAN BUREN,159,2342.00
MICHIGAN,26,UPPER PENINSULA,10,ALGER,3, (D)
MICHIGAN,26,UPPER PENINSULA,10,BARAGA,13, (D)
MICHIGAN,26,UPPER PENINSULA,10,CHIPPEWA,33, (D)
MICHIGAN,26,UPPER PENINSULA,10,DELTA,41,51.00
MICHIGAN,26,UPPER PENINSULA,10,DICKINSON,43, (D)
MICHIGAN,26,UPPER PENINSULA,10,GOGEBIC,53, (D)
MICHIGAN,26,UPPER PENINSULA,10,HOUGHTON,61,7.00
MICHIGAN,26,UPPER PENINSULA,10,IRON,71,2.00
MICHIGAN,26,UPPER PENINSULA,10,KEWEENAW,83,11.00
MICHIGAN,26,UPPER PENINSULA,10,LUCE,95, (D)
MICHIGAN,26,UPPER PENINSULA,10,MACKINAC,97, (D)
MICHIGAN,26,UPPER PENINSULA,10,MARQUETTE,103,18.00
MICHIGAN,26,UPPER PENINSULA,10,MENOMINEE,109,33.00
MICHIGAN,26,UPPER PENINSULA,10,ONTONAGON,131, (D)
MICHIGAN,26,WEST CENTRAL,40,LAKE,85, (D)
MICHIGAN,26,WEST CENTRAL,40,MASON,105,1285.00
MICHIGAN,26,WEST CENTRAL,40,MUSKEGON,121,2160.00
MICHIGAN,26,WEST CENTRAL,40,NEWAYGO,123,1015.00
MICHIGAN,26,WEST CENTRAL,40,OCEANA,127,3347.00
MINNESOTA,27,CENTRAL,50,BENTON,9, (D)
MINNESOTA,27,CENTRAL,50,CARVER,19,79.00
MINNESOTA,27,CENTRAL,50,KANDIYOHI,67, (D)
MINNESOTA,27,CENTRAL,50,MCLEOD,85,22.00
MINNESOTA,27,CENTRAL,50,MEEKER,93, (D)
MINNESOTA,27,CENTRAL,50,MORRISON,97,8.00
MINNESOTA,27,CENTRAL,50,SCOTT,139, (D)
MINNESOTA,27,CENTRAL,50,SHERBURNE,141, (D)
MINNESOTA,27,CENTRAL,50,STEARNS,145,119.00
MINNESOTA,27,CENTRAL,50,TODD,153,23.00
MINNESOTA,27,CENTRAL,50,WADENA,159, (D)
MINNESOTA,27,CENTRAL,50,WRIGHT,171,288.00
MINNESOTA,27,EAST CENTRAL,60,AITKIN,1, (D)
MINNESOTA,27,EAST CENTRAL,60,ANOKA,3,13.00
MINNESOTA,27,EAST CENTRAL,60,CHISAGO,25,51.00
MINNESOTA,27,EAST CENTRAL,60,CROW WING,35, (D)
MINNESOTA,27,EAST CENTRAL,60,HENNEPIN,53, (D)
MINNESOTA,27,EAST CENTRAL,60,ISANTI,59,10.00
MINNESOTA,27,EAST CENTRAL,60,KANABEC,65, (D)
MINNESOTA,27,EAST CENTRAL,60,MILLE LACS,95,24.00
MINNESOTA,27,EAST CENTRAL,60,PINE,115, (D)
MINNESOTA,27,EAST CENTRAL,60,RAMSEY,123, (D)
MINNESOTA,27,EAST CENTRAL,60,WASHINGTON,163,312.00
MINNESOTA,27,NORTH CENTRAL,20,BELTRAMI,7,5.00
MINNESOTA,27,NORTH CENTRAL,20,CASS,21, (D)
MINNESOTA,27,NORTH CENTRAL,20,HUBBARD,57, (D)
MINNESOTA,27,NORTH CENTRAL,20,ITASCA,61,7.00
MINNESOTA,27,NORTH CENTRAL,20,KOOCHICHING,71, (D)
MINNESOTA,27,NORTHEAST,30,COOK,31,4.00
MINNESOTA,27,NORTHEAST,30,LAKE,75,6.00
MINNESOTA,27,NORTHEAST,30,ST. LOUIS,137,22.00
MINNESOTA,27,NORTHWEST,10,BECKER,5,26.00
MINNESOTA,27,NORTHWEST,10,CLEARWATER,29, (D)
MINNESOTA,27,NORTHWEST,10,MARSHALL,89, (D)
MINNESOTA,27,NORTHWEST,10,NORMAN,107, (D)
MINNESOTA,27,NORTHWEST,10,PENNINGTON,113, (D)
MINNESOTA,27,NORTHWEST,10,POLK,119, (Z)
MINNESOTA,27,NORTHWEST,10,RED LAKE,125, (D)
MINNESOTA,27,SOUTH CENTRAL,80,BLUE EARTH,13,27.00
MINNESOTA,27,SOUTH CENTRAL,80,BROWN,15, (D)
MINNESOTA,27,SOUTH CENTRAL,80,FREEBORN,47, (D)
MINNESOTA,27,SOUTH CENTRAL,80,LE SUEUR,79, (D)
MINNESOTA,27,SOUTH CENTRAL,80,MARTIN,91, (D)
MINNESOTA,27,SOUTH CENTRAL,80,NICOLLET,103, (D)
MINNESOTA,27,SOUTH CENTRAL,80,RICE,131,154.00
MINNESOTA,27,SOUTH CENTRAL,80,STEELE,147, (D)
MINNESOTA,27,SOUTHEAST,90,DAKOTA,37,51.00
MINNESOTA,27,SOUTHEAST,90,DODGE,39, (D)
MINNESOTA,27,SOUTHEAST,90,FILLMORE,45, (D)
MINNESOTA,27,SOUTHEAST,90,GOODHUE,49,28.00
MINNESOTA,27,SOUTHEAST,90,HOUSTON,55, (D)
MINNESOTA,27,SOUTHEAST,90,MOWER,99, (D)
MINNESOTA,27,SOUTHEAST,90,OLMSTED,109,75.00
MINNESOTA,27,SOUTHEAST,90,WABASHA,157, (D)
MINNESOTA,27,SOUTHEAST,90,WINONA,169,403.00
MINNESOTA,27,SOUTHWEST,70,COTTONWOOD,33, (D)
MINNESOTA,27,SOUTHWEST,70,NOBLES,105,49.00
MINNESOTA,27,SOUTHWEST,70,REDWOOD,127,7.00
MINNESOTA,27,WEST CENTRAL,40,BIG STONE,11, (D)
MINNESOTA,27,WEST CENTRAL,40,CHIPPEWA,23, (D)
MINNESOTA,27,WEST CENTRAL,40,DOUGLAS,41, (D)
MINNESOTA,27,WEST CENTRAL,40,LAC QUI PARLE,73, (D)
MINNESOTA,27,WEST CENTRAL,40,OTTER TAIL,111,12.00
MINNESOTA,27,WEST CENTRAL,40,POPE,121, (D)
MINNESOTA,27,WEST CENTRAL,40,WILKIN,167, (D)
MINNESOTA,27,WEST CENTRAL,40,YELLOW MEDICINE,173, (D)
MISSISSIPPI,28,CENTRAL,50,LEAKE,79, (D)
MISSISSIPPI,28,CENTRAL,50,MADISON,89, (D)
MISSISSIPPI,28,CENTRAL,50,RANKIN,121, (D)
MISSISSIPPI,28,EAST CENTRAL,60,KEMPER,69, (D)
MISSISSIPPI,28,EAST CENTRAL,60,NESHOBA,99,1.00
MISSISSIPPI,28,EAST CENTRAL,60,OKTIBBEHA,105, (D)
MISSISSIPPI,28,EAST CENTRAL,60,WINSTON,159, (D)
MISSISSIPPI,28,LOWER DELTA,40,LEFLORE,83, (D)
MISSISSIPPI,28,LOWER DELTA,40,YAZOO,163, (D)
MISSISSIPPI,28,NORTH CENTRAL,20,BENTON,9, (D)
MISSISSIPPI,28,NORTH CENTRAL,20,DE SOTO,33, (D)
MISSISSIPPI,28,NORTH CENTRAL,20,MARSHALL,93,4.00
MISSISSIPPI,28,NORTH CENTRAL,20,TATE,137, (D)
MISSISSIPPI,28,SOUTH CENTRAL,80,COVINGTON,31,4.00
MISSISSIPPI,28,SOUTH CENTRAL,80,JEFFERSON DAVIS,65, (D)
MISSISSIPPI,28,SOUTH CENTRAL,80,PIKE,113, (D)
MISSISSIPPI,28,SOUTH CENTRAL,80,SIMPSON,127, (D)
MISSISSIPPI,28,SOUTH CENTRAL,80,WALTHALL,147, (D)
MISSISSIPPI,28,SOUTHEAST AND COASTAL,90,FORREST,35, (D)
MISSISSIPPI,28,SOUTHEAST AND COASTAL,90,JACKSON,59, (D)
MISSISSIPPI,28,SOUTHEAST AND COASTAL,90,JONES,67, (D)
MISSISSIPPI,28,SOUTHEAST AND COASTAL,90,LAUDERDALE,75, (D)
MISSISSIPPI,28,SOUTHEAST AND COASTAL,90,PERRY,111,2.00
MISSISSIPPI,28,SOUTHWEST,70,CLAIBORNE,21, (D)
MISSISSIPPI,28,SOUTHWEST,70,COPIAH,29,1.00
MISSISSIPPI,28,SOUTHWEST,70,JEFFERSON,63, (D)
MISSISSIPPI,28,SOUTHWEST,70,WARREN,149, (D)
MISSISSIPPI,28,UPPER DELTA,10,BOLIVAR,11,2.00
MISSOURI,29,CENTRAL,50,BENTON,15, (D)
MISSOURI,29,CENTRAL,50,BOONE,19,7.00
MISSOURI,29,CENTRAL,50,CALLAWAY,27,8.00
MISSOURI,29,CENTRAL,50,CAMDEN,29,2.00
MISSOURI,29,CENTRAL,50,COLE,51, (D)
MISSOURI,29,CENTRAL,50,DALLAS,59, (D)
MISSOURI,29,CENTRAL,50,HICKORY,85, (D)
MISSOURI,29,CENTRAL,50,HOWARD,89, (D)
MISSOURI,29,CENTRAL,50,LACLEDE,105, (D)
MISSOURI,29,CENTRAL,50,MILLER,131,3.00
MISSOURI,29,CENTRAL,50,MONITEAU,135, (D)
MISSOURI,29,CENTRAL,50,OSAGE,151, (D)
MISSOURI,29,CENTRAL,50,PETTIS,159, (D)
MISSOURI,29,CENTRAL,50,PHELPS,161, (D)
MISSOURI,29,CENTRAL,50,POLK,167, (D)
MISSOURI,29,CENTRAL,50,PULASKI,169, (D)
MISSOURI,29,CENTRAL,50,SALINE,195, (D)
MISSOURI,29,EAST,60,CRAWFORD,55, (D)
MISSOURI,29,EAST,60,FRANKLIN,71,2.00
MISSOURI,29,EAST,60,GASCONADE,73, (D)
MISSOURI,29,EAST,60,JEFFERSON,99,5.00
MISSOURI,29,EAST,60,LINCOLN,113, (D)
MISSOURI,29,EAST,60,MONTGOMERY,139, (D)
MISSOURI,29,EAST,60,ST CHARLES,183, (D)
MISSOURI,29,EAST,60,ST FRANCOIS,187, (D)
MISSOURI,29,EAST,60,ST LOUIS,189, (D)
MISSOURI,29,EAST,60,STE GENEVIEVE,186, (D)
MISSOURI,29,EAST,60,WARREN,219, (D)
MISSOURI,29,EAST,60,WASHINGTON,221, (D)
MISSOURI,29,NORTH CENTRAL,20,ADAIR,1,4.00
MISSOURI,29,NORTH CENTRAL,20,CARROLL,33, (D)
MISSOURI,29,NORTH CENTRAL,20,CHARITON,41, (D)
MISSOURI,29,NORTH CENTRAL,20,GRUNDY,79, (D)
MISSOURI,29,NORTH CENTRAL,20,LINN,115, (D)
MISSOURI,29,NORTH CENTRAL,20,LIVINGSTON,117, (D)
MISSOURI,29,NORTH CENTRAL,20,MACON,121, (D)
MISSOURI,29,NORTH CENTRAL,20,RANDOLPH,175, (D)
MISSOURI,29,NORTH CENTRAL,20,SCHUYLER,197, (D)
MISSOURI,29,NORTHEAST,30,AUDRAIN,7,14.00
MISSOURI,29,NORTHEAST,30,KNOX,103, (D)
MISSOURI,29,NORTHEAST,30,LEWIS,111,3.00
MISSOURI,29,NORTHEAST,30,PIKE,163, (D)
MISSOURI,29,NORTHEAST,30,RALLS,173, (D)
MISSOURI,29,NORTHEAST,30,SCOTLAND,199, (D)
MISSOURI,29,NORTHEAST,30,SHELBY,205, (D)
MISSOURI,29,NORTHWEST,10,ANDREW,3, (D)
MISSOURI,29,NORTHWEST,10,BUCHANAN,21, (D)
MISSOURI,29,NORTHWEST,10,CALDWELL,25, (D)
MISSOURI,29,NORTHWEST,10,CLAY,47, (D)
MISSOURI,29,NORTHWEST,10,CLINTON,49,15.00
MISSOURI,29,NORTHWEST,10,DAVIESS,61,3.00
MISSOURI,29,NORTHWEST,10,DE KALB,63, (D)
MISSOURI,29,NORTHWEST,10,HARRISON,81, (D)
MISSOURI,29,NORTHWEST,10,NODAWAY,147, (D)
MISSOURI,29,NORTHWEST,10,PLATTE,165, (D)
MISSOURI,29,NORTHWEST,10,RAY,177,4.00
MISSOURI,29,NORTHWEST,10,WORTH,227, (D)
MISSOURI,29,SOUTH CENTRAL,80,BOLLINGER,17, (D)
MISSOURI,29,SOUTH CENTRAL,80,CARTER,35, (D)
MISSOURI,29,SOUTH CENTRAL,80,DENT,65,2.00
MISSOURI,29,SOUTH CENTRAL,80,DOUGLAS,67, (D)
MISSOURI,29,SOUTH CENTRAL,80,HOWELL,91, (D)
MISSOURI,29,SOUTH CENTRAL,80,OREGON,149, (D)
MISSOURI,29,SOUTH CENTRAL,80,SHANNON,203, (D)
MISSOURI,29,SOUTH CENTRAL,80,TANEY,213, (D)
MISSOURI,29,SOUTH CENTRAL,80,TEXAS,215,1.00
MISSOURI,29,SOUTH CENTRAL,80,WEBSTER,225,16.00
MISSOURI,29,SOUTH CENTRAL,80,WRIGHT,229, (D)
MISSOURI,29,SOUTHEAST,90,CAPE GIRARDEAU,31, (D)
MISSOURI,29,SOUTHEAST,90,STODDARD,207, (D)
MISSOURI,29,SOUTHWEST,70,BARRY,9, (D)
MISSOURI,29,SOUTHWEST,70,CHRISTIAN,43, (D)
MISSOURI,29,SOUTHWEST,70,DADE,57, (D)
MISSOURI,29,SOUTHWEST,70,GREENE,77,4.00
MISSOURI,29,SOUTHWEST,70,JASPER,97, (D)
MISSOURI,29,SOUTHWEST,70,LAWRENCE,109,20.00
MISSOURI,29,SOUTHWEST,70,MCDONALD,119,1.00
MISSOURI,29,SOUTHWEST,70,NEWTON,145, (D)
MISSOURI,29,WEST,40,BATES,13, (D)
MISSOURI,29,WEST,40,CASS,37, (D)
MISSOURI,29,WEST,40,CEDAR,39, (D)
MISSOURI,29,WEST,40,JACKSON,95,4.00
MISSOURI,29,WEST,40,JOHNSON,101,5.00
MISSOURI,29,WEST,40,LAFAYETTE,107, (D)
MISSOURI,29,WEST,40,ST CLAIR,185, (D)
MISSOURI,29,WEST,40,VERNON,217, (D)
MONTANA,30,CENTRAL,50,BROADWATER,7, (D)
MONTANA,30,CENTRAL,50,CASCADE,13, (D)
MONTANA,30,CENTRAL,50,FERGUS,27, (D)
MONTANA,30,CENTRAL,50,LEWIS AND CLARK,49, (D)
MONTANA,30,CENTRAL,50,PETROLEUM,69, (D)
MONTANA,30,NORTHWEST,10,FLATHEAD,29,9.00
MONTANA,30,NORTHWEST,10,GRANITE,39, (D)
MONTANA,30,NORTHWEST,10,LAKE,47,49.00
MONTANA,30,NORTHWEST,10,LINCOLN,53, (D)
MONTANA,30,NORTHWEST,10,MINERAL,61, (D)
MONTANA,30,NORTHWEST,10,MISSOULA,63,8.00
MONTANA,30,NORTHWEST,10,RAVALLI,81,99.00
MONTANA,30,NORTHWEST,10,SANDERS,89,4.00
MONTANA,30,SOUTH CENTRAL,80,CARBON,9, (D)
MONTANA,30,SOUTH CENTRAL,80,STILLWATER,95, (D)
MONTANA,30,SOUTH CENTRAL,80,YELLOWSTONE,111,2.00
MONTANA,30,SOUTHEAST,90,CUSTER,17, (D)
MONTANA,30,SOUTHEAST,90,ROSEBUD,87, (Z)
MONTANA,30,SOUTHWEST,70,BEAVERHEAD,1, (D)
MONTANA,30,SOUTHWEST,70,GALLATIN,31, (D)
MONTANA,30,SOUTHWEST,70,JEFFERSON,43, (D)
MONTANA,30,SOUTHWEST,70,MADISON,57, (D)
NEBRASKA,31,CENTRAL,50,BUFFALO,19, (D)
NEBRASKA,31,CENTRAL,50,HOWARD,93, (D)
NEBRASKA,31,EAST,60,BUTLER,23,5.00
NEBRASKA,31,EAST,60,CASS,25, (D)
NEBRASKA,31,EAST,60,DODGE,53, (D)
NEBRASKA,31,EAST,60,DOUGLAS,55, (D)
NEBRASKA,31,EAST,60,LANCASTER,109, (D)
NEBRASKA,31,EAST,60,MERRICK,121, (D)
NEBRASKA,31,EAST,60,SARPY,153, (D)
NEBRASKA,31,EAST,60,SAUNDERS,155, (D)
NEBRASKA,31,EAST,60,SEWARD,159, (D)
NEBRASKA,31,EAST,60,WASHINGTON,177, (D)
NEBRASKA,31,EAST,60,YORK,185, (D)
NEBRASKA,31,NORTH,20,GARFIELD,71,1.00
NEBRASKA,31,NORTH,20,HOLT,89, (D)
NEBRASKA,31,NORTH,20,LOUP,115, (Z)
NEBRASKA,31,NORTHEAST,30,BOONE,11, (Z)
NEBRASKA,31,NORTHEAST,30,BURT,21,15.00
NEBRASKA,31,NORTHEAST,30,CEDAR,27, (D)
NEBRASKA,31,NORTHEAST,30,KNOX,107, (D)
NEBRASKA,31,NORTHEAST,30,MADISON,119, (D)
NEBRASKA,31,NORTHEAST,30,WAYNE,179, (D)
NEBRASKA,31,NORTHWEST,10,SHERIDAN,161, (D)
NEBRASKA,31,SOUTH,80,FRANKLIN,61, (D)
NEBRASKA,31,SOUTHEAST,90,GAGE,67, (D)
NEBRASKA,31,SOUTHEAST,90,JEFFERSON,95, (D)
NEBRASKA,31,SOUTHEAST,90,NEMAHA,127, (D)
NEBRASKA,31,SOUTHEAST,90,OTOE,131, (D)
NEBRASKA,31,SOUTHEAST,90,RICHARDSON,147, (D)
NEBRASKA,31,SOUTHWEST,70,FRONTIER,63, (D)
NEBRASKA,31,SOUTHWEST,70,HITCHCOCK,87, (D)
NEBRASKA,31,SOUTHWEST,70,RED WILLOW,145, (D)
NEVADA,32,NORTHEAST,30,ELKO,7,6.00
NEVADA,32,NORTHEAST,30,WHITE PINE,33, (D)
NEVADA,32,NORTHWEST,10,CHURCHILL,1,6.00
NEVADA,32,NORTHWEST,10,HUMBOLDT,13, (D)
NEVADA,32,NORTHWEST,10,LYON,19, (D)
NEVADA,32,NORTHWEST,10,PERSHING,27, (D)
NEVADA,32,NORTHWEST,10,WASHOE,31, (D)
NEVADA,32,SOUTH,80,CLARK,3, (D)
NEVADA,32,SOUTH,80,MINERAL,21, (D)
NEVADA,32,SOUTH,80,NYE,23,37.00
NEW HAMPSHIRE,33,ALL COUNTIES,10,BELKNAP,1,38.00
NEW HAMPSHIRE,33,ALL COUNTIES,10,CARROLL,3, (D)
NEW HAMPSHIRE,33,ALL COUNTIES,10,CHESHIRE,5,65.00
NEW HAMPSHIRE,33,ALL COUNTIES,10,COOS,7,22.00
NEW HAMPSHIRE,33,ALL COUNTIES,10,GRAFTON,9, (D)
NEW HAMPSHIRE,33,ALL COUNTIES,10,HILLSBOROUGH,11,295.00
NEW HAMPSHIRE,33,ALL COUNTIES,10,MERRIMACK,13, (D)
NEW HAMPSHIRE,33,ALL COUNTIES,10,ROCKINGHAM,15,499.00
NEW HAMPSHIRE,33,ALL COUNTIES,10,STRAFFORD,17,55.00
NEW HAMPSHIRE,33,ALL COUNTIES,10,SULLIVAN,19,29.00
NEW JERSEY,34,CENTRAL,50,BURLINGTON,5,103.00
NEW JERSEY,34,CENTRAL,50,MERCER,21,64.00
NEW JERSEY,34,CENTRAL,50,MIDDLESEX,23,40.00
NEW JERSEY,34,CENTRAL,50,MONMOUTH,25,190.00
NEW JERSEY,34,CENTRAL,50,OCEAN,29,16.00
NEW JERSEY,34,NORTH,20,BERGEN,3, (D)
NEW JERSEY,34,NORTH,20,ESSEX,13, (D)
NEW JERSEY,34,NORTH,20,HUNTERDON,19,215.00
NEW JERSEY,34,NORTH,20,MORRIS,27,138.00
NEW JERSEY,34,NORTH,20,PASSAIC,31, (D)
NEW JERSEY,34,NORTH,20,SOMERSET,35,28.00
NEW JERSEY,34,NORTH,20,SUSSEX,37,186.00
NEW JERSEY,34,NORTH,20,WARREN,41,184.00
NEW JERSEY,34,SOUTH,80,ATLANTIC,1,51.00
NEW JERSEY,34,SOUTH,80,CAMDEN,7, (D)
NEW JERSEY,34,SOUTH,80,CAPE MAY,9, (D)
NEW JERSEY,34,SOUTH,80,CUMBERLAND,11, (D)
NEW JERSEY,34,SOUTH,80,GLOUCESTER,15,258.00
NEW JERSEY,34,SOUTH,80,SALEM,33,17.00
NEW MEXICO,35,NORTHEAST,30,COLFAX,7, (D)
NEW MEXICO,35,NORTHEAST,30,CURRY,9, (D)
NEW MEXICO,35,NORTHEAST,30,MORA,33, (D)
NEW MEXICO,35,NORTHEAST,30,SAN MIGUEL,47,13.00
NEW MEXICO,35,NORTHEAST,30,TORRANCE,57, (D)
NEW MEXICO,35,NORTHEAST,30,UNION,59, (D)
NEW MEXICO,35,NORTHWEST,10,BERNALILLO,1,55.00
NEW MEXICO,35,NORTHWEST,10,CIBOLA,6,19.00
NEW MEXICO,35,NORTHWEST,10,RIO ARRIBA,39,205.00
NEW MEXICO,35,NORTHWEST,10,SAN JUAN,45,6.00
NEW MEXICO,35,NORTHWEST,10,SANDOVAL,43,138.00
NEW MEXICO,35,NORTHWEST,10,SANTA FE,49,51.00
NEW MEXICO,35,NORTHWEST,10,TAOS,55,24.00
NEW MEXICO,35,NORTHWEST,10,VALENCIA,61,16.00
NEW MEXICO,35,SOUTHEAST,90,DONA ANA,13,10.00
NEW MEXICO,35,SOUTHEAST,90,LEA,25, (D)
NEW MEXICO,35,SOUTHEAST,90,LINCOLN,27,30.00
NEW MEXICO,35,SOUTHEAST,90,OTERO,35,120.00
NEW MEXICO,35,SOUTHWEST,70,GRANT,17, (D)
NEW MEXICO,35,SOUTHWEST,70,LUNA,29, (D)
NEW MEXICO,35,SOUTHWEST,70,SIERRA,51,57.00
NEW MEXICO,35,SOUTHWEST,70,SOCORRO,53, (D)
NEW YORK,36,CENTRAL,50,CAYUGA,11, (D)
NEW YORK,36,CENTRAL,50,CHENANGO,17,19.00
NEW YORK,36,CENTRAL,50,CORTLAND,23, (D)
NEW YORK,36,CENTRAL,50,HERKIMER,43, (D)
NEW YORK,36,CENTRAL,50,MADISON,53,32.00
NEW YORK,36,CENTRAL,50,ONEIDA,65,197.00
NEW YORK,36,CENTRAL,50,ONONDAGA,67,583.00
NEW YORK,36,CENTRAL,50,OSWEGO,75,256.00
NEW YORK,36,CENTRAL,50,OTSEGO,77,137.00
NEW YORK,36,EASTERN,60,ALBANY,1,197.00
NEW YORK,36,EASTERN,60,FULTON,35,61.00
NEW YORK,36,EASTERN,60,MONTGOMERY,57,28.00
NEW YORK,36,EASTERN,60,RENSSELAER,83,346.00
NEW YORK,36,EASTERN,60,SARATOGA,91,334.00
NEW YORK,36,EASTERN,60,SCHENECTADY,93, (D)
NEW YORK,36,EASTERN,60,SCHOHARIE,95,247.00
NEW YORK,36,EASTERN,60,WASHINGTON,115,91.00
NEW YORK,36,LONG ISLAND,91,NASSAU,59,1.00
NEW YORK,36,LONG ISLAND,91,QUEENS,81, (D)
NEW YORK,36,LONG ISLAND,91,SUFFOLK,103,301.00
NEW YORK,36,NORTHEAST,30,CLINTON,19,2979.00
NEW YORK,36,NORTHEAST,30,ESSEX,31, (D)
NEW YORK,36,NORTHEAST,30,FRANKLIN,33,17.00
NEW YORK,36,NORTHEAST,30,HAMILTON,41, (D)
NEW YORK,36,NORTHERN,20,JEFFERSON,45,71.00
NEW YORK,36,NORTHERN,20,LEWIS,49,11.00
NEW YORK,36,NORTHERN,20,ST LAWRENCE,89,50.00
NEW YORK,36,SOUTHEAST,90,COLUMBIA,21,1757.00
NEW YORK,36,SOUTHEAST,90,DELAWARE,25,66.00
NEW YORK,36,SOUTHEAST,90,DUTCHESS,27,316.00
NEW YORK,36,SOUTHEAST,90,GREENE,39,39.00
NEW YORK,36,SOUTHEAST,90,ORANGE,71,993.00
NEW YORK,36,SOUTHEAST,90,PUTNAM,79, (D)
NEW YORK,36,SOUTHEAST,90,ROCKLAND,87, (D)
NEW YORK,36,SOUTHEAST,90,SULLIVAN,105,27.00
NEW YORK,36,SOUTHEAST,90,ULSTER,111,4271.00
NEW YORK,36,SOUTHEAST,90,WESTCHESTER,119, (D)
NEW YORK,36,SOUTHERN,80,BROOME,7,71.00
NEW YORK,36,SOUTHERN,80,CHEMUNG,15,113.00
NEW YORK,36,SOUTHERN,80,SCHUYLER,97,29.00
NEW YORK,36,SOUTHERN,80,TIOGA,107, (D)
NEW YORK,36,SOUTHERN,80,TOMPKINS,109,62.00
NEW YORK,36,SOUTHWEST,70,ALLEGANY,3, (D)
NEW YORK,36,SOUTHWEST,70,CATTARAUGUS,9, (D)
NEW YORK,36,SOUTHWEST,70,CHAUTAUQUA,13,48.00
NEW YORK,36,SOUTHWEST,70,STEUBEN,101,20.00
NEW YORK,36,WESTERN,40,ERIE,29,20.00
NEW YORK,36,WESTERN,40,GENESEE,37,2.00
NEW YORK,36,WESTERN,40,LIVINGSTON,51, (D)
NEW YORK,36,WESTERN,40,MONROE,55,739.00
NEW YORK,36,WESTERN,40,NIAGARA,63,2812.00
NEW YORK,36,WESTERN,40,ONTARIO,69, (D)
NEW YORK,36,WESTERN,40,ORLEANS,73,4923.00
NEW YORK,36,WESTERN,40,SENECA,99,49.00
NEW YORK,36,WESTERN,40,WAYNE,117,20398.00
NEW YORK,36,WESTERN,40,WYOMING,121, (D)
NEW YORK,36,WESTERN,40,YATES,123,112.00
NORTH CAROLINA,37,CENTRAL COASTAL,80,BEAUFORT,13, (D)
NORTH CAROLINA,37,CENTRAL COASTAL,80,CARTERET,31, (D)
NORTH CAROLINA,37,CENTRAL COASTAL,80,CRAVEN,49, (D)
NORTH CAROLINA,37,CENTRAL COASTAL,80,JOHNSTON,101, (D)
NORTH CAROLINA,37,CENTRAL COASTAL,80,JONES,103,1.00
NORTH CAROLINA,37,CENTRAL COASTAL,80,PAMLICO,137, (D)
NORTH CAROLINA,37,CENTRAL COASTAL,80,PITT,147, (D)
NORTH CAROLINA,37,CENTRAL COASTAL,80,WAYNE,191, (D)
NORTH CAROLINA,37,CENTRAL COASTAL,80,WILSON,195, (D)
NORTH CAROLINA,37,CENTRAL PIEDMONT,50,ALEXANDER,3,93.00
NORTH CAROLINA,37,CENTRAL PIEDMONT,50,CATAWBA,35, (D)
NORTH CAROLINA,37,CENTRAL PIEDMONT,50,CHATHAM,37,6.00
NORTH CAROLINA,37,CENTRAL PIEDMONT,50,DAVIDSON,57,1.00
NORTH CAROLINA,37,CENTRAL PIEDMONT,50,DAVIE,59, (D)
NORTH CAROLINA,37,CENTRAL PIEDMONT,50,IREDELL,97, (D)
NORTH CAROLINA,37,CENTRAL PIEDMONT,50,RANDOLPH,151, (D)
NORTH CAROLINA,37,CENTRAL PIEDMONT,50,ROWAN,159, (D)
NORTH CAROLINA,37,CENTRAL PIEDMONT,50,WAKE,183,4.00
NORTH CAROLINA,37,NORTHERN COASTAL,70,BERTIE,15, (D)
NORTH CAROLINA,37,NORTHERN COASTAL,70,EDGECOMBE,65, (D)
NORTH CAROLINA,37,NORTHERN COASTAL,70,MARTIN,117, (D)
NORTH CAROLINA,37,NORTHERN COASTAL,70,NASH,127,4.00
NORTH CAROLINA,37,NORTHERN MOUNTAIN,10,ALLEGHANY,5, (D)
NORTH CAROLINA,37,NORTHERN MOUNTAIN,10,ASHE,9,14.00
NORTH CAROLINA,37,NORTHERN MOUNTAIN,10,AVERY,11, (D)
NORTH CAROLINA,37,NORTHERN MOUNTAIN,10,CALDWELL,27,9.00
NORTH CAROLINA,37,NORTHERN MOUNTAIN,10,SURRY,171, (D)
NORTH CAROLINA,37,NORTHERN MOUNTAIN,10,WATAUGA,189,21.00
NORTH CAROLINA,37,NORTHERN MOUNTAIN,10,WILKES,193,321.00
NORTH CAROLINA,37,NORTHERN MOUNTAIN,10,YADKIN,197, (D)
NORTH CAROLINA,37,NORTHERN PIEDMONT,40,ALAMANCE,1,2.00
NORTH CAROLINA,37,NORTHERN PIEDMONT,40,CASWELL,33,13.00
NORTH CAROLINA,37,NORTHERN PIEDMONT,40,DURHAM,63, (D)
NORTH CAROLINA,37,NORTHERN PIEDMONT,40,FORSYTH,67, (D)
NORTH CAROLINA,37,NORTHERN PIEDMONT,40,FRANKLIN,69, (D)
NORTH CAROLINA,37,NORTHERN PIEDMONT,40,GRANVILLE,77, (D)
NORTH CAROLINA,37,NORTHERN PIEDMONT,40,GUILFORD,81,18.00
NORTH CAROLINA,37,NORTHERN PIEDMONT,40,ORANGE,135,12.00
NORTH CAROLINA,37,NORTHERN PIEDMONT,40,PERSON,145, (D)
NORTH CAROLINA,37,NORTHERN PIEDMONT,40,ROCKINGHAM,157,24.00
NORTH CAROLINA,37,NORTHERN PIEDMONT,40,STOKES,169,7.00
NORTH CAROLINA,37,NORTHERN PIEDMONT,40,VANCE,181,5.00
NORTH CAROLINA,37,NORTHERN PIEDMONT,40,WARREN,185, (D)
NORTH CAROLINA,37,SOUTHERN COASTAL,90,BLADEN,17, (D)
NORTH CAROLINA,37,SOUTHERN COASTAL,90,COLUMBUS,47,7.00
NORTH CAROLINA,37,SOUTHERN COASTAL,90,HARNETT,85,17.00
NORTH CAROLINA,37,SOUTHERN COASTAL,90,ONSLOW,133, (D)
NORTH CAROLINA,37,SOUTHERN COASTAL,90,ROBESON,155, (D)
NORTH CAROLINA,37,SOUTHERN COASTAL,90,SAMPSON,163, (D)
NORTH CAROLINA,37,SOUTHERN PIEDMONT,60,ANSON,7, (D)
NORTH CAROLINA,37,SOUTHERN PIEDMONT,60,CABARRUS,25,3.00
NORTH CAROLINA,37,SOUTHERN PIEDMONT,60,CLEVELAND,45, (D)
NORTH CAROLINA,37,SOUTHERN PIEDMONT,60,GASTON,71, (D)
NORTH CAROLINA,37,SOUTHERN PIEDMONT,60,MECKLENBURG,119, (D)
NORTH CAROLINA,37,SOUTHERN PIEDMONT,60,MONTGOMERY,123, (D)
NORTH CAROLINA,37,SOUTHERN PIEDMONT,60,MOORE,125, (D)
NORTH CAROLINA,37,SOUTHERN PIEDMONT,60,RICHMOND,153, (D)
NORTH CAROLINA,37,SOUTHERN PIEDMONT,60,STANLY,167,10.00
NORTH CAROLINA,37,SOUTHERN PIEDMONT,60,UNION,179, (D)
NORTH CAROLINA,37,WESTERN MOUNTAIN,20,BUNCOMBE,21,24.00
NORTH CAROLINA,37,WESTERN MOUNTAIN,20,BURKE,23,28.00
NORTH CAROLINA,37,WESTERN MOUNTAIN,20,CHEROKEE,39, (D)
NORTH CAROLINA,37,WESTERN MOUNTAIN,20,GRAHAM,75, (D)
NORTH CAROLINA,37,WESTERN MOUNTAIN,20,HAYWOOD,87, (D)
NORTH CAROLINA,37,WESTERN MOUNTAIN,20,HENDERSON,89,3953.00
NORTH CAROLINA,37,WESTERN MOUNTAIN,20,MACON,113, (D)
NORTH CAROLINA,37,WESTERN MOUNTAIN,20,MADISON,115,8.00
NORTH CAROLINA,37,WESTERN MOUNTAIN,20,MITCHELL,121,67.00
NORTH CAROLINA,37,WESTERN MOUNTAIN,20,POLK,149,177.00
NORTH CAROLINA,37,WESTERN MOUNTAIN,20,TRANSYLVANIA,175, (D)
NORTH CAROLINA,37,WESTERN MOUNTAIN,20,YANCEY,199, (D)
NORTH DAKOTA,38,CENTRAL,50,WELLS,103, (D)
NORTH DAKOTA,38,EAST CENTRAL,60,BARNES,3, (D)
NORTH DAKOTA,38,EAST CENTRAL,60,CASS,17, (D)
NORTH DAKOTA,38,EAST CENTRAL,60,GRIGGS,39, (D)
NORTH DAKOTA,38,NORTH CENTRAL,20,BENSON,5, (D)
NORTH DAKOTA,38,NORTH CENTRAL,20,BOTTINEAU,9, (D)
NORTH DAKOTA,38,NORTH CENTRAL,20,PIERCE,69, (D)
NORTH DAKOTA,38,NORTHEAST,30,CAVALIER,19, (D)
NORTH DAKOTA,38,NORTHEAST,30,WALSH,99, (D)
NORTH DAKOTA,38,NORTHWEST,10,WARD,101,3.00
NORTH DAKOTA,38,SOUTH CENTRAL,80,BURLEIGH,15, (D)
NORTH DAKOTA,38,SOUTH CENTRAL,80,SIOUX,85, (D)
NORTH DAKOTA,38,SOUTHEAST,90,LOGAN,47, (D)
NORTH DAKOTA,38,SOUTHEAST,90,RICHLAND,77, (D)
NORTH DAKOTA,38,WEST CENTRAL,40,MCLEAN,55, (D)
OHIO,39,CENTRAL,50,DELAWARE,41,21.00
OHIO,39,CENTRAL,50,FAIRFIELD,45,182.00
OHIO,39,CENTRAL,50,FRANKLIN,49,17.00
OHIO,39,CENTRAL,50,KNOX,83,95.00
OHIO,39,CENTRAL,50,LICKING,89,189.00
OHIO,39,CENTRAL,50,MADISON,97, (D)
OHIO,39,CENTRAL,50,MARION,101,13.00
OHIO,39,CENTRAL,50,MORROW,117,45.00
OHIO,39,CENTRAL,50,PICKAWAY,129,4.00
OHIO,39,CENTRAL,50,ROSS,141,39.00
OHIO,39,CENTRAL,50,UNION,159,13.00
OHIO,39,EAST CENTRAL,60,BELMONT,13, (D)
OHIO,39,EAST CENTRAL,60,CARROLL,19, (D)
OHIO,39,EAST CENTRAL,60,COSHOCTON,31, (D)
OHIO,39,EAST CENTRAL,60,HARRISON,67, (D)
OHIO,39,EAST CENTRAL,60,HOLMES,75, (D)
OHIO,39,EAST CENTRAL,60,JEFFERSON,81, (D)
OHIO,39,EAST CENTRAL,60,TUSCARAWAS,157, (D)
OHIO,39,NORTH CENTRAL,20,ASHLAND,5,7.00
OHIO,39,NORTH CENTRAL,20,CRAWFORD,33, (D)
OHIO,39,NORTH CENTRAL,20,ERIE,43,272.00
OHIO,39,NORTH CENTRAL,20,HURON,77, (D)
OHIO,39,NORTH CENTRAL,20,LORAIN,93,204.00
OHIO,39,NORTH CENTRAL,20,OTTAWA,123, (D)
OHIO,39,NORTH CENTRAL,20,RICHLAND,139,113.00
OHIO,39,NORTH CENTRAL,20,SANDUSKY,143,196.00
OHIO,39,NORTH CENTRAL,20,SENECA,147,1.00
OHIO,39,NORTH CENTRAL,20,WYANDOT,175,2.00
OHIO,39,NORTHEAST,30,ASHTABULA,7,127.00
OHIO,39,NORTHEAST,30,COLUMBIANA,29,224.00
OHIO,39,NORTHEAST,30,CUYAHOGA,35, (D)
OHIO,39,NORTHEAST,30,GEAUGA,55,96.00
OHIO,39,NORTHEAST,30,LAKE,85, (D)
OHIO,39,NORTHEAST,30,MAHONING,99,218.00
OHIO,39,NORTHEAST,30,MEDINA,103,79.00
OHIO,39,NORTHEAST,30,PORTAGE,133,24.00
OHIO,39,NORTHEAST,30,STARK,151,97.00
OHIO,39,NORTHEAST,30,SUMMIT,153,62.00
OHIO,39,NORTHEAST,30,TRUMBULL,155,49.00
OHIO,39,NORTHEAST,30,WAYNE,169,162.00
OHIO,39,NORTHWEST,10,ALLEN,3, (D)
OHIO,39,NORTHWEST,10,DEFIANCE,39, (D)
OHIO,39,NORTHWEST,10,FULTON,51,89.00
OHIO,39,NORTHWEST,10,HANCOCK,63, (D)
OHIO,39,NORTHWEST,10,HENRY,69, (D)
OHIO,39,NORTHWEST,10,LUCAS,95, (D)
OHIO,39,NORTHWEST,10,PAULDING,125, (D)
OHIO,39,NORTHWEST,10,PUTNAM,137, (D)
OHIO,39,NORTHWEST,10,VAN WERT,161, (D)
OHIO,39,NORTHWEST,10,WILLIAMS,171, (D)
OHIO,39,NORTHWEST,10,WOOD,173, (D)
OHIO,39,SOUTH CENTRAL,80,ADAMS,1, (D)
OHIO,39,SOUTH CENTRAL,80,BROWN,15, (D)
OHIO,39,SOUTH CENTRAL,80,GALLIA,53, (D)
OHIO,39,SOUTH CENTRAL,80,HIGHLAND,71, (D)
OHIO,39,SOUTH CENTRAL,80,JACKSON,79,12.00
OHIO,39,SOUTH CENTRAL,80,LAWRENCE,87, (D)
OHIO,39,SOUTH CENTRAL,80,PIKE,131, (D)
OHIO,39,SOUTH CENTRAL,80,SCIOTO,145, (D)
OHIO,39,SOUTHEAST,90,ATHENS,9,12.00
OHIO,39,SOUTHEAST,90,GUERNSEY,59,17.00
OHIO,39,SOUTHEAST,90,HOCKING,73,41.00
OHIO,39,SOUTHEAST,90,MEIGS,105, (D)
OHIO,39,SOUTHEAST,90,MONROE,111, (D)
OHIO,39,SOUTHEAST,90,MORGAN,115, (D)
OHIO,39,SOUTHEAST,90,MUSKINGUM,119,99.00
OHIO,39,SOUTHEAST,90,NOBLE,121, (D)
OHIO,39,SOUTHEAST,90,PERRY,127,5.00
OHIO,39,SOUTHEAST,90,VINTON,163,12.00
OHIO,39,SOUTHEAST,90,WASHINGTON,167,47.00
OHIO,39,SOUTHWEST,70,BUTLER,17,11.00
OHIO,39,SOUTHWEST,70,CLERMONT,25,17.00
OHIO,39,SOUTHWEST,70,CLINTON,27, (D)
OHIO,39,SOUTHWEST,70,GREENE,57,28.00
OHIO,39,SOUTHWEST,70,HAMILTON,61, (D)
OHIO,39,SOUTHWEST,70,MONTGOMERY,113,19.00
OHIO,39,SOUTHWEST,70,PREBLE,135, (D)
OHIO,39,SOUTHWEST,70,WARREN,165, (D)
OHIO,39,WEST CENTRAL,40,CHAMPAIGN,21, (D)
OHIO,39,WEST CENTRAL,40,CLARK,23,9.00
OHIO,39,WEST CENTRAL,40,DARKE,37,43.00
OHIO,39,WEST CENTRAL,40,HARDIN,65, (D)
OHIO,39,WEST CENTRAL,40,LOGAN,91, (D)
OHIO,39,WEST CENTRAL,40,MERCER,107, (D)
OHIO,39,WEST CENTRAL,40,MIAMI,109,4.00
OHIO,39,WEST CENTRAL,40,SHELBY,149, (D)
OKLAHOMA,40,CENTRAL,50,CANADIAN,17,1.00
OKLAHOMA,40,CENTRAL,50,CLEVELAND,27, (D)
OKLAHOMA,40,CENTRAL,50,CREEK,37,2.00
OKLAHOMA,40,CENTRAL,50,GRADY,51, (D)
OKLAHOMA,40,CENTRAL,50,LINCOLN,81, (D)
OKLAHOMA,40,CENTRAL,50,LOGAN,83, (D)
OKLAHOMA,40,CENTRAL,50,PAYNE,119, (D)
OKLAHOMA,40,CENTRAL,50,POTTAWATOMIE,125,2.00
OKLAHOMA,40,CENTRAL,50,SEMINOLE,133, (D)
OKLAHOMA,40,EAST CENTRAL,80,CHEROKEE,21, (D)
OKLAHOMA,40,EAST CENTRAL,80,HUGHES,63, (D)
OKLAHOMA,40,EAST CENTRAL,80,OKMULGEE,111, (D)
OKLAHOMA,40,EAST CENTRAL,80,PITTSBURG,121, (D)
OKLAHOMA,40,EAST CENTRAL,80,SEQUOYAH,135, (D)
OKLAHOMA,40,NORTH CENTRAL,40,GARFIELD,47, (D)
OKLAHOMA,40,NORTH CENTRAL,40,MAJOR,93, (D)
OKLAHOMA,40,NORTHEAST,70,MAYES,97, (D)
OKLAHOMA,40,NORTHEAST,70,OSAGE,113, (D)
OKLAHOMA,40,NORTHEAST,70,OTTAWA,115, (D)
OKLAHOMA,40,NORTHEAST,70,PAWNEE,117, (D)
OKLAHOMA,40,NORTHEAST,70,ROGERS,131, (D)
OKLAHOMA,40,NORTHEAST,70,TULSA,143, (D)
OKLAHOMA,40,NORTHEAST,70,WAGONER,145, (D)
OKLAHOMA,40,SOUTH CENTRAL,60,ATOKA,5, (Z)
OKLAHOMA,40,SOUTH CENTRAL,60,BRYAN,13, (D)
OKLAHOMA,40,SOUTH CENTRAL,60,GARVIN,49, (D)
OKLAHOMA,40,SOUTH CENTRAL,60,MARSHALL,95, (D)
OKLAHOMA,40,SOUTH CENTRAL,60,STEPHENS,137, (D)
OKLAHOMA,40,SOUTHEAST,90,LEFLORE,79, (D)
OKLAHOMA,40,SOUTHEAST,90,MCCURTAIN,89, (D)
OREGON,41,NORTH CENTRAL,20,GILLIAM,21, (D)
OREGON,41,NORTH CENTRAL,20,HOOD RIVER,27,1055.00
OREGON,41,NORTH CENTRAL,20,MORROW,49, (D)
OREGON,41,NORTH CENTRAL,20,SHERMAN,55,10.00
OREGON,41,NORTH CENTRAL,20,WASCO,65, (D)
OREGON,41,NORTHEAST,30,BAKER,1, (D)
OREGON,41,NORTHEAST,30,UMATILLA,59,2297.00
OREGON,41,NORTHEAST,30,UNION,61,12.00
OREGON,41,NORTHEAST,30,WALLOWA,63, (D)
OREGON,41,NORTHWEST,10,BENTON,3,64.00
OREGON,41,NORTHWEST,10,CLACKAMAS,5,85.00
OREGON,41,NORTHWEST,10,CLATSOP,7,2.00
OREGON,41,NORTHWEST,10,COLUMBIA,9,28.00
OREGON,41,NORTHWEST,10,LANE,39,178.00
OREGON,41,NORTHWEST,10,LINCOLN,41,15.00
OREGON,41,NORTHWEST,10,LINN,43,131.00
OREGON,41,NORTHWEST,10,MARION,47,180.00
OREGON,41,NORTHWEST,10,MULTNOMAH,51,37.00
OREGON,41,NORTHWEST,10,POLK,53,107.00
OREGON,41,NORTHWEST,10,TILLAMOOK,57,2.00
OREGON,41,NORTHWEST,10,WASHINGTON,67,284.00
OREGON,41,NORTHWEST,10,YAMHILL,71,122.00
OREGON,41,SOUTHEAST,80,CROOK,13, (Z)
OREGON,41,SOUTHEAST,80,DESCHUTES,17, (D)
OREGON,41,SOUTHEAST,80,GRANT,23, (D)
OREGON,41,SOUTHEAST,80,KLAMATH,35, (D)
OREGON,41,SOUTHEAST,80,LAKE,37, (D)
OREGON,41,SOUTHEAST,80,MALHEUR,45, (D)
OREGON,41,SOUTHEAST,80,WHEELER,69, (D)
OREGON,41,SOUTHWEST,70,COOS,11,46.00
OREGON,41,SOUTHWEST,70,CURRY,15, (D)
OREGON,41,SOUTHWEST,70,DOUGLAS,19,84.00
OREGON,41,SOUTHWEST,70,JACKSON,29,81.00
OREGON,41,SOUTHWEST,70,JOSEPHINE,33,28.00
PENNSYLVANIA,42,CENTRAL,50,BLAIR,13, (D)
PENNSYLVANIA,42,CENTRAL,50,CAMBRIA,21,30.00
PENNSYLVANIA,42,CENTRAL,50,CENTRE,27,177.00
PENNSYLVANIA,42,CENTRAL,50,CLEARFIELD,33,22.00
PENNSYLVANIA,42,CENTRAL,50,COLUMBIA,37,33.00
PENNSYLVANIA,42,CENTRAL,50,DAUPHIN,43, (D)
PENNSYLVANIA,42,CENTRAL,50,HUNTINGDON,61,210.00
PENNSYLVANIA,42,CENTRAL,50,JUNIATA,67,68.00
PENNSYLVANIA,42,CENTRAL,50,MIFFLIN,87,50.00
PENNSYLVANIA,42,CENTRAL,50,MONTOUR,93,81.00
PENNSYLVANIA,42,CENTRAL,50,NORTHUMBERLAND,97,200.00
PENNSYLVANIA,42,CENTRAL,50,PERRY,99, (D)
PENNSYLVANIA,42,CENTRAL,50,SNYDER,109,312.00
PENNSYLVANIA,42,CENTRAL,50,UNION,119,15.00
PENNSYLVANIA,42,EAST CENTRAL,60,CARBON,25,16.00
PENNSYLVANIA,42,EAST CENTRAL,60,LEHIGH,77,149.00
PENNSYLVANIA,42,EAST CENTRAL,60,LUZERNE,79,123.00
PENNSYLVANIA,42,EAST CENTRAL,60,MONROE,89, (D)
PENNSYLVANIA,42,EAST CENTRAL,60,NORTHAMPTON,95,58.00
PENNSYLVANIA,42,EAST CENTRAL,60,PIKE,103, (D)
PENNSYLVANIA,42,EAST CENTRAL,60,SCHUYLKILL,107,187.00
PENNSYLVANIA,42,NORTH CENTRAL,20,BRADFORD,15,91.00
PENNSYLVANIA,42,NORTH CENTRAL,20,CLINTON,35, (D)
PENNSYLVANIA,42,NORTH CENTRAL,20,ELK,47, (D)
PENNSYLVANIA,42,NORTH CENTRAL,20,LYCOMING,81,87.00
PENNSYLVANIA,42,NORTH CENTRAL,20,MCKEAN,83, (D)
PENNSYLVANIA,42,NORTH CENTRAL,20,POTTER,105, (D)
PENNSYLVANIA,42,NORTH CENTRAL,20,SULLIVAN,113,10.00
PENNSYLVANIA,42,NORTH CENTRAL,20,TIOGA,117,34.00
PENNSYLVANIA,42,NORTHEASTERN,30,LACKAWANNA,69,82.00
PENNSYLVANIA,42,NORTHEASTERN,30,SUSQUEHANNA,115,151.00
PENNSYLVANIA,42,NORTHEASTERN,30,WAYNE,127,56.00
PENNSYLVANIA,42,NORTHEASTERN,30,WYOMING,131, (D)
PENNSYLVANIA,42,NORTHWESTERN,10,CRAWFORD,39,46.00
PENNSYLVANIA,42,NORTHWESTERN,10,ERIE,49,236.00
PENNSYLVANIA,42,NORTHWESTERN,10,MERCER,85,18.00
PENNSYLVANIA,42,NORTHWESTERN,10,VENANGO,121, (D)
PENNSYLVANIA,42,NORTHWESTERN,10,WARREN,123, (D)
PENNSYLVANIA,42,SOUTH CENTRAL,80,ADAMS,1,11400.00
PENNSYLVANIA,42,SOUTH CENTRAL,80,BEDFORD,9,765.00
PENNSYLVANIA,42,SOUTH CENTRAL,80,CUMBERLAND,41, (D)
PENNSYLVANIA,42,SOUTH CENTRAL,80,FRANKLIN,55,1055.00
PENNSYLVANIA,42,SOUTH CENTRAL,80,FULTON,57,17.00
PENNSYLVANIA,42,SOUTH CENTRAL,80,YORK,133,625.00
PENNSYLVANIA,42,SOUTHEASTERN,90,BERKS,11,447.00
PENNSYLVANIA,42,SOUTHEASTERN,90,BUCKS,17,145.00
PENNSYLVANIA,42,SOUTHEASTERN,90,CHESTER,29,110.00
PENNSYLVANIA,42,SOUTHEASTERN,90,DELAWARE,45, (D)
PENNSYLVANIA,42,SOUTHEASTERN,90,LANCASTER,71,264.00
PENNSYLVANIA,42,SOUTHEASTERN,90,LEBANON,75,22.00
PENNSYLVANIA,42,SOUTHEASTERN,90,MONTGOMERY,91,19.00
PENNSYLVANIA,42,SOUTHEASTERN,90,PHILADELPHIA,101, (Z)
PENNSYLVANIA,42,SOUTHWESTERN,70,ALLEGHENY,3,136.00
PENNSYLVANIA,42,SOUTHWESTERN,70,FAYETTE,51, (D)
PENNSYLVANIA,42,SOUTHWESTERN,70,GREENE,59,17.00
PENNSYLVANIA,42,SOUTHWESTERN,70,SOMERSET,111,17.00
PENNSYLVANIA,42,SOUTHWESTERN,70,WASHINGTON,125,92.00
PENNSYLVANIA,42,SOUTHWESTERN,70,WESTMORELAND,129,63.00
PENNSYLVANIA,42,WEST CENTRAL,40,ARMSTRONG,5,29.00
PENNSYLVANIA,42,WEST CENTRAL,40,BEAVER,7,70.00
PENNSYLVANIA,42,WEST CENTRAL,40,BUTLER,19,66.00
PENNSYLVANIA,42,WEST CENTRAL,40,CLARION,31, (D)
PENNSYLVANIA,42,WEST CENTRAL,40,INDIANA,63,92.00
PENNSYLVANIA,42,WEST CENTRAL,40,JEFFERSON,65,7.00
PENNSYLVANIA,42,WEST CENTRAL,40,LAWRENCE,73, (D)
RHODE ISLAND,44,ALL COUNTIES,10,KENT,3, (D)
RHODE ISLAND,44,ALL COUNTIES,10,NEWPORT,5,27.00
RHODE ISLAND,44,ALL COUNTIES,10,PROVIDENCE,7,150.00
RHODE ISLAND,44,ALL COUNTIES,10,WASHINGTON,9, (D)
SOUTH CAROLINA,45,CENTRAL,50,CALHOUN,17, (D)
SOUTH CAROLINA,45,CENTRAL,50,LEXINGTON,63, (D)
SOUTH CAROLINA,45,CENTRAL,50,ORANGEBURG,75, (D)
SOUTH CAROLINA,45,CENTRAL,50,RICHLAND,79, (D)
SOUTH CAROLINA,45,CENTRAL,50,SUMTER,85, (D)
SOUTH CAROLINA,45,EASTERN,30,CHESTERFIELD,25, (D)
SOUTH CAROLINA,45,EASTERN,30,DARLINGTON,31,2.00
SOUTH CAROLINA,45,EASTERN,30,FLORENCE,41, (D)
SOUTH CAROLINA,45,NORTH CENTRAL,20,CHESTER,23,6.00
SOUTH CAROLINA,45,NORTH CENTRAL,20,KERSHAW,55, (D)
SOUTH CAROLINA,45,NORTH CENTRAL,20,YORK,91, (D)
SOUTH CAROLINA,45,NORTHWEST,10,ANDERSON,7,19.00
SOUTH CAROLINA,45,NORTHWEST,10,CHEROKEE,21,1.00
SOUTH CAROLINA,45,NORTHWEST,10,GREENVILLE,45,12.00
SOUTH CAROLINA,45,NORTHWEST,10,LAURENS,59, (Z)
SOUTH CAROLINA,45,NORTHWEST,10,OCONEE,73,79.00
SOUTH CAROLINA,45,NORTHWEST,10,PICKENS,77,12.00
SOUTH CAROLINA,45,NORTHWEST,10,SPARTANBURG,83, (D)
SOUTH CAROLINA,45,NORTHWEST,10,UNION,87, (D)
SOUTH CAROLINA,45,SOUTHERN,80,ALLENDALE,5, (D)
SOUTH CAROLINA,45,SOUTHERN,80,CHARLESTON,19, (D)
SOUTH CAROLINA,45,SOUTHERN,80,COLLETON,29,1.00
SOUTH CAROLINA,45,SOUTHERN,80,DORCHESTER,35, (D)
SOUTH CAROLINA,45,WEST CENTRAL,40,ABBEVILLE,1, (D)
SOUTH CAROLINA,45,WEST CENTRAL,40,AIKEN,3,3.00
SOUTH CAROLINA,45,WEST CENTRAL,40,SALUDA,81,1.00
SOUTH DAKOTA,46,CENTRAL,50,BEADLE,5, (D)
SOUTH DAKOTA,46,EAST CENTRAL,60,DAVISON,35, (D)
SOUTH DAKOTA,46,EAST CENTRAL,60,LAKE,79, (D)
SOUTH DAKOTA,46,EAST CENTRAL,60,MCCOOK,87, (D)
SOUTH DAKOTA,46,EAST CENTRAL,60,MINNEHAHA,99, (D)
SOUTH DAKOTA,46,EAST CENTRAL,60,SANBORN,111, (D)
SOUTH DAKOTA,46,NORTH CENTRAL,20,BROWN,13, (D)
SOUTH DAKOTA,46,NORTH CENTRAL,20,CAMPBELL,21, (D)
SOUTH DAKOTA,46,NORTH CENTRAL,20,MCPHERSON,89, (Z)
SOUTH DAKOTA,46,NORTH CENTRAL,20,WALWORTH,129, (D)
SOUTH DAKOTA,46,NORTHEAST,30,DAY,37, (D)
SOUTH DAKOTA,46,NORTHEAST,30,DEUEL,39, (D)
SOUTH DAKOTA,46,NORTHEAST,30,GRANT,51, (D)
SOUTH DAKOTA,46,NORTHWEST,10,BUTTE,19, (D)
SOUTH DAKOTA,46,SOUTH CENTRAL,80,TRIPP,123, (D)
SOUTH DAKOTA,46,SOUTHEAST,90,BON HOMME,9, (D)
SOUTH DAKOTA,46,SOUTHEAST,90,CLAY,27, (D)
SOUTH DAKOTA,46,SOUTHEAST,90,TURNER,125, (D)
SOUTH DAKOTA,46,SOUTHEAST,90,UNION,127, (D)
SOUTH DAKOTA,46,SOUTHEAST,90,YANKTON,135, (D)
SOUTH DAKOTA,46,WEST CENTRAL,40,LAWRENCE,81,2.00
SOUTH DAKOTA,46,WEST CENTRAL,40,MEADE,93, (D)
SOUTH DAKOTA,46,WEST CENTRAL,40,PENNINGTON,103, (D)
TENNESSEE,47,CENTRAL BASIN,40,BEDFORD,3, (D)
TENNESSEE,47,CENTRAL BASIN,40,CANNON,15,7.00
TENNESSEE,47,CENTRAL BASIN,40,CLAY,27, (D)
TENNESSEE,47,CENTRAL BASIN,40,DAVIDSON,37,6.00
TENNESSEE,47,CENTRAL BASIN,40,DE KALB,41,26.00
TENNESSEE,47,CENTRAL BASIN,40,GILES,55,4.00
TENNESSEE,47,CENTRAL BASIN,40,JACKSON,87, (D)
TENNESSEE,47,CENTRAL BASIN,40,LINCOLN,103, (D)
TENNESSEE,47,CENTRAL BASIN,40,MACON,111, (D)
TENNESSEE,47,CENTRAL BASIN,40,MARSHALL,117,2.00
TENNESSEE,47,CENTRAL BASIN,40,MAURY,119,13.00
TENNESSEE,47,CENTRAL BASIN,40,RUTHERFORD,149,2.00
TENNESSEE,47,CENTRAL BASIN,40,SMITH,159, (D)
TENNESSEE,47,CENTRAL BASIN,40,SUMNER,165, (D)
TENNESSEE,47,CENTRAL BASIN,40,WILLIAMSON,187,64.00
TENNESSEE,47,CENTRAL BASIN,40,WILSON,189, (D)
TENNESSEE,47,CUMBERLAND PLATEAU,50,BLEDSOE,7, (D)
TENNESSEE,47,CUMBERLAND PLATEAU,50,COFFEE,31, (D)
TENNESSEE,47,CUMBERLAND PLATEAU,50,CUMBERLAND,35,19.00
TENNESSEE,47,CUMBERLAND PLATEAU,50,FENTRESS,49, (D)
TENNESSEE,47,CUMBERLAND PLATEAU,50,FRANKLIN,51, (D)
TENNESSEE,47,CUMBERLAND PLATEAU,50,MARION,115, (D)
TENNESSEE,47,CUMBERLAND PLATEAU,50,MORGAN,129, (D)
TENNESSEE,47,CUMBERLAND PLATEAU,50,OVERTON,133, (D)
TENNESSEE,47,CUMBERLAND PLATEAU,50,PUTNAM,141,29.00
TENNESSEE,47,CUMBERLAND PLATEAU,50,SCOTT,151, (D)
TENNESSEE,47,CUMBERLAND PLATEAU,50,SEQUATCHIE,153,12.00
TENNESSEE,47,CUMBERLAND PLATEAU,50,VAN BUREN,175, (D)
TENNESSEE,47,CUMBERLAND PLATEAU,50,WARREN,177,46.00
TENNESSEE,47,DELTA,10,DYER,45,3.00
TENNESSEE,47,DELTA,10,LAUDERDALE,97, (D)
TENNESSEE,47,DELTA,10,OBION,131, (D)
TENNESSEE,47,DELTA,10,SHELBY,157, (D)
TENNESSEE,47,DELTA,10,TIPTON,167, (D)
TENNESSEE,47,EAST TENNESSEE,60,ANDERSON,1,2.00
TENNESSEE,47,EAST TENNESSEE,60,BLOUNT,9,5.00
TENNESSEE,47,EAST TENNESSEE,60,BRADLEY,11, (D)
TENNESSEE,47,EAST TENNESSEE,60,CAMPBELL,13, (D)
TENNESSEE,47,EAST TENNESSEE,60,CARTER,19, (D)
TENNESSEE,47,EAST TENNESSEE,60,CLAIBORNE,25, (D)
TENNESSEE,47,EAST TENNESSEE,60,COCKE,29, (D)
TENNESSEE,47,EAST TENNESSEE,60,GRAINGER,57, (D)
TENNESSEE,47,EAST TENNESSEE,60,GREENE,59,13.00
TENNESSEE,47,EAST TENNESSEE,60,HAMILTON,65, (D)
TENNESSEE,47,EAST TENNESSEE,60,HANCOCK,67, (D)
TENNESSEE,47,EAST TENNESSEE,60,HAWKINS,73,15.00
TENNESSEE,47,EAST TENNESSEE,60,JEFFERSON,89, (D)
TENNESSEE,47,EAST TENNESSEE,60,JOHNSON,91, (D)
TENNESSEE,47,EAST TENNESSEE,60,KNOX,93,2.00
TENNESSEE,47,EAST TENNESSEE,60,LOUDON,105, (D)
TENNESSEE,47,EAST TENNESSEE,60,MCMINN,107,5.00
TENNESSEE,47,EAST TENNESSEE,60,MEIGS,121,1.00
TENNESSEE,47,EAST TENNESSEE,60,MONROE,123,1.00
TENNESSEE,47,EAST TENNESSEE,60,POLK,139, (D)
TENNESSEE,47,EAST TENNESSEE,60,RHEA,143, (D)
TENNESSEE,47,EAST TENNESSEE,60,ROANE,145,10.00
TENNESSEE,47,EAST TENNESSEE,60,SEVIER,155, (D)
TENNESSEE,47,EAST TENNESSEE,60,SULLIVAN,163,6.00
TENNESSEE,47,EAST TENNESSEE,60,UNICOI,171, (D)
TENNESSEE,47,EAST TENNESSEE,60,UNION,173, (D)
TENNESSEE,47,EAST TENNESSEE,60,WASHINGTON,179,11.00
TENNESSEE,47,WEST TENNESSEE,20,BENTON,5, (D)
TENNESSEE,47,WEST TENNESSEE,20,CARROLL,17, (D)
TENNESSEE,47,WEST TENNESSEE,20,CHESTER,23, (D)
TENNESSEE,47,WEST TENNESSEE,20,DECATUR,39, (D)
TENNESSEE,47,WEST TENNESSEE,20,FAYETTE,47, (D)
TENNESSEE,47,WEST TENNESSEE,20,GIBSON,53, (D)
TENNESSEE,47,WEST TENNESSEE,20,HARDEMAN,69, (D)
TENNESSEE,47,WEST TENNESSEE,20,HARDIN,71, (D)
TENNESSEE,47,WEST TENNESSEE,20,HENDERSON,77,6.00
TENNESSEE,47,WEST TENNESSEE,20,HENRY,79, (D)
TENNESSEE,47,WEST TENNESSEE,20,MADISON,113, (D)
TENNESSEE,47,WEST TENNESSEE,20,MCNAIRY,109,2.00
TENNESSEE,47,WEST TENNESSEE,20,WEAKLEY,183, (D)
TENNESSEE,47,WESTERN RIM,30,CHEATHAM,21,2.00
TENNESSEE,47,WESTERN RIM,30,DICKSON,43, (D)
TENNESSEE,47,WESTERN RIM,30,HUMPHREYS,85,4.00
TENNESSEE,47,WESTERN RIM,30,LAWRENCE,99,2.00
TENNESSEE,47,WESTERN RIM,30,LEWIS,101, (D)
TENNESSEE,47,WESTERN RIM,30,MONTGOMERY,125,1.00
TENNESSEE,47,WESTERN RIM,30,PERRY,135, (D)
TENNESSEE,47,WESTERN RIM,30,ROBERTSON,147, (D)
TENNESSEE,47,WESTERN RIM,30,STEWART,161, (D)
TENNESSEE,47,WESTERN RIM,30,WAYNE,181, (D)
TEXAS,48,BLACKLANDS,40,BELL,27, (D)
TEXAS,48,BLACKLANDS,40,BOSQUE,35, (D)
TEXAS,48,BLACKLANDS,40,COLLIN,85,22.00
TEXAS,48,BLACKLANDS,40,COOKE,97,2.00
TEXAS,48,BLACKLANDS,40,DALLAS,113, (D)
TEXAS,48,BLACKLANDS,40,DENTON,121, (D)
TEXAS,48,BLACKLANDS,40,FALLS,145, (D)
TEXAS,48,BLACKLANDS,40,GRAYSON,181,10.00
TEXAS,48,BLACKLANDS,40,HAMILTON,193, (D)
TEXAS,48,BLACKLANDS,40,HUNT,231,4.00
TEXAS,48,BLACKLANDS,40,JOHNSON,251, (D)
TEXAS,48,BLACKLANDS,40,MCLENNAN,309, (D)
TEXAS,48,BLACKLANDS,40,MILAM,331, (D)
TEXAS,48,BLACKLANDS,40,TARRANT,439,12.00
TEXAS,48,BLACKLANDS,40,WILLIAMSON,491, (D)
TEXAS,48,CROSS TIMBERS,30,ARCHER,9, (D)
TEXAS,48,CROSS TIMBERS,30,CALLAHAN,59,3.00
TEXAS,48,CROSS TIMBERS,30,COMANCHE,93, (D)
TEXAS,48,CROSS TIMBERS,30,HOOD,221,2.00
TEXAS,48,CROSS TIMBERS,30,MONTAGUE,337,3.00
TEXAS,48,CROSS TIMBERS,30,PALO PINTO,363, (D)
TEXAS,48,CROSS TIMBERS,30,PARKER,367,8.00
TEXAS,48,CROSS TIMBERS,30,WISE,497,1.00
TEXAS,48,EAST TEXAS NORTH,51,BOWIE,37, (D)
TEXAS,48,EAST TEXAS NORTH,51,CASS,67, (D)
TEXAS,48,EAST TEXAS NORTH,51,CHEROKEE,73, (D)
TEXAS,48,EAST TEXAS NORTH,51,FRANKLIN,159, (D)
TEXAS,48,EAST TEXAS NORTH,51,NACOGDOCHES,347, (D)
TEXAS,48,EAST TEXAS NORTH,51,RED RIVER,387,2.00
TEXAS,48,EAST TEXAS NORTH,51,RUSK,401, (D)
TEXAS,48,EAST TEXAS NORTH,51,UPSHUR,459, (D)
TEXAS,48,EAST TEXAS NORTH,51,WOOD,499, (Z)
TEXAS,48,EAST TEXAS SOUTH,52,ANGELINA,5, (D)
TEXAS,48,EAST TEXAS SOUTH,52,BRAZOS,41, (D)
TEXAS,48,EAST TEXAS SOUTH,52,GRIMES,185, (D)
TEXAS,48,EAST TEXAS SOUTH,52,HARDIN,199,6.00
TEXAS,48,EAST TEXAS SOUTH,52,MONTGOMERY,339, (D)
TEXAS,48,EAST TEXAS SOUTH,52,SAN JACINTO,407,1.00
TEXAS,48,EAST TEXAS SOUTH,52,WALKER,471,1.00
TEXAS,48,EDWARDS PLATEAU,70,BANDERA,19,17.00
TEXAS,48,EDWARDS PLATEAU,70,BLANCO,31, (D)
TEXAS,48,EDWARDS PLATEAU,70,BURNET,53, (D)
TEXAS,48,EDWARDS PLATEAU,70,GILLESPIE,171, (D)
TEXAS,48,EDWARDS PLATEAU,70,KENDALL,259, (D)
TEXAS,48,EDWARDS PLATEAU,70,LLANO,299, (D)
TEXAS,48,EDWARDS PLATEAU,70,MASON,319, (D)
TEXAS,48,EDWARDS PLATEAU,70,REAL,385, (D)
TEXAS,48,EDWARDS PLATEAU,70,VAL VERDE,465, (D)
TEXAS,48,NORTHERN HIGH PLAINS,11,HARTLEY,205, (D)
TEXAS,48,NORTHERN HIGH PLAINS,11,RANDALL,381,2.00
TEXAS,48,NORTHERN HIGH PLAINS,11,ROBERTS,393, (D)
TEXAS,48,NORTHERN LOW PLAINS,21,DONLEY,129,2.00
TEXAS,48,NORTHERN LOW PLAINS,21,WHEELER,483, (D)
TEXAS,48,SOUTH CENTRAL,81,AUSTIN,15, (D)
TEXAS,48,SOUTH CENTRAL,81,BASTROP,21,2.00
TEXAS,48,SOUTH CENTRAL,81,BEXAR,29, (D)
TEXAS,48,SOUTH CENTRAL,81,CALDWELL,55, (D)
TEXAS,48,SOUTH CENTRAL,81,COMAL,91, (D)
TEXAS,48,SOUTH CENTRAL,81,GONZALES,177, (D)
TEXAS,48,SOUTH CENTRAL,81,HAYS,209, (D)
TEXAS,48,SOUTH CENTRAL,81,MEDINA,325, (D)
TEXAS,48,SOUTH CENTRAL,81,TRAVIS,453, (D)
TEXAS,48,SOUTH CENTRAL,81,WASHINGTON,477, (D)
TEXAS,48,SOUTH TEXAS,96,JIM WELLS,249, (D)
TEXAS,48,SOUTHERN HIGH PLAINS,12,LUBBOCK,303, (D)
TEXAS,48,SOUTHERN HIGH PLAINS,12,YOAKUM,501, (D)
TEXAS,48,TRANS-PECOS,60,BREWSTER,43,4.00
TEXAS,48,TRANS-PECOS,60,EL PASO,141, (D)
TEXAS,48,TRANS-PECOS,60,JEFF DAVIS,243, (D)
TEXAS,48,TRANS-PECOS,60,PECOS,371, (D)
TEXAS,48,TRANS-PECOS,60,REEVES,389, (D)
TEXAS,48,UPPER COAST,90,BRAZORIA,39, (D)
TEXAS,48,UPPER COAST,90,GALVESTON,167, (D)
TEXAS,48,UPPER COAST,90,HARRIS,201, (D)
UTAH,49,CENTRAL,50,SANPETE,39,1.00
UTAH,49,CENTRAL,50,SEVIER,41,4.00
UTAH,49,CENTRAL,50,UTAH,49,622.00
UTAH,49,EASTERN,60,CARBON,7,3.00
UTAH,49,EASTERN,60,DUCHESNE,13, (D)
UTAH,49,EASTERN,60,EMERY,15,2.00
UTAH,49,EASTERN,60,GRAND,19, (D)
UTAH,49,EASTERN,60,SAN JUAN,37, (D)
UTAH,49,EASTERN,60,UINTAH,47,11.00
UTAH,49,EASTERN,60,WASATCH,51, (D)
UTAH,49,NORTHERN,10,BOX ELDER,3,107.00
UTAH,49,NORTHERN,10,CACHE,5,47.00
UTAH,49,NORTHERN,10,DAVIS,11,63.00
UTAH,49,NORTHERN,10,RICH,33, (D)
UTAH,49,NORTHERN,10,SALT LAKE,35,17.00
UTAH,49,NORTHERN,10,TOOELE,45,3.00
UTAH,49,NORTHERN,10,WEBER,57,18.00
UTAH,49,SOUTHERN,70,BEAVER,1, (D)
UTAH,49,SOUTHERN,70,IRON,21, (D)
UTAH,49,SOUTHERN,70,KANE,25, (D)
UTAH,49,SOUTHERN,70,WASHINGTON,53,9.00
UTAH,49,SOUTHERN,70,WAYNE,55, (D)
VERMONT,50,ALL COUNTIES,10,ADDISON,1,836.00
VERMONT,50,ALL COUNTIES,10,BENNINGTON,3, (D)
VERMONT,50,ALL COUNTIES,10,CALEDONIA,5,40.00
VERMONT,50,ALL COUNTIES,10,CHITTENDEN,7,46.00
VERMONT,50,ALL COUNTIES,10,ESSEX,9,22.00
VERMONT,50,ALL COUNTIES,10,FRANKLIN,11,21.00
VERMONT,50,ALL COUNTIES,10,GRAND ISLE,13,65.00
VERMONT,50,ALL COUNTIES,10,LAMOILLE,15, (D)
VERMONT,50,ALL COUNTIES,10,ORANGE,17,62.00
VERMONT,50,ALL COUNTIES,10,ORLEANS,19, (D)
VERMONT,50,ALL COUNTIES,10,RUTLAND,21,82.00
VERMONT,50,ALL COUNTIES,10,WASHINGTON,23,10.00
VERMONT,50,ALL COUNTIES,10,WINDHAM,25,224.00
VERMONT,50,ALL COUNTIES,10,WINDSOR,27,154.00
VIRGINIA,51,CENTRAL,50,ALBEMARLE,3, (D)
VIRGINIA,51,CENTRAL,50,AMELIA,7, (D)
VIRGINIA,51,CENTRAL,50,AMHERST,9, (D)
VIRGINIA,51,CENTRAL,50,APPOMATTOX,11, (D)
VIRGINIA,51,CENTRAL,50,BEDFORD,19,43.00
VIRGINIA,51,CENTRAL,50,BUCKINGHAM,29,5.00
VIRGINIA,51,CENTRAL,50,CAMPBELL,31,17.00
VIRGINIA,51,CENTRAL,50,CHESTERFIELD,41,1.00
VIRGINIA,51,CENTRAL,50,FLUVANNA,65, (D)
VIRGINIA,51,CENTRAL,50,GOOCHLAND,75, (D)
VIRGINIA,51,CENTRAL,50,HANOVER,85, (D)
VIRGINIA,51,CENTRAL,50,LOUISA,109,2.00
VIRGINIA,51,CENTRAL,50,NELSON,125,605.00
VIRGINIA,51,CENTRAL,50,ORANGE,137, (D)
VIRGINIA,51,CENTRAL,50,PRINCE EDWARD,147, (D)
VIRGINIA,51,CENTRAL,50,SPOTSYLVANIA,177, (D)
VIRGINIA,51,EASTERN,60,ACCOMACK,1, (D)
VIRGINIA,51,EASTERN,60,CHARLES CITY,36, (D)
VIRGINIA,51,EASTERN,60,GLOUCESTER,73, (D)
VIRGINIA,51,EASTERN,60,JAMES CITY,95, (D)
VIRGINIA,51,EASTERN,60,KING GEORGE,99, (D)
VIRGINIA,51,EASTERN,60,KING WILLIAM,101, (D)
VIRGINIA,51,EASTERN,60,MIDDLESEX,119, (D)
VIRGINIA,51,EASTERN,60,NEW KENT,127,12.00
VIRGINIA,51,EASTERN,60,NORTHUMBERLAND,133, (D)
VIRGINIA,51,NORTHERN,20,CLARKE,43, (D)
VIRGINIA,51,NORTHERN,20,CULPEPER,47, (D)
VIRGINIA,51,NORTHERN,20,FAIRFAX,59,2.00
VIRGINIA,51,NORTHERN,20,FAUQUIER,61,77.00
VIRGINIA,51,NORTHERN,20,FREDERICK,69,3892.00
VIRGINIA,51,NORTHERN,20,LOUDOUN,107,40.00
VIRGINIA,51,NORTHERN,20,MADISON,113,53.00
VIRGINIA,51,NORTHERN,20,PAGE,139, (D)
VIRGINIA,51,NORTHERN,20,PRINCE WILLIAM,153, (D)
VIRGINIA,51,NORTHERN,20,RAPPAHANNOCK,157,193.00
VIRGINIA,51,NORTHERN,20,ROCKINGHAM,165, (D)
VIRGINIA,51,NORTHERN,20,SHENANDOAH,171, (D)
VIRGINIA,51,NORTHERN,20,WARREN,187, (D)
VIRGINIA,51,SOUTHEASTERN,90,BRUNSWICK,25, (D)
VIRGINIA,51,SOUTHEASTERN,90,GREENSVILLE,81, (D)
VIRGINIA,51,SOUTHEASTERN,90,ISLE OF WIGHT,93, (D)
VIRGINIA,51,SOUTHEASTERN,90,MECKLENBURG,117,20.00
VIRGINIA,51,SOUTHEASTERN,90,VIRGINIA BEACH CITY,810, (D)
VIRGINIA,51,SOUTHERN,80,CHARLOTTE,37,8.00
VIRGINIA,51,SOUTHERN,80,FRANKLIN,67,30.00
VIRGINIA,51,SOUTHERN,80,HALIFAX,83, (D)
VIRGINIA,51,SOUTHERN,80,HENRY,89, (D)
VIRGINIA,51,SOUTHERN,80,LUNENBURG,111, (D)
VIRGINIA,51,SOUTHERN,80,NOTTOWAY,135,3.00
VIRGINIA,51,SOUTHERN,80,PATRICK,141,138.00
VIRGINIA,51,SOUTHERN,80,PITTSYLVANIA,143,14.00
VIRGINIA,51,SOUTHWESTERN,70,CARROLL,35,316.00
VIRGINIA,51,SOUTHWESTERN,70,FLOYD,63,154.00
VIRGINIA,51,SOUTHWESTERN,70,GRAYSON,77, (D)
VIRGINIA,51,SOUTHWESTERN,70,LEE,105, (D)
VIRGINIA,51,SOUTHWESTERN,70,MONTGOMERY,121, (D)
VIRGINIA,51,SOUTHWESTERN,70,PULASKI,155, (D)
VIRGINIA,51,SOUTHWESTERN,70,RUSSELL,167,5.00
VIRGINIA,51,SOUTHWESTERN,70,SCOTT,169,4.00
VIRGINIA,51,SOUTHWESTERN,70,SMYTH,173, (D)
VIRGINIA,51,SOUTHWESTERN,70,TAZEWELL,185, (D)
VIRGINIA,51,SOUTHWESTERN,70,WASHINGTON,191,14.00
VIRGINIA,51,SOUTHWESTERN,70,WISE,195, (D)
VIRGINIA,51,SOUTHWESTERN,70,WYTHE,197, (D)
VIRGINIA,51,WESTERN,40,ALLEGHANY,5,1.00
VIRGINIA,51,WESTERN,40,AUGUSTA,15,4.00
VIRGINIA,51,WESTERN,40,BATH,17, (D)
VIRGINIA,51,WESTERN,40,BOTETOURT,23, (D)
VIRGINIA,51,WESTERN,40,CRAIG,45,9.00
VIRGINIA,51,WESTERN,40,HIGHLAND,91,19.00
VIRGINIA,51,WESTERN,40,ROANOKE,161,24.00
VIRGINIA,51,WESTERN,40,ROCKBRIDGE,163,11.00
WASHINGTON,53,CENTRAL,20,BENTON,5,8517.00
WASHINGTON,53,CENTRAL,20,CHELAN,7,7054.00
WASHINGTON,53,CENTRAL,20,KITTITAS,37,462.00
WASHINGTON,53,CENTRAL,20,KLICKITAT,39,389.00
WASHINGTON,53,CENTRAL,20,OKANOGAN,47,13151.00
WASHINGTON,53,CENTRAL,20,YAKIMA,77,53817.00
WASHINGTON,53,EAST CENTRAL,50,ADAMS,1,3150.00
WASHINGTON,53,EAST CENTRAL,50,DOUGLAS,17,6563.00
WASHINGTON,53,EAST CENTRAL,50,FRANKLIN,21,9674.00
WASHINGTON,53,EAST CENTRAL,50,GRANT,25,43595.00
WASHINGTON,53,EAST CENTRAL,50,LINCOLN,43, (D)
WASHINGTON,53,NORTHEAST,30,FERRY,19,2.00
WASHINGTON,53,NORTHEAST,30,PEND OREILLE,51, (D)
WASHINGTON,53,NORTHEAST,30,SPOKANE,63,182.00
WASHINGTON,53,NORTHEAST,30,STEVENS,65,37.00
WASHINGTON,53,SOUTHEAST,90,ASOTIN,3, (D)
WASHINGTON,53,SOUTHEAST,90,COLUMBIA,13, (D)
WASHINGTON,53,SOUTHEAST,90,GARFIELD,23,2.00
WASHINGTON,53,SOUTHEAST,90,WALLA WALLA,71,10841.00
WASHINGTON,53,SOUTHEAST,90,WHITMAN,75, (D)
WASHINGTON,53,WESTERN,10,CLALLAM,9,43.00
WASHINGTON,53,WESTERN,10,CLARK,11,69.00
WASHINGTON,53,WESTERN,10,COWLITZ,15, (D)
WASHINGTON,53,WESTERN,10,GRAYS HARBOR,27, (D)
WASHINGTON,53,WESTERN,10,ISLAND,29,24.00
WASHINGTON,53,WESTERN,10,JEFFERSON,31, (D)
WASHINGTON,53,WESTERN,10,KING,33,94.00
WASHINGTON,53,WESTERN,10,KITSAP,35,12.00
WASHINGTON,53,WESTERN,10,LEWIS,41,27.00
WASHINGTON,53,WESTERN,10,MASON,45, (D)
WASHINGTON,53,WESTERN,10,PIERCE,53,105.00
WASHINGTON,53,WESTERN,10,SAN JUAN,55,49.00
WASHINGTON,53,WESTERN,10,SKAGIT,57,112.00
WASHINGTON,53,WESTERN,10,SKAMANIA,59, (D)
WASHINGTON,53,WESTERN,10,SNOHOMISH,61,72.00
WASHINGTON,53,WESTERN,10,THURSTON,67,21.00
WASHINGTON,53,WESTERN,10,WAHKIAKUM,69,1.00
WASHINGTON,53,WESTERN,10,WHATCOM,73,89.00
WEST VIRGINIA,54,EASTERN,60,BERKELEY,3,1750.00
WEST VIRGINIA,54,EASTERN,60,GRANT,23,3.00
WEST VIRGINIA,54,EASTERN,60,GREENBRIER,25,26.00
WEST VIRGINIA,54,EASTERN,60,HAMPSHIRE,27,198.00
WEST VIRGINIA,54,EASTERN,60,HARDY,31, (D)
WEST VIRGINIA,54,EASTERN,60,JEFFERSON,37, (D)
WEST VIRGINIA,54,EASTERN,60,MINERAL,57,5.00
WEST VIRGINIA,54,EASTERN,60,MONROE,63, (D)
WEST VIRGINIA,54,EASTERN,60,MORGAN,65, (D)
WEST VIRGINIA,54,EASTERN,60,PENDLETON,71, (D)
WEST VIRGINIA,54,EASTERN,60,POCAHONTAS,75, (D)
WEST VIRGINIA,54,EASTERN,60,RANDOLPH,83,46.00
WEST VIRGINIA,54,EASTERN,60,SUMMERS,89, (D)
WEST VIRGINIA,54,EASTERN,60,TUCKER,93, (D)
WEST VIRGINIA,54,NORTHWEST,20,BARBOUR,1,8.00
WEST VIRGINIA,54,NORTHWEST,20,BROOKE,9, (D)
WEST VIRGINIA,54,NORTHWEST,20,DODDRIDGE,17, (D)
WEST VIRGINIA,54,NORTHWEST,20,HARRISON,33,25.00
WEST VIRGINIA,54,NORTHWEST,20,LEWIS,41, (D)
WEST VIRGINIA,54,NORTHWEST,20,MARION,49,12.00
WEST VIRGINIA,54,NORTHWEST,20,MARSHALL,51,78.00
WEST VIRGINIA,54,NORTHWEST,20,MONONGALIA,61,12.00
WEST VIRGINIA,54,NORTHWEST,20,OHIO,69, (D)
WEST VIRGINIA,54,NORTHWEST,20,PLEASANTS,73, (D)
WEST VIRGINIA,54,NORTHWEST,20,PRESTON,77,19.00
WEST VIRGINIA,54,NORTHWEST,20,RITCHIE,85,17.00
WEST VIRGINIA,54,NORTHWEST,20,TAYLOR,91, (D)
WEST VIRGINIA,54,NORTHWEST,20,TYLER,95,2.00
WEST VIRGINIA,54,NORTHWEST,20,UPSHUR,97,3.00
WEST VIRGINIA,54,NORTHWEST,20,WETZEL,103,4.00
WEST VIRGINIA,54,NORTHWEST,20,WOOD,107,16.00
WEST VIRGINIA,54,SOUTHWEST,40,BOONE,5, (D)
WEST VIRGINIA,54,SOUTHWEST,40,BRAXTON,7,23.00
WEST VIRGINIA,54,SOUTHWEST,40,CABELL,11, (D)
WEST VIRGINIA,54,SOUTHWEST,40,CALHOUN,13,8.00
WEST VIRGINIA,54,SOUTHWEST,40,CLAY,15, (D)
WEST VIRGINIA,54,SOUTHWEST,40,FAYETTE,19, (D)
WEST VIRGINIA,54,SOUTHWEST,40,GILMER,21,2.00
WEST VIRGINIA,54,SOUTHWEST,40,JACKSON,35,15.00
WEST VIRGINIA,54,SOUTHWEST,40,KANAWHA,39, (D)
WEST VIRGINIA,54,SOUTHWEST,40,LINCOLN,43, (D)
WEST VIRGINIA,54,SOUTHWEST,40,MASON,53,9.00
WEST VIRGINIA,54,SOUTHWEST,40,MCDOWELL,47, (D)
WEST VIRGINIA,54,SOUTHWEST,40,MERCER,55, (D)
WEST VIRGINIA,54,SOUTHWEST,40,NICHOLAS,67, (D)
WEST VIRGINIA,54,SOUTHWEST,40,PUTNAM,79,3.00
WEST VIRGINIA,54,SOUTHWEST,40,RALEIGH,81, (D)
WEST VIRGINIA,54,SOUTHWEST,40,ROANE,87,8.00
WEST VIRGINIA,54,SOUTHWEST,40,WAYNE,99, (D)
WEST VIRGINIA,54,SOUTHWEST,40,WEBSTER,101, (D)
WEST VIRGINIA,54,SOUTHWEST,40,WIRT,105, (D)
WISCONSIN,55,CENTRAL,50,ADAMS,1, (D)
WISCONSIN,55,CENTRAL,50,GREEN LAKE,47, (D)
WISCONSIN,55,CENTRAL,50,JUNEAU,57,7.00
WISCONSIN,55,CENTRAL,50,MARQUETTE,77, (D)
WISCONSIN,55,CENTRAL,50,PORTAGE,97,25.00
WISCONSIN,55,CENTRAL,50,WAUPACA,135, (D)
WISCONSIN,55,CENTRAL,50,WAUSHARA,137,6.00
WISCONSIN,55,CENTRAL,50,WOOD,141,32.00
WISCONSIN,55,EAST CENTRAL,60,BROWN,9,94.00
WISCONSIN,55,EAST CENTRAL,60,CALUMET,15,26.00
WISCONSIN,55,EAST CENTRAL,60,DOOR,29,370.00
WISCONSIN,55,EAST CENTRAL,60,FOND DU LAC,39,38.00
WISCONSIN,55,EAST CENTRAL,60,KEWAUNEE,61,25.00
WISCONSIN,55,EAST CENTRAL,60,MANITOWOC,71,18.00
WISCONSIN,55,EAST CENTRAL,60,OUTAGAMIE,87,43.00
WISCONSIN,55,EAST CENTRAL,60,SHEBOYGAN,117,96.00
WISCONSIN,55,EAST CENTRAL,60,WINNEBAGO,139, (D)
WISCONSIN,55,NORTH CENTRAL,20,ASHLAND,3, (D)
WISCONSIN,55,NORTH CENTRAL,20,CLARK,19, (D)
WISCONSIN,55,NORTH CENTRAL,20,LINCOLN,69, (D)
WISCONSIN,55,NORTH CENTRAL,20,MARATHON,73,54.00
WISCONSIN,55,NORTH CENTRAL,20,ONEIDA,85, (D)
WISCONSIN,55,NORTH CENTRAL,20,PRICE,99, (D)
WISCONSIN,55,NORTH CENTRAL,20,TAYLOR,119,2.00
WISCONSIN,55,NORTHEAST,30,FLORENCE,37,13.00
WISCONSIN,55,NORTHEAST,30,LANGLADE,67, (D)
WISCONSIN,55,NORTHEAST,30,MARINETTE,75,17.00
WISCONSIN,55,NORTHEAST,30,OCONTO,83,23.00
WISCONSIN,55,NORTHEAST,30,SHAWANO,115, (D)
WISCONSIN,55,NORTHWEST,10,BARRON,5,10.00
WISCONSIN,55,NORTHWEST,10,BAYFIELD,7,211.00
WISCONSIN,55,NORTHWEST,10,BURNETT,13, (D)
WISCONSIN,55,NORTHWEST,10,CHIPPEWA,17,182.00
WISCONSIN,55,NORTHWEST,10,DOUGLAS,31,18.00
WISCONSIN,55,NORTHWEST,10,POLK,95,69.00
WISCONSIN,55,NORTHWEST,10,RUSK,107, (D)
WISCONSIN,55,NORTHWEST,10,SAWYER,113, (D)
WISCONSIN,55,NORTHWEST,10,WASHBURN,129, (D)
WISCONSIN,55,SOUTH CENTRAL,80,COLUMBIA,21,34.00
WISCONSIN,55,SOUTH CENTRAL,80,DANE,25,129.00
WISCONSIN,55,SOUTH CENTRAL,80,DODGE,27, (D)
WISCONSIN,55,SOUTH CENTRAL,80,GREEN,45,42.00
WISCONSIN,55,SOUTH CENTRAL,80,JEFFERSON,55,29.00
WISCONSIN,55,SOUTH CENTRAL,80,ROCK,105,35.00
WISCONSIN,55,SOUTHEAST,90,KENOSHA,59,34.00
WISCONSIN,55,SOUTHEAST,90,MILWAUKEE,79, (D)
WISCONSIN,55,SOUTHEAST,90,OZAUKEE,89, (D)
WISCONSIN,55,SOUTHEAST,90,RACINE,101, (D)
WISCONSIN,55,SOUTHEAST,90,WALWORTH,127, (D)
WISCONSIN,55,SOUTHEAST,90,WASHINGTON,131, (D)
WISCONSIN,55,SOUTHEAST,90,WAUKESHA,133, (D)
WISCONSIN,55,SOUTHWEST,70,CRAWFORD,23,339.00
WISCONSIN,55,SOUTHWEST,70,GRANT,43, (D)
WISCONSIN,55,SOUTHWEST,70,IOWA,49,58.00
WISCONSIN,55,SOUTHWEST,70,LAFAYETTE,65, (D)
WISCONSIN,55,SOUTHWEST,70,RICHLAND,103,218.00
WISCONSIN,55,SOUTHWEST,70,SAUK,111,50.00
WISCONSIN,55,SOUTHWEST,70,VERNON,123,55.00
WISCONSIN,55,WEST CENTRAL,40,BUFFALO,11, (D)
WISCONSIN,55,WEST CENTRAL,40,DUNN,33,18.00
WISCONSIN,55,WEST CENTRAL,40,EAU CLAIRE,35,49.00
WISCONSIN,55,WEST CENTRAL,40,JACKSON,53, (D)
WISCONSIN,55,WEST CENTRAL,40,LA CROSSE,63, (D)
WISCONSIN,55,WEST CENTRAL,40,MONROE,81, (D)
WISCONSIN,55,WEST CENTRAL,40,PEPIN,91, (D)
WISCONSIN,55,WEST CENTRAL,40,PIERCE,93,78.00
WISCONSIN,55,WEST CENTRAL,40,ST CROIX,109,15.00
WISCONSIN,55,WEST CENTRAL,40,TREMPEALEAU,121, (D)
WYOMING,56,NORTHEAST,20,SHERIDAN,33, (D)
WYOMING,56,NORTHWEST,10,BIG HORN,3, (D)
WYOMING,56,NORTHWEST,10,FREMONT,13, (D)
WYOMING,56,NORTHWEST,10,HOT SPRINGS,17, (D)
WYOMING,56,NORTHWEST,10,PARK,29, (D)
WYOMING,56,SOUTHEAST,50,GOSHEN,15, (D)
WYOMING,56,WEST,30,TETON,39, (D)