Year,State,State ANSI,Ag District,County,County ANSI,barley_bushels
2017,ALABAMA,1,BLACK BELT,AUTAUGA,1, (D)
2017,ALABAMA,1,MOUNTAINS & EASTERN VALLEY,DE KALB,49, (D)
2017,ALABAMA,1,NORTHERN VALLEY,LIMESTONE,83,10800
2017,ALABAMA,1,WIREGRASS,GENEVA,61, (D)
2017,ALASKA,2,MATANUSKA-SUSITNA-ANCHORAGE,ANCHORAGE,,675
2017,ALASKA,2,TANANA VALLEY,FAIRBANKS NORTH STAR,,224542
2017,ARIZONA,4,NORTHERN,YAVAPAI,25,3537
2017,ARIZONA,4,SOUTHERN,COCHISE,3,212668
2017,ARIZONA,4,SOUTHERN,GRAHAM,9,233628
2017,ARIZONA,4,SOUTHERN,LAPAZ,12, (D)
2017,ARIZONA,4,SOUTHERN,MARICOPA,13,499350
2017,ARIZONA,4,SOUTHERN,PIMA,19, (D)
2017,ARIZONA,4,SOUTHERN,PINAL,21,1071869
2017,ARIZONA,4,SOUTHERN,YUMA,27,40103
2017,CALIFORNIA,6,CENTRAL COAST,LAKE,33, (D)
2017,CALIFORNIA,6,CENTRAL COAST,MONTEREY,53,173755
2017,CALIFORNIA,6,CENTRAL COAST,SAN LUIS OBISPO,79,514234
2017,CALIFORNIA,6,CENTRAL COAST,SAN MATEO,81, (D)
2017,CALIFORNIA,6,CENTRAL COAST,SONOMA,97, (D)
2017,CALIFORNIA,6,NORTHEAST,LASSEN,35, (D)
2017,CALIFORNIA,6,NORTHEAST,MODOC,49,618257
2017,CALIFORNIA,6,NORTHEAST,PLUMAS,63, (D)
2017,CALIFORNIA,6,SACRAMENTO VALLEY,BUTTE,7, (D)
2017,CALIFORNIA,6,SACRAMENTO VALLEY,COLUSA,11, (D)
2017,CALIFORNIA,6,SACRAMENTO VALLEY,GLENN,21,41816
2017,CALIFORNIA,6,SACRAMENTO VALLEY,SACRAMENTO,67, (D)
2017,CALIFORNIA,6,SACRAMENTO VALLEY,SOLANO,95,98247
2017,CALIFORNIA,6,SACRAMENTO VALLEY,TEHAMA,103, (D)
2017,CALIFORNIA,6,SACRAMENTO VALLEY,YOLO,113,264260
2017,CALIFORNIA,6,SAN JOAQUIN VALLEY,FRESNO,19,215934
2017,CALIFORNIA,6,SAN JOAQUIN VALLEY,KERN,29,131381
2017,CALIFORNIA,6,SAN JOAQUIN VALLEY,KINGS,31, (D)
2017,CALIFORNIA,6,SAN JOAQUIN VALLEY,MADERA,39,4925
2017,CALIFORNIA,6,SAN JOAQUIN VALLEY,MERCED,47,89484
2017,CALIFORNIA,6,SAN JOAQUIN VALLEY,SAN JOAQUIN,77,33546
2017,CALIFORNIA,6,SAN JOAQUIN VALLEY,STANISLAUS,99, (D)
2017,CALIFORNIA,6,SAN JOAQUIN VALLEY,TULARE,107,13492
2017,CALIFORNIA,6,SISKIYOU-SHASTA,SHASTA,89, (D)
2017,CALIFORNIA,6,SISKIYOU-SHASTA,SISKIYOU,93,335321
2017,CALIFORNIA,6,SOUTHERN CALIFORNIA,LOS ANGELES,37, (D)
2017,CALIFORNIA,6,SOUTHERN CALIFORNIA,ORANGE,59, (D)
2017,CALIFORNIA,6,SOUTHERN CALIFORNIA,RIVERSIDE,65, (D)
2017,CALIFORNIA,6,SOUTHERN CALIFORNIA,SANTA BARBARA,83, (D)
2017,COLORADO,8,EAST CENTRAL,ADAMS,1, (D)
2017,COLORADO,8,EAST CENTRAL,LINCOLN,73, (D)
2017,COLORADO,8,EAST CENTRAL,WASHINGTON,121, (D)
2017,COLORADO,8,EAST CENTRAL,YUMA,125,57762
2017,COLORADO,8,NORTHEAST,BOULDER,13,75693
2017,COLORADO,8,NORTHEAST,LARIMER,69,107098
2017,COLORADO,8,NORTHEAST,LOGAN,75,15888
2017,COLORADO,8,NORTHEAST,WELD,123,715977
2017,COLORADO,8,SAN LUIS VALLEY,ALAMOSA,3,1281067
2017,COLORADO,8,SAN LUIS VALLEY,CONEJOS,21,645537
2017,COLORADO,8,SAN LUIS VALLEY,COSTILLA,23,574290
2017,COLORADO,8,SAN LUIS VALLEY,RIO GRANDE,105,2457795
2017,COLORADO,8,SAN LUIS VALLEY,SAGUACHE,109,1964846
2017,COLORADO,8,SOUTHEAST,BACA,9, (D)
2017,COLORADO,8,SOUTHEAST,CROWLEY,25, (D)
2017,COLORADO,8,SOUTHWEST,ARCHULETA,7,7208
2017,COLORADO,8,SOUTHWEST,DELTA,29, (D)
2017,COLORADO,8,SOUTHWEST,DOLORES,33, (D)
2017,COLORADO,8,SOUTHWEST,GARFIELD,45, (D)
2017,COLORADO,8,SOUTHWEST,LA PLATA,67,7340
2017,COLORADO,8,SOUTHWEST,MONTEZUMA,83,13500
2017,COLORADO,8,SOUTHWEST,MONTROSE,85,9745
2017,CONNECTICUT,9,ALL COUNTIES,HARTFORD,3,738
2017,DELAWARE,10,CENTRAL,KENT,1,708200
2017,DELAWARE,10,NORTHERN,NEW CASTLE,3,183521
2017,DELAWARE,10,SOUTHERN,SUSSEX,5,633319
2017,GEORGIA,13,CENTRAL,LAURENS,175,12000
2017,GEORGIA,13,WEST CENTRAL,COWETA,77, (D)
2017,GEORGIA,13,WEST CENTRAL,UPSON,293, (D)
2017,IDAHO,16,EAST,BANNOCK,5,497661
2017,IDAHO,16,EAST,BEAR LAKE,7,595625
2017,IDAHO,16,EAST,BINGHAM,11,2336235
2017,IDAHO,16,EAST,BONNEVILLE,19,6693189
2017,IDAHO,16,EAST,BUTTE,23,1157508
2017,IDAHO,16,EAST,CARIBOU,29,3538789
2017,IDAHO,16,EAST,CLARK,33,335759
2017,IDAHO,16,EAST,CUSTER,37,340015
2017,IDAHO,16,EAST,FRANKLIN,41,415587
2017,IDAHO,16,EAST,FREMONT,43,5224941
2017,IDAHO,16,EAST,JEFFERSON,51,4042152
2017,IDAHO,16,EAST,LEMHI,59, (D)
2017,IDAHO,16,EAST,MADISON,65,3710296
2017,IDAHO,16,EAST,ONEIDA,71,57770
2017,IDAHO,16,EAST,POWER,77,231839
2017,IDAHO,16,EAST,TETON,81,2381571
2017,IDAHO,16,NORTH,BENEWAH,9,70061
2017,IDAHO,16,NORTH,BONNER,17,8502
2017,IDAHO,16,NORTH,BOUNDARY,21,125718
2017,IDAHO,16,NORTH,CLEARWATER,35, (D)
2017,IDAHO,16,NORTH,IDAHO,49,283709
2017,IDAHO,16,NORTH,KOOTENAI,55, (D)
2017,IDAHO,16,NORTH,LATAH,57,249526
2017,IDAHO,16,NORTH,LEWIS,61,177406
2017,IDAHO,16,NORTH,NEZ PERCE,69,361312
2017,IDAHO,16,SOUTH CENTRAL,BLAINE,13,885940
2017,IDAHO,16,SOUTH CENTRAL,CAMAS,25,391952
2017,IDAHO,16,SOUTH CENTRAL,CASSIA,31,4445401
2017,IDAHO,16,SOUTH CENTRAL,GOODING,47,127293
2017,IDAHO,16,SOUTH CENTRAL,JEROME,53,1803055
2017,IDAHO,16,SOUTH CENTRAL,LINCOLN,63,348117
2017,IDAHO,16,SOUTH CENTRAL,MINIDOKA,67,6250558
2017,IDAHO,16,SOUTH CENTRAL,TWIN FALLS,83,2983634
2017,IDAHO,16,SOUTHWEST,ADA,1,70686
2017,IDAHO,16,SOUTHWEST,CANYON,27,45612
2017,IDAHO,16,SOUTHWEST,GEM,45,65129
2017,IDAHO,16,SOUTHWEST,OWYHEE,73,83002
2017,IDAHO,16,SOUTHWEST,PAYETTE,75, (D)
2017,IDAHO,16,SOUTHWEST,WASHINGTON,87,64797
2017,ILLINOIS,17,CENTRAL,WOODFORD,203,6880
2017,ILLINOIS,17,EAST,FORD,53, (D)
2017,ILLINOIS,17,EAST SOUTHEAST,COLES,29, (D)
2017,ILLINOIS,17,EAST SOUTHEAST,DOUGLAS,41, (D)
2017,ILLINOIS,17,EAST SOUTHEAST,LAWRENCE,101, (D)
2017,ILLINOIS,17,NORTHEAST,BOONE,7, (D)
2017,ILLINOIS,17,NORTHEAST,KANE,89, (D)
2017,ILLINOIS,17,NORTHEAST,KENDALL,93, (D)
2017,ILLINOIS,17,NORTHWEST,BUREAU,11, (D)
2017,ILLINOIS,17,NORTHWEST,JO DAVIESS,85,4420
2017,ILLINOIS,17,NORTHWEST,ROCK ISLAND,161, (D)
2017,ILLINOIS,17,SOUTHEAST,JEFFERSON,81, (D)
2017,ILLINOIS,17,SOUTHWEST,CLINTON,27,2500
2017,ILLINOIS,17,SOUTHWEST,MONROE,133, (D)
2017,ILLINOIS,17,SOUTHWEST,RANDOLPH,157, (D)
2017,ILLINOIS,17,WEST,BROWN,9, (D)
2017,ILLINOIS,17,WEST SOUTHWEST,GREENE,61, (D)
2017,INDIANA,18,CENTRAL,BARTHOLOMEW,5, (D)
2017,INDIANA,18,CENTRAL,DECATUR,31,34340
2017,INDIANA,18,CENTRAL,RUSH,139,30000
2017,INDIANA,18,NORTH CENTRAL,ELKHART,39,1850
2017,INDIANA,18,NORTH CENTRAL,MARSHALL,99,1800
2017,INDIANA,18,NORTH CENTRAL,MIAMI,103, (D)
2017,INDIANA,18,NORTH CENTRAL,WABASH,169, (D)
2017,INDIANA,18,NORTHEAST,LAGRANGE,87,12059
2017,INDIANA,18,NORTHEAST,NOBLE,113, (D)
2017,INDIANA,18,NORTHWEST,PORTER,127, (D)
2017,INDIANA,18,SOUTH CENTRAL,HARRISON,61, (D)
2017,INDIANA,18,SOUTH CENTRAL,LAWRENCE,93,3240
2017,INDIANA,18,SOUTHWEST,DAVIESS,27, (D)
2017,INDIANA,18,WEST CENTRAL,VIGO,167, (D)
2017,IOWA,19,CENTRAL,BOONE,15, (D)
2017,IOWA,19,EAST CENTRAL,SCOTT,163, (D)
2017,IOWA,19,NORTHEAST,ALLAMAKEE,5, (D)
2017,IOWA,19,NORTHEAST,BREMER,17, (D)
2017,IOWA,19,NORTHEAST,BUCHANAN,19, (D)
2017,IOWA,19,NORTHEAST,DUBUQUE,61,3087
2017,IOWA,19,NORTHEAST,WINNESHIEK,191, (D)
2017,IOWA,19,NORTHWEST,CHEROKEE,35, (D)
2017,IOWA,19,NORTHWEST,LYON,119, (D)
2017,IOWA,19,NORTHWEST,O BRIEN,141, (D)
2017,IOWA,19,SOUTHEAST,DAVIS,51, (D)
2017,IOWA,19,SOUTHEAST,HENRY,87, (D)
2017,IOWA,19,SOUTHEAST,JEFFERSON,101, (D)
2017,IOWA,19,SOUTHEAST,WASHINGTON,183, (D)
2017,IOWA,19,WEST CENTRAL,AUDUBON,9, (D)
2017,IOWA,19,WEST CENTRAL,GREENE,73, (D)
2017,IOWA,19,WEST CENTRAL,IDA,93,9450
2017,IOWA,19,WEST CENTRAL,SHELBY,165, (D)
2017,KANSAS,20,CENTRAL,BARTON,9, (D)
2017,KANSAS,20,CENTRAL,MARION,115,6913
2017,KANSAS,20,CENTRAL,MCPHERSON,113, (D)
2017,KANSAS,20,EAST CENTRAL,WABAUNSEE,197, (D)
2017,KANSAS,20,NORTH CENTRAL,JEWELL,89, (D)
2017,KANSAS,20,NORTH CENTRAL,OSBORNE,141, (D)
2017,KANSAS,20,NORTH CENTRAL,PHILLIPS,147, (D)
2017,KANSAS,20,NORTHEAST,JEFFERSON,87,6300
2017,KANSAS,20,NORTHWEST,CHEYENNE,23, (D)
2017,KANSAS,20,NORTHWEST,RAWLINS,153, (D)
2017,KANSAS,20,SOUTH CENTRAL,HARVEY,79,16800
2017,KANSAS,20,SOUTH CENTRAL,RENO,155,8770
2017,KANSAS,20,SOUTH CENTRAL,SUMNER,191, (D)
2017,KANSAS,20,SOUTHEAST,COWLEY,35, (D)
2017,KANSAS,20,SOUTHEAST,GREENWOOD,73, (D)
2017,KANSAS,20,SOUTHEAST,LABETTE,99,12860
2017,KANSAS,20,SOUTHEAST,NEOSHO,133, (D)
2017,KANSAS,20,SOUTHEAST,WILSON,205, (D)
2017,KANSAS,20,SOUTHEAST,WOODSON,207, (D)
2017,KANSAS,20,SOUTHWEST,HAMILTON,75, (D)
2017,KANSAS,20,SOUTHWEST,STEVENS,189, (D)
2017,KANSAS,20,WEST CENTRAL,GOVE,63,10405
2017,KANSAS,20,WEST CENTRAL,LOGAN,109, (D)
2017,KANSAS,20,WEST CENTRAL,TREGO,195, (D)
2017,KENTUCKY,21,BLUEGRASS,BOYLE,21, (D)
2017,KENTUCKY,21,BLUEGRASS,FLEMING,69,24298
2017,KENTUCKY,21,BLUEGRASS,LINCOLN,137,3064
2017,KENTUCKY,21,BLUEGRASS,MERCER,167, (D)
2017,KENTUCKY,21,CENTRAL,ALLEN,3,83830
2017,KENTUCKY,21,CENTRAL,BRECKINRIDGE,27,3590
2017,KENTUCKY,21,CENTRAL,CLINTON,53, (D)
2017,KENTUCKY,21,CENTRAL,HARDIN,93, (D)
2017,KENTUCKY,21,CENTRAL,MEADE,163, (D)
2017,KENTUCKY,21,CENTRAL,NELSON,179,22250
2017,KENTUCKY,21,EASTERN OR MOUNTAIN,MAGOFFIN,153,72
2017,KENTUCKY,21,EASTERN OR MOUNTAIN,MORGAN,175, (D)
2017,KENTUCKY,21,EASTERN OR MOUNTAIN,WAYNE,231, (D)
2017,KENTUCKY,21,MIDWESTERN,CHRISTIAN,47,8668
2017,KENTUCKY,21,MIDWESTERN,HENDERSON,101, (D)
2017,KENTUCKY,21,MIDWESTERN,LOGAN,141,93378
2017,KENTUCKY,21,MIDWESTERN,MUHLENBERG,177, (D)
2017,KENTUCKY,21,MIDWESTERN,SIMPSON,213,27330
2017,KENTUCKY,21,MIDWESTERN,TODD,219,28994
2017,KENTUCKY,21,NORTHERN,OLDHAM,185, (D)
2017,KENTUCKY,21,PURCHASE,BALLARD,7, (D)
2017,KENTUCKY,21,PURCHASE,CARLISLE,39, (D)
2017,KENTUCKY,21,PURCHASE,TRIGG,221, (D)
2017,MAINE,23,CENTRAL,PENOBSCOT,19, (D)
2017,MAINE,23,CENTRAL,PISCATAQUIS,21,198
2017,MAINE,23,CENTRAL,WALDO,27,24
2017,MAINE,23,NORTH,AROOSTOOK,3,1147859
2017,MAINE,23,SOUTH,KENNEBEC,11, (D)
2017,MARYLAND,24,LOWER EASTERN SHORE,DORCHESTER,19,43525
2017,MARYLAND,24,LOWER EASTERN SHORE,SOMERSET,39,93591
2017,MARYLAND,24,LOWER EASTERN SHORE,WICOMICO,45,21455
2017,MARYLAND,24,LOWER EASTERN SHORE,WORCESTER,47,31251
2017,MARYLAND,24,NORTH CENTRAL,BALTIMORE,5,79743
2017,MARYLAND,24,NORTH CENTRAL,CARROLL,13,180156
2017,MARYLAND,24,NORTH CENTRAL,FREDERICK,21,176764
2017,MARYLAND,24,NORTH CENTRAL,HARFORD,25,170992
2017,MARYLAND,24,NORTH CENTRAL,HOWARD,27,9450
2017,MARYLAND,24,NORTH CENTRAL,WASHINGTON,43,164070
2017,MARYLAND,24,SOUTHERN,ANNE ARUNDEL,3, (D)
2017,MARYLAND,24,SOUTHERN,CALVERT,9,2201
2017,MARYLAND,24,SOUTHERN,CHARLES,17,36533
2017,MARYLAND,24,SOUTHERN,PRINCE GEORGES,33, (D)
2017,MARYLAND,24,SOUTHERN,ST MARYS,37,29894
2017,MARYLAND,24,UPPER EASTERN SHORE,CAROLINE,11,357330
2017,MARYLAND,24,UPPER EASTERN SHORE,CECIL,15,157207
2017,MARYLAND,24,UPPER EASTERN SHORE,KENT,29,120417
2017,MARYLAND,24,UPPER EASTERN SHORE,QUEEN ANNES,35,207945
2017,MARYLAND,24,UPPER EASTERN SHORE,TALBOT,41,202628
2017,MARYLAND,24,WESTERN,ALLEGANY,1,22500
2017,MARYLAND,24,WESTERN,GARRETT,23,7502
2017,MASSACHUSETTS,25,ALL COUNTIES,HAMPSHIRE,15,1090
2017,MASSACHUSETTS,25,ALL COUNTIES,MIDDLESEX,17, (D)
2017,MASSACHUSETTS,25,ALL COUNTIES,WORCESTER,27, (D)
2017,MICHIGAN,26,CENTRAL,CLARE,35, (D)
2017,MICHIGAN,26,CENTRAL,GLADWIN,51, (D)
2017,MICHIGAN,26,CENTRAL,ISABELLA,73,14003
2017,MICHIGAN,26,CENTRAL,MECOSTA,107, (D)
2017,MICHIGAN,26,CENTRAL,OSCEOLA,133, (D)
2017,MICHIGAN,26,EAST CENTRAL,ARENAC,11, (D)
2017,MICHIGAN,26,EAST CENTRAL,BAY,17, (D)
2017,MICHIGAN,26,EAST CENTRAL,HURON,63,9688
2017,MICHIGAN,26,EAST CENTRAL,SANILAC,151, (D)
2017,MICHIGAN,26,EAST CENTRAL,TUSCOLA,157,950
2017,MICHIGAN,26,NORTHEAST,ALCONA,1, (D)
2017,MICHIGAN,26,NORTHEAST,ALPENA,7,8080
2017,MICHIGAN,26,NORTHEAST,CHEBOYGAN,31,7930
2017,MICHIGAN,26,NORTHEAST,IOSCO,69, (D)
2017,MICHIGAN,26,NORTHEAST,OGEMAW,129, (D)
2017,MICHIGAN,26,NORTHEAST,OSCODA,135,4500
2017,MICHIGAN,26,NORTHEAST,PRESQUE ISLE,141,2770
2017,MICHIGAN,26,NORTHWEST,CHARLEVOIX,29,5334
2017,MICHIGAN,26,NORTHWEST,EMMET,47,3520
2017,MICHIGAN,26,NORTHWEST,GRAND TRAVERSE,55,47430
2017,MICHIGAN,26,NORTHWEST,KALKASKA,79, (D)
2017,MICHIGAN,26,SOUTH CENTRAL,BARRY,15, (D)
2017,MICHIGAN,26,SOUTH CENTRAL,CALHOUN,25, (D)
2017,MICHIGAN,26,SOUTH CENTRAL,CLINTON,37,1440
2017,MICHIGAN,26,SOUTH CENTRAL,EATON,45,900
2017,MICHIGAN,26,SOUTH CENTRAL,HILLSDALE,59, (D)
2017,MICHIGAN,26,SOUTH CENTRAL,IONIA,67, (D)
2017,MICHIGAN,26,SOUTH CENTRAL,JACKSON,75,1799
2017,MICHIGAN,26,SOUTH CENTRAL,SHIAWASSEE,155, (D)
2017,MICHIGAN,26,SOUTH CENTRAL,ST JOSEPH,149,1686
2017,MICHIGAN,26,SOUTHEAST,GENESEE,49,680
2017,MICHIGAN,26,SOUTHEAST,LAPEER,87, (D)
2017,MICHIGAN,26,SOUTHEAST,LENAWEE,91, (D)
2017,MICHIGAN,26,SOUTHEAST,MONROE,115, (D)
2017,MICHIGAN,26,SOUTHEAST,ST CLAIR,147, (D)
2017,MICHIGAN,26,SOUTHEAST,WASHTENAW,161, (D)
2017,MICHIGAN,26,SOUTHWEST,ALLEGAN,5, (D)
2017,MICHIGAN,26,SOUTHWEST,CASS,27,11681
2017,MICHIGAN,26,SOUTHWEST,KALAMAZOO,77, (D)
2017,MICHIGAN,26,SOUTHWEST,KENT,81,2240
2017,MICHIGAN,26,SOUTHWEST,OTTAWA,139, (D)
2017,MICHIGAN,26,UPPER PENINSULA,ALGER,3, (D)
2017,MICHIGAN,26,UPPER PENINSULA,CHIPPEWA,33, (D)
2017,MICHIGAN,26,UPPER PENINSULA,DELTA,41,39903
2017,MICHIGAN,26,UPPER PENINSULA,HOUGHTON,61, (D)
2017,MICHIGAN,26,UPPER PENINSULA,IRON,71,5174
2017,MICHIGAN,26,UPPER PENINSULA,MACKINAC,97, (D)
2017,MICHIGAN,26,UPPER PENINSULA,MARQUETTE,103, (D)
2017,MICHIGAN,26,UPPER PENINSULA,MENOMINEE,109,35513
2017,MICHIGAN,26,UPPER PENINSULA,ONTONAGON,131, (D)
2017,MICHIGAN,26,UPPER PENINSULA,SCHOOLCRAFT,153, (D)
2017,MICHIGAN,26,WEST CENTRAL,NEWAYGO,123, (D)
2017,MICHIGAN,26,WEST CENTRAL,OCEANA,127, (D)
2017,MINNESOTA,27,CENTRAL,BENTON,9,12561
2017,MINNESOTA,27,CENTRAL,KANDIYOHI,67,6455
2017,MINNESOTA,27,CENTRAL,MCLEOD,85,2840
2017,MINNESOTA,27,CENTRAL,MEEKER,93,21603
2017,MINNESOTA,27,CENTRAL,MORRISON,97,12004
2017,MINNESOTA,27,CENTRAL,RENVILLE,129,14282
2017,MINNESOTA,27,CENTRAL,SCOTT,139, (D)
2017,MINNESOTA,27,CENTRAL,SIBLEY,143,37713
2017,MINNESOTA,27,CENTRAL,STEARNS,145,102326
2017,MINNESOTA,27,CENTRAL,TODD,153,63419
2017,MINNESOTA,27,CENTRAL,WADENA,159, (D)
2017,MINNESOTA,27,CENTRAL,WRIGHT,171, (D)
2017,MINNESOTA,27,EAST CENTRAL,CARLTON,17,2256
2017,MINNESOTA,27,EAST CENTRAL,CHISAGO,25, (D)
2017,MINNESOTA,27,EAST CENTRAL,HENNEPIN,53,116
2017,MINNESOTA,27,EAST CENTRAL,KANABEC,65,1800
2017,MINNESOTA,27,EAST CENTRAL,MILLE LACS,95, (D)
2017,MINNESOTA,27,EAST CENTRAL,PINE,115,6058
2017,MINNESOTA,27,EAST CENTRAL,RAMSEY,123, (D)
2017,MINNESOTA,27,EAST CENTRAL,WASHINGTON,163,2950
2017,MINNESOTA,27,NORTH CENTRAL,BELTRAMI,7,15448
2017,MINNESOTA,27,NORTH CENTRAL,CASS,21, (D)
2017,MINNESOTA,27,NORTH CENTRAL,ITASCA,61,332
2017,MINNESOTA,27,NORTH CENTRAL,KOOCHICHING,71, (D)
2017,MINNESOTA,27,NORTH CENTRAL,LAKE OF THE WOODS,77,122640
2017,MINNESOTA,27,NORTHEAST,ST. LOUIS,137,6490
2017,MINNESOTA,27,NORTHWEST,BECKER,5,5568
2017,MINNESOTA,27,NORTHWEST,CLAY,27,103358
2017,MINNESOTA,27,NORTHWEST,CLEARWATER,29,6720
2017,MINNESOTA,27,NORTHWEST,KITTSON,69,284900
2017,MINNESOTA,27,NORTHWEST,MAHNOMEN,87, (D)
2017,MINNESOTA,27,NORTHWEST,MARSHALL,89,1436587
2017,MINNESOTA,27,NORTHWEST,NORMAN,107,419928
2017,MINNESOTA,27,NORTHWEST,PENNINGTON,113,595022
2017,MINNESOTA,27,NORTHWEST,POLK,119,464200
2017,MINNESOTA,27,NORTHWEST,RED LAKE,125,362568
2017,MINNESOTA,27,NORTHWEST,ROSEAU,135,619549
2017,MINNESOTA,27,SOUTH CENTRAL,BLUE EARTH,13, (D)
2017,MINNESOTA,27,SOUTH CENTRAL,BROWN,15,5888
2017,MINNESOTA,27,SOUTH CENTRAL,FARIBAULT,43,9073
2017,MINNESOTA,27,SOUTH CENTRAL,FREEBORN,47,2886
2017,MINNESOTA,27,SOUTH CENTRAL,LE SUEUR,79, (D)
2017,MINNESOTA,27,SOUTH CENTRAL,MARTIN,91, (D)
2017,MINNESOTA,27,SOUTH CENTRAL,NICOLLET,103, (D)
2017,MINNESOTA,27,SOUTH CENTRAL,RICE,131,6050
2017,MINNESOTA,27,SOUTH CENTRAL,STEELE,147, (D)
2017,MINNESOTA,27,SOUTH CENTRAL,WATONWAN,165, (D)
2017,MINNESOTA,27,SOUTHEAST,DAKOTA,37,12150
2017,MINNESOTA,27,SOUTHEAST,DODGE,39,9437
2017,MINNESOTA,27,SOUTHEAST,FILLMORE,45,19175
2017,MINNESOTA,27,SOUTHEAST,GOODHUE,49,25384
2017,MINNESOTA,27,SOUTHEAST,HOUSTON,55,1360
2017,MINNESOTA,27,SOUTHEAST,MOWER,99,17414
2017,MINNESOTA,27,SOUTHEAST,OLMSTED,109,5039
2017,MINNESOTA,27,SOUTHEAST,WABASHA,157,27950
2017,MINNESOTA,27,SOUTHEAST,WINONA,169,19725
2017,MINNESOTA,27,SOUTHWEST,COTTONWOOD,33,2490
2017,MINNESOTA,27,SOUTHWEST,JACKSON,63, (D)
2017,MINNESOTA,27,SOUTHWEST,LINCOLN,81, (D)
2017,MINNESOTA,27,SOUTHWEST,LYON,83, (D)
2017,MINNESOTA,27,SOUTHWEST,MURRAY,101, (D)
2017,MINNESOTA,27,SOUTHWEST,PIPESTONE,117, (D)
2017,MINNESOTA,27,WEST CENTRAL,CHIPPEWA,23, (D)
2017,MINNESOTA,27,WEST CENTRAL,DOUGLAS,41, (D)
2017,MINNESOTA,27,WEST CENTRAL,GRANT,51, (D)
2017,MINNESOTA,27,WEST CENTRAL,LAC QUI PARLE,73,3660
2017,MINNESOTA,27,WEST CENTRAL,OTTER TAIL,111,84118
2017,MINNESOTA,27,WEST CENTRAL,STEVENS,149, (D)
2017,MINNESOTA,27,WEST CENTRAL,SWIFT,151, (D)
2017,MINNESOTA,27,WEST CENTRAL,WILKIN,167,202458
2017,MINNESOTA,27,WEST CENTRAL,YELLOW MEDICINE,173, (D)
2017,MISSOURI,29,CENTRAL,COLE,51, (D)
2017,MISSOURI,29,CENTRAL,LACLEDE,105, (D)
2017,MISSOURI,29,CENTRAL,MARIES,125,9042
2017,MISSOURI,29,CENTRAL,MONITEAU,135,10100
2017,MISSOURI,29,CENTRAL,MORGAN,141,23486
2017,MISSOURI,29,CENTRAL,OSAGE,151,4828
2017,MISSOURI,29,CENTRAL,PETTIS,159, (D)
2017,MISSOURI,29,EAST,GASCONADE,73, (D)
2017,MISSOURI,29,EAST,JEFFERSON,99,3900
2017,MISSOURI,29,EAST,PERRY,157, (D)
2017,MISSOURI,29,EAST,ST LOUIS,189, (D)
2017,MISSOURI,29,NORTH CENTRAL,ADAIR,1, (D)
2017,MISSOURI,29,NORTH CENTRAL,LINN,115,180
2017,MISSOURI,29,NORTH CENTRAL,LIVINGSTON,117, (D)
2017,MISSOURI,29,NORTHEAST,KNOX,103,11300
2017,MISSOURI,29,NORTHEAST,PIKE,163, (D)
2017,MISSOURI,29,NORTHEAST,SCOTLAND,199,15400
2017,MISSOURI,29,NORTHWEST,GENTRY,75,250
2017,MISSOURI,29,NORTHWEST,NODAWAY,147,8400
2017,MISSOURI,29,SOUTHEAST,CAPE GIRARDEAU,31,7087
2017,MISSOURI,29,SOUTHWEST,BARRY,9, (D)
2017,MISSOURI,29,SOUTHWEST,LAWRENCE,109,61455
2017,MISSOURI,29,SOUTHWEST,NEWTON,145,13980
2017,MISSOURI,29,WEST,CASS,37, (D)
2017,MONTANA,30,CENTRAL,BROADWATER,7,257895
2017,MONTANA,30,CENTRAL,CASCADE,13,1527687
2017,MONTANA,30,CENTRAL,FERGUS,27,806411
2017,MONTANA,30,CENTRAL,GOLDEN VALLEY,37, (D)
2017,MONTANA,30,CENTRAL,JUDITH BASIN,45,346385
2017,MONTANA,30,CENTRAL,LEWIS AND CLARK,49,607136
2017,MONTANA,30,CENTRAL,MEAGHER,59,328120
2017,MONTANA,30,CENTRAL,MUSSELSHELL,65,137360
2017,MONTANA,30,CENTRAL,PETROLEUM,69,117073
2017,MONTANA,30,CENTRAL,WHEATLAND,107,311180
2017,MONTANA,30,NORTH CENTRAL,BLAINE,5,301417
2017,MONTANA,30,NORTH CENTRAL,CHOUTEAU,15,2255818
2017,MONTANA,30,NORTH CENTRAL,GLACIER,35,2609112
2017,MONTANA,30,NORTH CENTRAL,HILL,41,465940
2017,MONTANA,30,NORTH CENTRAL,LIBERTY,51,607559
2017,MONTANA,30,NORTH CENTRAL,PHILLIPS,71,205989
2017,MONTANA,30,NORTH CENTRAL,PONDERA,73,2745796
2017,MONTANA,30,NORTH CENTRAL,TETON,99,4632812
2017,MONTANA,30,NORTH CENTRAL,TOOLE,101,3179456
2017,MONTANA,30,NORTHEAST,DANIELS,19,5021
2017,MONTANA,30,NORTHEAST,DAWSON,21,120328
2017,MONTANA,30,NORTHEAST,GARFIELD,33,232701
2017,MONTANA,30,NORTHEAST,MCCONE,55,156222
2017,MONTANA,30,NORTHEAST,RICHLAND,83,258710
2017,MONTANA,30,NORTHEAST,ROOSEVELT,85,100324
2017,MONTANA,30,NORTHEAST,SHERIDAN,91,71774
2017,MONTANA,30,NORTHEAST,VALLEY,105,177056
2017,MONTANA,30,NORTHWEST,FLATHEAD,29,171379
2017,MONTANA,30,NORTHWEST,GRANITE,39, (D)
2017,MONTANA,30,NORTHWEST,LAKE,47,41539
2017,MONTANA,30,NORTHWEST,LINCOLN,53, (D)
2017,MONTANA,30,NORTHWEST,MINERAL,61, (D)
2017,MONTANA,30,NORTHWEST,MISSOULA,63, (D)
2017,MONTANA,30,NORTHWEST,POWELL,77,49200
2017,MONTANA,30,NORTHWEST,RAVALLI,81,22605
2017,MONTANA,30,NORTHWEST,SANDERS,89, (D)
2017,MONTANA,30,SOUTH CENTRAL,BIG HORN,3,873789
2017,MONTANA,30,SOUTH CENTRAL,CARBON,9,1282271
2017,MONTANA,30,SOUTH CENTRAL,PARK,67,292243
2017,MONTANA,30,SOUTH CENTRAL,STILLWATER,95,156439
2017,MONTANA,30,SOUTH CENTRAL,SWEET GRASS,97, (D)
2017,MONTANA,30,SOUTH CENTRAL,TREASURE,103,841863
2017,MONTANA,30,SOUTH CENTRAL,YELLOWSTONE,111,1552259
2017,MONTANA,30,SOUTHEAST,CARTER,11,20607
2017,MONTANA,30,SOUTHEAST,CUSTER,17,26795
2017,MONTANA,30,SOUTHEAST,FALLON,25,26316
2017,MONTANA,30,SOUTHEAST,POWDER RIVER,75,53190
2017,MONTANA,30,SOUTHEAST,PRAIRIE,79,33866
2017,MONTANA,30,SOUTHEAST,ROSEBUD,87,441451
2017,MONTANA,30,SOUTHEAST,WIBAUX,109,56276
2017,MONTANA,30,SOUTHWEST,BEAVERHEAD,1,920100
2017,MONTANA,30,SOUTHWEST,GALLATIN,31,2189161
2017,MONTANA,30,SOUTHWEST,MADISON,57,406610
2017,NEBRASKA,31,EAST,HAMILTON,81, (D)
2017,NEBRASKA,31,EAST,LANCASTER,109, (D)
2017,NEBRASKA,31,NORTHWEST,BANNER,7,24750
2017,NEBRASKA,31,NORTHWEST,CHEYENNE,33,13800
2017,NEBRASKA,31,NORTHWEST,GARDEN,69, (D)
2017,NEBRASKA,31,NORTHWEST,KIMBALL,105,29425
2017,NEBRASKA,31,NORTHWEST,SHERIDAN,161, (D)
2017,NEBRASKA,31,NORTHWEST,SIOUX,165, (D)
2017,NEBRASKA,31,SOUTH,FRANKLIN,61, (D)
2017,NEBRASKA,31,SOUTH,HARLAN,83, (D)
2017,NEBRASKA,31,SOUTHEAST,NEMAHA,127,1314
2017,NEBRASKA,31,SOUTHWEST,CHASE,29, (D)
2017,NEBRASKA,31,SOUTHWEST,PERKINS,135, (D)
2017,NEVADA,32,NORTHEAST,ELKO,7, (D)
2017,NEVADA,32,NORTHEAST,EUREKA,11,52646
2017,NEVADA,32,NORTHWEST,CHURCHILL,1, (D)
2017,NEVADA,32,NORTHWEST,HUMBOLDT,13, (D)
2017,NEVADA,32,NORTHWEST,PERSHING,27,32220
2017,NEW JERSEY,34,CENTRAL,BURLINGTON,5, (D)
2017,NEW JERSEY,34,CENTRAL,MIDDLESEX,23, (D)
2017,NEW JERSEY,34,CENTRAL,MONMOUTH,25, (D)
2017,NEW JERSEY,34,NORTH,HUNTERDON,19, (D)
2017,NEW JERSEY,34,NORTH,SUSSEX,37, (D)
2017,NEW JERSEY,34,NORTH,WARREN,41, (D)
2017,NEW JERSEY,34,SOUTH,CUMBERLAND,11,7586
2017,NEW JERSEY,34,SOUTH,GLOUCESTER,15,22690
2017,NEW JERSEY,34,SOUTH,SALEM,33,26261
2017,NEW MEXICO,35,NORTHEAST,CURRY,9, (D)
2017,NEW MEXICO,35,NORTHEAST,MORA,33, (D)
2017,NEW MEXICO,35,NORTHWEST,TAOS,55, (D)
2017,NEW MEXICO,35,SOUTHEAST,CHAVES,5,90681
2017,NEW MEXICO,35,SOUTHWEST,LUNA,29, (D)
2017,NEW YORK,36,CENTRAL,CAYUGA,11,31482
2017,NEW YORK,36,CENTRAL,CHENANGO,17,2010
2017,NEW YORK,36,CENTRAL,CORTLAND,23,6012
2017,NEW YORK,36,CENTRAL,HERKIMER,43,5875
2017,NEW YORK,36,CENTRAL,MADISON,53,57235
2017,NEW YORK,36,CENTRAL,ONEIDA,65, (D)
2017,NEW YORK,36,CENTRAL,ONONDAGA,67,33436
2017,NEW YORK,36,CENTRAL,OSWEGO,75, (D)
2017,NEW YORK,36,CENTRAL,OTSEGO,77, (D)
2017,NEW YORK,36,EASTERN,ALBANY,1, (D)
2017,NEW YORK,36,EASTERN,MONTGOMERY,57,1140
2017,NEW YORK,36,EASTERN,RENSSELAER,83, (D)
2017,NEW YORK,36,EASTERN,SARATOGA,91, (D)
2017,NEW YORK,36,EASTERN,SCHOHARIE,95,4292
2017,NEW YORK,36,EASTERN,WASHINGTON,115,4385
2017,NEW YORK,36,LONG ISLAND,SUFFOLK,103,1040
2017,NEW YORK,36,NORTHEAST,ESSEX,31,105
2017,NEW YORK,36,NORTHEAST,FRANKLIN,33,17296
2017,NEW YORK,36,NORTHERN,JEFFERSON,45,3719
2017,NEW YORK,36,NORTHERN,LEWIS,49,5439
2017,NEW YORK,36,NORTHERN,ST LAWRENCE,89,13297
2017,NEW YORK,36,SOUTHEAST,COLUMBIA,21, (D)
2017,NEW YORK,36,SOUTHEAST,DELAWARE,25,370
2017,NEW YORK,36,SOUTHEAST,DUTCHESS,27, (D)
2017,NEW YORK,36,SOUTHEAST,ORANGE,71,12205
2017,NEW YORK,36,SOUTHEAST,ULSTER,111, (D)
2017,NEW YORK,36,SOUTHEAST,WESTCHESTER,119,105
2017,NEW YORK,36,SOUTHERN,SCHUYLER,97, (D)
2017,NEW YORK,36,SOUTHERN,TIOGA,107, (D)
2017,NEW YORK,36,SOUTHERN,TOMPKINS,109, (D)
2017,NEW YORK,36,SOUTHWEST,ALLEGANY,3, (D)
2017,NEW YORK,36,SOUTHWEST,CHAUTAUQUA,13, (D)
2017,NEW YORK,36,SOUTHWEST,STEUBEN,101,76378
2017,NEW YORK,36,WESTERN,ERIE,29, (D)
2017,NEW YORK,36,WESTERN,GENESEE,37,6224
2017,NEW YORK,36,WESTERN,MONROE,55, (D)
2017,NEW YORK,36,WESTERN,NIAGARA,63, (D)
2017,NEW YORK,36,WESTERN,ONTARIO,69,10627
2017,NEW YORK,36,WESTERN,ORLEANS,73,18371
2017,NEW YORK,36,WESTERN,SENECA,99,59610
2017,NEW YORK,36,WESTERN,WAYNE,117, (D)
2017,NEW YORK,36,WESTERN,WYOMING,121,5624
2017,NEW YORK,36,WESTERN,YATES,123,45087
2017,NORTH CAROLINA,37,CENTRAL COASTAL,BEAUFORT,13, (D)
2017,NORTH CAROLINA,37,CENTRAL COASTAL,GREENE,79, (D)
2017,NORTH CAROLINA,37,CENTRAL COASTAL,JOHNSTON,101,27817
2017,NORTH CAROLINA,37,CENTRAL PIEDMONT,ALEXANDER,3, (D)
2017,NORTH CAROLINA,37,CENTRAL PIEDMONT,CATAWBA,35,17346
2017,NORTH CAROLINA,37,CENTRAL PIEDMONT,CHATHAM,37,19648
2017,NORTH CAROLINA,37,CENTRAL PIEDMONT,DAVIDSON,57,24410
2017,NORTH CAROLINA,37,CENTRAL PIEDMONT,DAVIE,59,13249
2017,NORTH CAROLINA,37,CENTRAL PIEDMONT,IREDELL,97,32497
2017,NORTH CAROLINA,37,CENTRAL PIEDMONT,RANDOLPH,151,18243
2017,NORTH CAROLINA,37,CENTRAL PIEDMONT,ROWAN,159,184807
2017,NORTH CAROLINA,37,CENTRAL PIEDMONT,WAKE,183, (D)
2017,NORTH CAROLINA,37,NORTHERN COASTAL,NASH,127, (D)
2017,NORTH CAROLINA,37,NORTHERN MOUNTAIN,SURRY,171, (D)
2017,NORTH CAROLINA,37,NORTHERN MOUNTAIN,WILKES,193,13900
2017,NORTH CAROLINA,37,NORTHERN MOUNTAIN,YADKIN,197,56594
2017,NORTH CAROLINA,37,NORTHERN PIEDMONT,ALAMANCE,1, (D)
2017,NORTH CAROLINA,37,NORTHERN PIEDMONT,CASWELL,33, (D)
2017,NORTH CAROLINA,37,NORTHERN PIEDMONT,FORSYTH,67, (D)
2017,NORTH CAROLINA,37,NORTHERN PIEDMONT,GUILFORD,81,29027
2017,NORTH CAROLINA,37,NORTHERN PIEDMONT,ORANGE,135, (D)
2017,NORTH CAROLINA,37,NORTHERN PIEDMONT,PERSON,145, (D)
2017,NORTH CAROLINA,37,NORTHERN PIEDMONT,ROCKINGHAM,157, (D)
2017,NORTH CAROLINA,37,NORTHERN PIEDMONT,WARREN,185,4600
2017,NORTH CAROLINA,37,SOUTHERN COASTAL,HARNETT,85, (D)
2017,NORTH CAROLINA,37,SOUTHERN COASTAL,SAMPSON,163, (D)
2017,NORTH CAROLINA,37,SOUTHERN PIEDMONT,ANSON,7, (D)
2017,NORTH CAROLINA,37,SOUTHERN PIEDMONT,CABARRUS,25,27286
2017,NORTH CAROLINA,37,SOUTHERN PIEDMONT,CLEVELAND,45,11920
2017,NORTH CAROLINA,37,SOUTHERN PIEDMONT,GASTON,71, (D)
2017,NORTH CAROLINA,37,SOUTHERN PIEDMONT,LINCOLN,109,1800
2017,NORTH CAROLINA,37,SOUTHERN PIEDMONT,MOORE,125, (D)
2017,NORTH CAROLINA,37,SOUTHERN PIEDMONT,STANLY,167,15340
2017,NORTH CAROLINA,37,WESTERN MOUNTAIN,BUNCOMBE,21,3471
2017,NORTH CAROLINA,37,WESTERN MOUNTAIN,POLK,149, (D)
2017,NORTH DAKOTA,38,CENTRAL,EDDY,27,295246
2017,NORTH DAKOTA,38,CENTRAL,FOSTER,31,885993
2017,NORTH DAKOTA,38,CENTRAL,KIDDER,43,349971
2017,NORTH DAKOTA,38,CENTRAL,SHERIDAN,83,898307
2017,NORTH DAKOTA,38,CENTRAL,STUTSMAN,93,562419
2017,NORTH DAKOTA,38,CENTRAL,WELLS,103,863730
2017,NORTH DAKOTA,38,EAST CENTRAL,BARNES,3,937279
2017,NORTH DAKOTA,38,EAST CENTRAL,CASS,17,1072404
2017,NORTH DAKOTA,38,EAST CENTRAL,GRIGGS,39,477290
2017,NORTH DAKOTA,38,EAST CENTRAL,STEELE,91,846095
2017,NORTH DAKOTA,38,EAST CENTRAL,TRAILL,97,1090078
2017,NORTH DAKOTA,38,NORTH CENTRAL,BENSON,5,1939168
2017,NORTH DAKOTA,38,NORTH CENTRAL,BOTTINEAU,9,1300384
2017,NORTH DAKOTA,38,NORTH CENTRAL,MCHENRY,49,569425
2017,NORTH DAKOTA,38,NORTH CENTRAL,PIERCE,69,1284608
2017,NORTH DAKOTA,38,NORTH CENTRAL,ROLETTE,79,587751
2017,NORTH DAKOTA,38,NORTHEAST,CAVALIER,19,1197237
2017,NORTH DAKOTA,38,NORTHEAST,GRAND FORKS,35,361621
2017,NORTH DAKOTA,38,NORTHEAST,NELSON,63,834512
2017,NORTH DAKOTA,38,NORTHEAST,PEMBINA,67,448111
2017,NORTH DAKOTA,38,NORTHEAST,RAMSEY,71,2592668
2017,NORTH DAKOTA,38,NORTHEAST,TOWNER,95,448084
2017,NORTH DAKOTA,38,NORTHEAST,WALSH,99,896356
2017,NORTH DAKOTA,38,NORTHWEST,BURKE,13,652822
2017,NORTH DAKOTA,38,NORTHWEST,DIVIDE,23,42480
2017,NORTH DAKOTA,38,NORTHWEST,MOUNTRAIL,61,435431
2017,NORTH DAKOTA,38,NORTHWEST,RENVILLE,75,1737134
2017,NORTH DAKOTA,38,NORTHWEST,WARD,101,779066
2017,NORTH DAKOTA,38,NORTHWEST,WILLIAMS,105,560982
2017,NORTH DAKOTA,38,SOUTH CENTRAL,BURLEIGH,15,769496
2017,NORTH DAKOTA,38,SOUTH CENTRAL,EMMONS,29,295622
2017,NORTH DAKOTA,38,SOUTH CENTRAL,GRANT,37, (D)
2017,NORTH DAKOTA,38,SOUTH CENTRAL,MORTON,59,404978
2017,NORTH DAKOTA,38,SOUTH CENTRAL,SIOUX,85,23200
2017,NORTH DAKOTA,38,SOUTHEAST,DICKEY,21,161960
2017,NORTH DAKOTA,38,SOUTHEAST,LA MOURE,45,139815
2017,NORTH DAKOTA,38,SOUTHEAST,LOGAN,47,136564
2017,NORTH DAKOTA,38,SOUTHEAST,MCINTOSH,51,21600
2017,NORTH DAKOTA,38,SOUTHEAST,RANSOM,73, (D)
2017,NORTH DAKOTA,38,SOUTHEAST,RICHLAND,77,59593
2017,NORTH DAKOTA,38,SOUTHEAST,SARGENT,81,268220
2017,NORTH DAKOTA,38,SOUTHWEST,ADAMS,1,89356
2017,NORTH DAKOTA,38,SOUTHWEST,BILLINGS,7,92480
2017,NORTH DAKOTA,38,SOUTHWEST,BOWMAN,11,204829
2017,NORTH DAKOTA,38,SOUTHWEST,GOLDEN VALLEY,33,25407
2017,NORTH DAKOTA,38,SOUTHWEST,HETTINGER,41,39340
2017,NORTH DAKOTA,38,SOUTHWEST,SLOPE,87,95229
2017,NORTH DAKOTA,38,SOUTHWEST,STARK,89,72834
2017,NORTH DAKOTA,38,WEST CENTRAL,DUNN,25,291153
2017,NORTH DAKOTA,38,WEST CENTRAL,MCKENZIE,53,263798
2017,NORTH DAKOTA,38,WEST CENTRAL,MCLEAN,55,439190
2017,NORTH DAKOTA,38,WEST CENTRAL,MERCER,57,298248
2017,NORTH DAKOTA,38,WEST CENTRAL,OLIVER,65,91800
2017,OHIO,39,CENTRAL,DELAWARE,41, (D)
2017,OHIO,39,CENTRAL,FAIRFIELD,45,3880
2017,OHIO,39,CENTRAL,FAYETTE,47, (D)
2017,OHIO,39,CENTRAL,KNOX,83,3280
2017,OHIO,39,CENTRAL,LICKING,89,6070
2017,OHIO,39,CENTRAL,MORROW,117, (D)
2017,OHIO,39,CENTRAL,PICKAWAY,129,4820
2017,OHIO,39,CENTRAL,ROSS,141,4433
2017,OHIO,39,CENTRAL,UNION,159, (D)
2017,OHIO,39,EAST CENTRAL,COSHOCTON,31, (D)
2017,OHIO,39,EAST CENTRAL,HOLMES,75,9382
2017,OHIO,39,EAST CENTRAL,JEFFERSON,81,1863
2017,OHIO,39,NORTH CENTRAL,ASHLAND,5,2028
2017,OHIO,39,NORTH CENTRAL,CRAWFORD,33, (D)
2017,OHIO,39,NORTH CENTRAL,ERIE,43, (D)
2017,OHIO,39,NORTH CENTRAL,HURON,77, (D)
2017,OHIO,39,NORTH CENTRAL,RICHLAND,139,22900
2017,OHIO,39,NORTH CENTRAL,SANDUSKY,143, (D)
2017,OHIO,39,NORTH CENTRAL,WYANDOT,175,3003
2017,OHIO,39,NORTHEAST,ASHTABULA,7, (D)
2017,OHIO,39,NORTHEAST,COLUMBIANA,29,7340
2017,OHIO,39,NORTHEAST,GEAUGA,55,200
2017,OHIO,39,NORTHEAST,MAHONING,99,6860
2017,OHIO,39,NORTHEAST,MEDINA,103, (D)
2017,OHIO,39,NORTHEAST,STARK,151,1920
2017,OHIO,39,NORTHEAST,TRUMBULL,155, (D)
2017,OHIO,39,NORTHEAST,WAYNE,169,48155
2017,OHIO,39,NORTHWEST,FULTON,51,250
2017,OHIO,39,NORTHWEST,LUCAS,95, (D)
2017,OHIO,39,NORTHWEST,PUTNAM,137,18620
2017,OHIO,39,NORTHWEST,WOOD,173, (D)
2017,OHIO,39,SOUTH CENTRAL,HIGHLAND,71, (D)
2017,OHIO,39,SOUTH CENTRAL,JACKSON,79, (D)
2017,OHIO,39,SOUTHEAST,GUERNSEY,59, (D)
2017,OHIO,39,SOUTHEAST,MEIGS,105, (D)
2017,OHIO,39,SOUTHEAST,MONROE,111,3050
2017,OHIO,39,SOUTHEAST,MORGAN,115,2800
2017,OHIO,39,SOUTHEAST,MUSKINGUM,119, (D)
2017,OHIO,39,SOUTHEAST,WASHINGTON,167,2903
2017,OHIO,39,SOUTHWEST,BUTLER,17, (D)
2017,OHIO,39,SOUTHWEST,GREENE,57,3801
2017,OHIO,39,SOUTHWEST,PREBLE,135,6198
2017,OHIO,39,WEST CENTRAL,AUGLAIZE,11,7580
2017,OHIO,39,WEST CENTRAL,CLARK,23, (D)
2017,OHIO,39,WEST CENTRAL,DARKE,37, (D)
2017,OHIO,39,WEST CENTRAL,HARDIN,65, (D)
2017,OHIO,39,WEST CENTRAL,MIAMI,109, (D)
2017,OHIO,39,WEST CENTRAL,SHELBY,149, (D)
2017,OKLAHOMA,40,CENTRAL,CANADIAN,17, (D)
2017,OKLAHOMA,40,CENTRAL,GRADY,51, (D)
2017,OKLAHOMA,40,CENTRAL,KINGFISHER,73, (D)
2017,OKLAHOMA,40,NORTH CENTRAL,GARFIELD,47, (D)
2017,OKLAHOMA,40,NORTH CENTRAL,GRANT,53, (D)
2017,OKLAHOMA,40,NORTH CENTRAL,KAY,71,12800
2017,OKLAHOMA,40,NORTH CENTRAL,NOBLE,103, (D)
2017,OKLAHOMA,40,NORTH CENTRAL,WOODS,151, (D)
2017,OKLAHOMA,40,NORTHEAST,CRAIG,35, (D)
2017,OKLAHOMA,40,NORTHEAST,MAYES,97, (D)
2017,OKLAHOMA,40,NORTHEAST,WAGONER,145,57600
2017,OKLAHOMA,40,PANHANDLE,CIMARRON,25, (D)
2017,OKLAHOMA,40,PANHANDLE,TEXAS,139, (D)
2017,OKLAHOMA,40,SOUTHWEST,GREER,55, (D)
2017,OKLAHOMA,40,SOUTHWEST,JACKSON,65, (D)
2017,OKLAHOMA,40,SOUTHWEST,KIOWA,75,137810
2017,OKLAHOMA,40,SOUTHWEST,TILLMAN,141, (D)
2017,OKLAHOMA,40,WEST CENTRAL,DEWEY,43, (D)
2017,OREGON,41,NORTH CENTRAL,GILLIAM,21,28021
2017,OREGON,41,NORTH CENTRAL,MORROW,49,81713
2017,OREGON,41,NORTH CENTRAL,SHERMAN,55,222181
2017,OREGON,41,NORTH CENTRAL,WASCO,65,34432
2017,OREGON,41,NORTHEAST,BAKER,1,55320
2017,OREGON,41,NORTHEAST,UMATILLA,59,108123
2017,OREGON,41,NORTHEAST,UNION,61,209320
2017,OREGON,41,NORTHEAST,WALLOWA,63,85886
2017,OREGON,41,NORTHWEST,BENTON,3,645
2017,OREGON,41,NORTHWEST,CLACKAMAS,5,2863
2017,OREGON,41,NORTHWEST,LINN,43, (D)
2017,OREGON,41,NORTHWEST,MARION,47,12738
2017,OREGON,41,NORTHWEST,POLK,53,45619
2017,OREGON,41,NORTHWEST,WASHINGTON,67,49781
2017,OREGON,41,NORTHWEST,YAMHILL,71,5185
2017,OREGON,41,SOUTHEAST,DESCHUTES,17, (D)
2017,OREGON,41,SOUTHEAST,GRANT,23, (D)
2017,OREGON,41,SOUTHEAST,JEFFERSON,31, (D)
2017,OREGON,41,SOUTHEAST,KLAMATH,35,1169961
2017,OREGON,41,SOUTHEAST,LAKE,37, (D)
2017,OREGON,41,SOUTHEAST,MALHEUR,45,25077
2017,OREGON,41,SOUTHWEST,DOUGLAS,19,600
2017,OREGON,41,SOUTHWEST,JACKSON,29, (D)
2017,PENNSYLVANIA,42,CENTRAL,BLAIR,13,35964
2017,PENNSYLVANIA,42,CENTRAL,CAMBRIA,21,13186
2017,PENNSYLVANIA,42,CENTRAL,CENTRE,27,16082
2017,PENNSYLVANIA,42,CENTRAL,CLEARFIELD,33, (D)
2017,PENNSYLVANIA,42,CENTRAL,COLUMBIA,37, (D)
2017,PENNSYLVANIA,42,CENTRAL,DAUPHIN,43,46444
2017,PENNSYLVANIA,42,CENTRAL,HUNTINGDON,61,19135
2017,PENNSYLVANIA,42,CENTRAL,JUNIATA,67,19980
2017,PENNSYLVANIA,42,CENTRAL,MIFFLIN,87,30772
2017,PENNSYLVANIA,42,CENTRAL,MONTOUR,93,12300
2017,PENNSYLVANIA,42,CENTRAL,NORTHUMBERLAND,97,163827
2017,PENNSYLVANIA,42,CENTRAL,PERRY,99,116654
2017,PENNSYLVANIA,42,CENTRAL,SNYDER,109,64795
2017,PENNSYLVANIA,42,CENTRAL,UNION,119,24454
2017,PENNSYLVANIA,42,EAST CENTRAL,CARBON,25, (D)
2017,PENNSYLVANIA,42,EAST CENTRAL,LEHIGH,77,36891
2017,PENNSYLVANIA,42,EAST CENTRAL,NORTHAMPTON,95,15043
2017,PENNSYLVANIA,42,EAST CENTRAL,SCHUYLKILL,107,48342
2017,PENNSYLVANIA,42,NORTH CENTRAL,BRADFORD,15,1800
2017,PENNSYLVANIA,42,NORTH CENTRAL,CAMERON,23, (D)
2017,PENNSYLVANIA,42,NORTH CENTRAL,CLINTON,35, (D)
2017,PENNSYLVANIA,42,NORTH CENTRAL,ELK,47, (D)
2017,PENNSYLVANIA,42,NORTH CENTRAL,LYCOMING,81,5785
2017,PENNSYLVANIA,42,NORTH CENTRAL,POTTER,105,4700
2017,PENNSYLVANIA,42,NORTH CENTRAL,TIOGA,117,21648
2017,PENNSYLVANIA,42,NORTHWESTERN,CRAWFORD,39,4224
2017,PENNSYLVANIA,42,NORTHWESTERN,ERIE,49, (D)
2017,PENNSYLVANIA,42,NORTHWESTERN,MERCER,85,4033
2017,PENNSYLVANIA,42,NORTHWESTERN,VENANGO,121, (D)
2017,PENNSYLVANIA,42,SOUTH CENTRAL,ADAMS,1,66941
2017,PENNSYLVANIA,42,SOUTH CENTRAL,BEDFORD,9,99693
2017,PENNSYLVANIA,42,SOUTH CENTRAL,CUMBERLAND,41,222262
2017,PENNSYLVANIA,42,SOUTH CENTRAL,FRANKLIN,55,491800
2017,PENNSYLVANIA,42,SOUTH CENTRAL,FULTON,57,54194
2017,PENNSYLVANIA,42,SOUTH CENTRAL,YORK,133,370774
2017,PENNSYLVANIA,42,SOUTHEASTERN,BERKS,11,205413
2017,PENNSYLVANIA,42,SOUTHEASTERN,BUCKS,17,11454
2017,PENNSYLVANIA,42,SOUTHEASTERN,CHESTER,29,79044
2017,PENNSYLVANIA,42,SOUTHEASTERN,LANCASTER,71,455767
2017,PENNSYLVANIA,42,SOUTHEASTERN,LEBANON,75,159053
2017,PENNSYLVANIA,42,SOUTHEASTERN,MONTGOMERY,91, (D)
2017,PENNSYLVANIA,42,SOUTHWESTERN,FAYETTE,51,2333
2017,PENNSYLVANIA,42,SOUTHWESTERN,GREENE,59, (D)
2017,PENNSYLVANIA,42,SOUTHWESTERN,SOMERSET,111,15660
2017,PENNSYLVANIA,42,SOUTHWESTERN,WASHINGTON,125,725
2017,PENNSYLVANIA,42,SOUTHWESTERN,WESTMORELAND,129,25310
2017,PENNSYLVANIA,42,WEST CENTRAL,ARMSTRONG,5,28418
2017,PENNSYLVANIA,42,WEST CENTRAL,BEAVER,7,3865
2017,PENNSYLVANIA,42,WEST CENTRAL,BUTLER,19,5970
2017,PENNSYLVANIA,42,WEST CENTRAL,CLARION,31,2080
2017,PENNSYLVANIA,42,WEST CENTRAL,INDIANA,63, (D)
2017,PENNSYLVANIA,42,WEST CENTRAL,JEFFERSON,65,13205
2017,PENNSYLVANIA,42,WEST CENTRAL,LAWRENCE,73,500
2017,SOUTH CAROLINA,45,EASTERN,HORRY,51, (D)
2017,SOUTH CAROLINA,45,NORTHWEST,ANDERSON,7, (D)
2017,SOUTH CAROLINA,45,NORTHWEST,GREENVILLE,45, (D)
2017,SOUTH CAROLINA,45,NORTHWEST,OCONEE,73, (D)
2017,SOUTH CAROLINA,45,WEST CENTRAL,MCCORMICK,65, (D)
2017,SOUTH CAROLINA,45,WEST CENTRAL,NEWBERRY,71, (D)
2017,SOUTH DAKOTA,46,CENTRAL,AURORA,3, (D)
2017,SOUTH DAKOTA,46,CENTRAL,HAND,59, (D)
2017,SOUTH DAKOTA,46,NORTH CENTRAL,BROWN,13, (D)
2017,SOUTH DAKOTA,46,NORTH CENTRAL,EDMUNDS,45, (D)
2017,SOUTH DAKOTA,46,NORTH CENTRAL,MCPHERSON,89,62164
2017,SOUTH DAKOTA,46,NORTH CENTRAL,SPINK,115,49011
2017,SOUTH DAKOTA,46,NORTH CENTRAL,WALWORTH,129, (D)
2017,SOUTH DAKOTA,46,NORTHEAST,MARSHALL,91, (D)
2017,SOUTH DAKOTA,46,NORTHEAST,ROBERTS,109,37412
2017,SOUTH DAKOTA,46,NORTHWEST,BUTTE,19, (D)
2017,SOUTH DAKOTA,46,NORTHWEST,CORSON,31, (D)
2017,SOUTH DAKOTA,46,NORTHWEST,DEWEY,41, (D)
2017,SOUTH DAKOTA,46,NORTHWEST,HARDING,63,24084
2017,SOUTH DAKOTA,46,NORTHWEST,PERKINS,105,59166
2017,SOUTH DAKOTA,46,SOUTH CENTRAL,JONES,75,100000
2017,SOUTH DAKOTA,46,SOUTHEAST,CHARLES MIX,23,4800
2017,SOUTH DAKOTA,46,WEST CENTRAL,HAAKON,55,94620
2017,SOUTH DAKOTA,46,WEST CENTRAL,LAWRENCE,81, (D)
2017,SOUTH DAKOTA,46,WEST CENTRAL,MEADE,93,28913
2017,SOUTH DAKOTA,46,WEST CENTRAL,STANLEY,117, (D)
2017,TENNESSEE,47,CENTRAL BASIN,LINCOLN,103, (D)
2017,TENNESSEE,47,CENTRAL BASIN,RUTHERFORD,149, (D)
2017,TENNESSEE,47,CENTRAL BASIN,SUMNER,165, (D)
2017,TENNESSEE,47,CUMBERLAND PLATEAU,GRUNDY,61, (D)
2017,TENNESSEE,47,EAST TENNESSEE,MONROE,123, (D)
2017,TENNESSEE,47,EAST TENNESSEE,WASHINGTON,179,900
2017,TENNESSEE,47,WEST TENNESSEE,HENRY,79, (D)
2017,TENNESSEE,47,WEST TENNESSEE,WEAKLEY,183, (D)
2017,TENNESSEE,47,WESTERN RIM,ROBERTSON,147, (D)
2017,TEXAS,48,BLACKLANDS,COOKE,97, (D)
2017,TEXAS,48,BLACKLANDS,DENTON,121, (D)
2017,TEXAS,48,BLACKLANDS,HILL,217, (D)
2017,TEXAS,48,CROSS TIMBERS,MONTAGUE,337, (D)
2017,TEXAS,48,CROSS TIMBERS,PARKER,367, (D)
2017,TEXAS,48,CROSS TIMBERS,WISE,497, (D)
2017,TEXAS,48,CROSS TIMBERS,YOUNG,503, (D)
2017,TEXAS,48,EAST TEXAS NORTH,HOPKINS,223, (D)
2017,TEXAS,48,EAST TEXAS NORTH,RUSK,401, (D)
2017,TEXAS,48,EDWARDS PLATEAU,CONCHO,95, (D)
2017,TEXAS,48,EDWARDS PLATEAU,GILLESPIE,171, (D)
2017,TEXAS,48,NORTHERN HIGH PLAINS,CASTRO,69, (D)
2017,TEXAS,48,NORTHERN HIGH PLAINS,DALLAM,111,203000
2017,TEXAS,48,NORTHERN HIGH PLAINS,DEAF SMITH,117, (D)
2017,TEXAS,48,NORTHERN HIGH PLAINS,FLOYD,153, (D)
2017,TEXAS,48,NORTHERN HIGH PLAINS,PARMER,369,318047
2017,TEXAS,48,NORTHERN LOW PLAINS,CHILDRESS,75, (D)
2017,TEXAS,48,SOUTH CENTRAL,BEXAR,29, (D)
2017,TEXAS,48,SOUTHERN HIGH PLAINS,GAINES,165, (D)
2017,TEXAS,48,SOUTHERN HIGH PLAINS,YOAKUM,501, (D)
2017,TEXAS,48,SOUTHERN LOW PLAINS,RUNNELS,399, (D)
2017,UTAH,49,CENTRAL,JUAB,23,36268
2017,UTAH,49,CENTRAL,MILLARD,27,292195
2017,UTAH,49,CENTRAL,SANPETE,39,102869
2017,UTAH,49,CENTRAL,SEVIER,41,8240
2017,UTAH,49,CENTRAL,UTAH,49,116226
2017,UTAH,49,EASTERN,DAGGETT,9, (D)
2017,UTAH,49,EASTERN,DUCHESNE,13, (D)
2017,UTAH,49,EASTERN,EMERY,15,702
2017,UTAH,49,EASTERN,UINTAH,47,36436
2017,UTAH,49,NORTHERN,BOX ELDER,3,174421
2017,UTAH,49,NORTHERN,CACHE,5,576126
2017,UTAH,49,NORTHERN,DAVIS,11, (D)
2017,UTAH,49,NORTHERN,MORGAN,29,92568
2017,UTAH,49,NORTHERN,TOOELE,45, (D)
2017,UTAH,49,NORTHERN,WEBER,57,40023
2017,UTAH,49,SOUTHERN,BEAVER,1, (D)
2017,UTAH,49,SOUTHERN,GARFIELD,17, (D)
2017,UTAH,49,SOUTHERN,IRON,21, (D)
2017,UTAH,49,SOUTHERN,PIUTE,31,27600
2017,UTAH,49,SOUTHERN,WASHINGTON,53, (D)
2017,UTAH,49,SOUTHERN,WAYNE,55,3529
2017,VERMONT,50,ALL COUNTIES,ADDISON,1, (D)
2017,VERMONT,50,ALL COUNTIES,GRAND ISLE,13, (D)
2017,VIRGINIA,51,CENTRAL,AMELIA,7,35843
2017,VIRGINIA,51,CENTRAL,APPOMATTOX,11, (D)
2017,VIRGINIA,51,CENTRAL,BEDFORD,19,6660
2017,VIRGINIA,51,CENTRAL,CAMPBELL,31, (D)
2017,VIRGINIA,51,CENTRAL,CAROLINE,33, (D)
2017,VIRGINIA,51,CENTRAL,CHESTERFIELD,41, (D)
2017,VIRGINIA,51,CENTRAL,FLUVANNA,65, (D)
2017,VIRGINIA,51,CENTRAL,GREENE,79,2400
2017,VIRGINIA,51,CENTRAL,HANOVER,85,69487
2017,VIRGINIA,51,CENTRAL,LOUISA,109, (D)
2017,VIRGINIA,51,CENTRAL,ORANGE,137,31354
2017,VIRGINIA,51,CENTRAL,POWHATAN,145, (D)
2017,VIRGINIA,51,CENTRAL,PRINCE EDWARD,147, (D)
2017,VIRGINIA,51,CENTRAL,SPOTSYLVANIA,177,12305
2017,VIRGINIA,51,EASTERN,ACCOMACK,1,28602
2017,VIRGINIA,51,EASTERN,ESSEX,57,86910
2017,VIRGINIA,51,EASTERN,GLOUCESTER,73, (D)
2017,VIRGINIA,51,EASTERN,KING AND QUEEN,97, (D)
2017,VIRGINIA,51,EASTERN,KING WILLIAM,101, (D)
2017,VIRGINIA,51,EASTERN,LANCASTER,103, (D)
2017,VIRGINIA,51,EASTERN,MIDDLESEX,119, (D)
2017,VIRGINIA,51,EASTERN,NEW KENT,127, (D)
2017,VIRGINIA,51,EASTERN,NORTHAMPTON,131, (D)
2017,VIRGINIA,51,EASTERN,NORTHUMBERLAND,133,8976
2017,VIRGINIA,51,EASTERN,RICHMOND,159,20371
2017,VIRGINIA,51,EASTERN,WESTMORELAND,193,67338
2017,VIRGINIA,51,NORTHERN,CLARKE,43,3199
2017,VIRGINIA,51,NORTHERN,CULPEPER,47, (D)
2017,VIRGINIA,51,NORTHERN,FAUQUIER,61,58666
2017,VIRGINIA,51,NORTHERN,LOUDOUN,107, (D)
2017,VIRGINIA,51,NORTHERN,MADISON,113,29595
2017,VIRGINIA,51,NORTHERN,PAGE,139,46012
2017,VIRGINIA,51,NORTHERN,PRINCE WILLIAM,153, (D)
2017,VIRGINIA,51,NORTHERN,ROCKINGHAM,165,43494
2017,VIRGINIA,51,NORTHERN,SHENANDOAH,171,48729
2017,VIRGINIA,51,NORTHERN,WARREN,187, (D)
2017,VIRGINIA,51,SOUTHEASTERN,DINWIDDIE,53, (D)
2017,VIRGINIA,51,SOUTHERN,CHARLOTTE,37, (D)
2017,VIRGINIA,51,SOUTHERN,FRANKLIN,67,34176
2017,VIRGINIA,51,SOUTHERN,NOTTOWAY,135, (D)
2017,VIRGINIA,51,SOUTHERN,PITTSYLVANIA,143,40055
2017,VIRGINIA,51,SOUTHWESTERN,MONTGOMERY,121,7200
2017,VIRGINIA,51,SOUTHWESTERN,RUSSELL,167, (D)
2017,VIRGINIA,51,WESTERN,AUGUSTA,15,58050
2017,VIRGINIA,51,WESTERN,HIGHLAND,91, (D)
2017,VIRGINIA,51,WESTERN,ROCKBRIDGE,163,5540
2017,WASHINGTON,53,CENTRAL,KITTITAS,37,29583
2017,WASHINGTON,53,CENTRAL,KLICKITAT,39,58626
2017,WASHINGTON,53,CENTRAL,OKANOGAN,47,51562
2017,WASHINGTON,53,CENTRAL,YAKIMA,77,15411
2017,WASHINGTON,53,EAST CENTRAL,DOUGLAS,17,43525
2017,WASHINGTON,53,EAST CENTRAL,FRANKLIN,21,43499
2017,WASHINGTON,53,EAST CENTRAL,GRANT,25,210763
2017,WASHINGTON,53,EAST CENTRAL,LINCOLN,43,553906
2017,WASHINGTON,53,NORTHEAST,SPOKANE,63,725732
2017,WASHINGTON,53,NORTHEAST,STEVENS,65,82313
2017,WASHINGTON,53,SOUTHEAST,ASOTIN,3, (D)
2017,WASHINGTON,53,SOUTHEAST,COLUMBIA,13,107954
2017,WASHINGTON,53,SOUTHEAST,GARFIELD,23,208322
2017,WASHINGTON,53,SOUTHEAST,WALLA WALLA,71,38790
2017,WASHINGTON,53,SOUTHEAST,WHITMAN,75,2361288
2017,WASHINGTON,53,WESTERN,CLALLAM,9,47310
2017,WASHINGTON,53,WESTERN,CLARK,11, (D)
2017,WASHINGTON,53,WESTERN,COWLITZ,15, (D)
2017,WASHINGTON,53,WESTERN,GRAYS HARBOR,27, (D)
2017,WASHINGTON,53,WESTERN,ISLAND,29, (D)
2017,WASHINGTON,53,WESTERN,KING,33, (D)
2017,WASHINGTON,53,WESTERN,LEWIS,41,24823
2017,WASHINGTON,53,WESTERN,SAN JUAN,55,18912
2017,WASHINGTON,53,WESTERN,SKAGIT,57,370811
2017,WASHINGTON,53,WESTERN,SNOHOMISH,61,72098
2017,WASHINGTON,53,WESTERN,THURSTON,67, (D)
2017,WASHINGTON,53,WESTERN,WHATCOM,73, (D)
2017,WEST VIRGINIA,54,EASTERN,BERKELEY,3,12260
2017,WEST VIRGINIA,54,EASTERN,GREENBRIER,25, (D)
2017,WEST VIRGINIA,54,EASTERN,HAMPSHIRE,27, (D)
2017,WEST VIRGINIA,54,EASTERN,HARDY,31,10770
2017,WEST VIRGINIA,54,EASTERN,JEFFERSON,37,15960
2017,WEST VIRGINIA,54,EASTERN,MONROE,63, (D)
2017,WEST VIRGINIA,54,EASTERN,MORGAN,65, (D)
2017,WEST VIRGINIA,54,EASTERN,PENDLETON,71,3454
2017,WEST VIRGINIA,54,EASTERN,POCAHONTAS,75, (D)
2017,WEST VIRGINIA,54,EASTERN,RANDOLPH,83, (D)
2017,WEST VIRGINIA,54,NORTHWEST,DODDRIDGE,17,2323
2017,WEST VIRGINIA,54,NORTHWEST,MONONGALIA,61,1686
2017,WEST VIRGINIA,54,NORTHWEST,PRESTON,77,4225
2017,WEST VIRGINIA,54,NORTHWEST,TYLER,95, (D)
2017,WEST VIRGINIA,54,SOUTHWEST,MASON,53, (D)
2017,WEST VIRGINIA,54,SOUTHWEST,PUTNAM,79,420
2017,WISCONSIN,55,CENTRAL,ADAMS,1, (D)
2017,WISCONSIN,55,CENTRAL,GREEN LAKE,47,10547
2017,WISCONSIN,55,CENTRAL,JUNEAU,57,1847
2017,WISCONSIN,55,CENTRAL,MARQUETTE,77, (D)
2017,WISCONSIN,55,CENTRAL,PORTAGE,97, (D)
2017,WISCONSIN,55,CENTRAL,WAUPACA,135,4635
2017,WISCONSIN,55,CENTRAL,WAUSHARA,137, (D)
2017,WISCONSIN,55,CENTRAL,WOOD,141,13259
2017,WISCONSIN,55,EAST CENTRAL,BROWN,9,4740
2017,WISCONSIN,55,EAST CENTRAL,CALUMET,15,7590
2017,WISCONSIN,55,EAST CENTRAL,DOOR,29,28200
2017,WISCONSIN,55,EAST CENTRAL,FOND DU LAC,39,16187
2017,WISCONSIN,55,EAST CENTRAL,KEWAUNEE,61,4600
2017,WISCONSIN,55,EAST CENTRAL,MANITOWOC,71,25029
2017,WISCONSIN,55,EAST CENTRAL,OUTAGAMIE,87,5090
2017,WISCONSIN,55,EAST CENTRAL,SHEBOYGAN,117,7476
2017,WISCONSIN,55,EAST CENTRAL,WINNEBAGO,139, (D)
2017,WISCONSIN,55,NORTH CENTRAL,CLARK,19,39680
2017,WISCONSIN,55,NORTH CENTRAL,IRON,51, (D)
2017,WISCONSIN,55,NORTH CENTRAL,LINCOLN,69,14328
2017,WISCONSIN,55,NORTH CENTRAL,MARATHON,73,23498
2017,WISCONSIN,55,NORTH CENTRAL,ONEIDA,85,3945
2017,WISCONSIN,55,NORTH CENTRAL,PRICE,99,2100
2017,WISCONSIN,55,NORTH CENTRAL,TAYLOR,119, (D)
2017,WISCONSIN,55,NORTHEAST,FOREST,41,300
2017,WISCONSIN,55,NORTHEAST,LANGLADE,67,33300
2017,WISCONSIN,55,NORTHEAST,OCONTO,83, (D)
2017,WISCONSIN,55,NORTHEAST,SHAWANO,115,19845
2017,WISCONSIN,55,NORTHWEST,BARRON,5,12965
2017,WISCONSIN,55,NORTHWEST,BAYFIELD,7,44194
2017,WISCONSIN,55,NORTHWEST,BURNETT,13, (D)
2017,WISCONSIN,55,NORTHWEST,CHIPPEWA,17,43883
2017,WISCONSIN,55,NORTHWEST,DOUGLAS,31, (D)
2017,WISCONSIN,55,NORTHWEST,POLK,95,15051
2017,WISCONSIN,55,NORTHWEST,RUSK,107,11610
2017,WISCONSIN,55,NORTHWEST,SAWYER,113,8466
2017,WISCONSIN,55,NORTHWEST,WASHBURN,129, (D)
2017,WISCONSIN,55,SOUTH CENTRAL,DANE,25,14280
2017,WISCONSIN,55,SOUTH CENTRAL,DODGE,27,20114
2017,WISCONSIN,55,SOUTH CENTRAL,GREEN,45,16076
2017,WISCONSIN,55,SOUTH CENTRAL,ROCK,105,572
2017,WISCONSIN,55,SOUTHEAST,KENOSHA,59, (D)
2017,WISCONSIN,55,SOUTHEAST,OZAUKEE,89, (D)
2017,WISCONSIN,55,SOUTHEAST,WALWORTH,127, (D)
2017,WISCONSIN,55,SOUTHEAST,WASHINGTON,131,8489
2017,WISCONSIN,55,SOUTHEAST,WAUKESHA,133, (D)
2017,WISCONSIN,55,SOUTHWEST,CRAWFORD,23,1725
2017,WISCONSIN,55,SOUTHWEST,GRANT,43,45208
2017,WISCONSIN,55,SOUTHWEST,IOWA,49,25185
2017,WISCONSIN,55,SOUTHWEST,LAFAYETTE,65,19749
2017,WISCONSIN,55,SOUTHWEST,SAUK,111,1524
2017,WISCONSIN,55,SOUTHWEST,VERNON,123,11209
2017,WISCONSIN,55,WEST CENTRAL,BUFFALO,11,25282
2017,WISCONSIN,55,WEST CENTRAL,DUNN,33,12734
2017,WISCONSIN,55,WEST CENTRAL,EAU CLAIRE,35, (D)
2017,WISCONSIN,55,WEST CENTRAL,JACKSON,53, (D)
2017,WISCONSIN,55,WEST CENTRAL,LA CROSSE,63,15612
2017,WISCONSIN,55,WEST CENTRAL,MONROE,81,14241
2017,WISCONSIN,55,WEST CENTRAL,PEPIN,91, (D)
2017,WISCONSIN,55,WEST CENTRAL,PIERCE,93,6240
2017,WISCONSIN,55,WEST CENTRAL,ST CROIX,109,2652
2017,WISCONSIN,55,WEST CENTRAL,TREMPEALEAU,121,50402
2017,WYOMING,56,NORTHEAST,CAMPBELL,5, (D)
2017,WYOMING,56,NORTHEAST,CROOK,11,21162
2017,WYOMING,56,NORTHEAST,SHERIDAN,33, (D)
2017,WYOMING,56,NORTHEAST,WESTON,45, (D)
2017,WYOMING,56,NORTHWEST,BIG HORN,3,2080124
2017,WYOMING,56,NORTHWEST,FREMONT,13,608378
2017,WYOMING,56,NORTHWEST,HOT SPRINGS,17, (D)
2017,WYOMING,56,NORTHWEST,PARK,29,2201227
2017,WYOMING,56,NORTHWEST,WASHAKIE,43,1122514
2017,WYOMING,56,SOUTH CENTRAL,NATRONA,25,51403
2017,WYOMING,56,SOUTH CENTRAL,SWEETWATER,37,76006
2017,WYOMING,56,SOUTHEAST,CONVERSE,9,12024
2017,WYOMING,56,SOUTHEAST,GOSHEN,15,63034
2017,WYOMING,56,SOUTHEAST,LARAMIE,21, (D)
2017,WYOMING,56,SOUTHEAST,PLATTE,31,75019
2017,WYOMING,56,WEST,LINCOLN,23,265317
2017,WYOMING,56,WEST,SUBLETTE,35, (D)
2017,WYOMING,56,WEST,TETON,39,161739
2017,WYOMING,56,WEST,UINTA,41,6412
2017,CALIFORNIA,6,CENTRAL COAST,OTHER (COMBINED) COUNTIES,,487000
2017,CALIFORNIA,6,NORTHEAST,OTHER (COMBINED) COUNTIES,,275000
2017,CALIFORNIA,6,SACRAMENTO VALLEY,OTHER (COMBINED) COUNTIES,,162000
2017,CALIFORNIA,6,SACRAMENTO VALLEY,SOLANO,95,80000
2017,CALIFORNIA,6,SAN JOAQUIN VALLEY,OTHER (COMBINED) COUNTIES,,404000
2017,COLORADO,8,SOUTHWEST,OTHER (COMBINED) COUNTIES,,129000
2017,IDAHO,16,EAST,BANNOCK,5,305000
2017,IDAHO,16,EAST,BEAR LAKE,7,277000
2017,IDAHO,16,EAST,BINGHAM,11,2320000
2017,IDAHO,16,EAST,BONNEVILLE,19,6282000
2017,IDAHO,16,EAST,BUTTE,23,851000
2017,IDAHO,16,EAST,FRANKLIN,41,379000
2017,IDAHO,16,EAST,FREMONT,43,5990000
2017,IDAHO,16,EAST,MADISON,65,4144000
2017,IDAHO,16,EAST,OTHER (COMBINED) COUNTIES,,10184000
2017,IDAHO,16,NORTH,BOUNDARY,21,205000
2017,IDAHO,16,NORTH,IDAHO,49,330000
2017,IDAHO,16,NORTH,NEZ PERCE,69,264000
2017,IDAHO,16,NORTH,OTHER (COMBINED) COUNTIES,,681000
2017,IDAHO,16,SOUTH CENTRAL,BLAINE,13,845000
2017,IDAHO,16,SOUTH CENTRAL,CAMAS,25,199000
2017,IDAHO,16,SOUTH CENTRAL,JEROME,53,1963000
2017,IDAHO,16,SOUTH CENTRAL,LINCOLN,63,488000
2017,IDAHO,16,SOUTH CENTRAL,MINIDOKA,67,5185000
2017,IDAHO,16,SOUTH CENTRAL,OTHER (COMBINED) COUNTIES,,7337000
2017,IDAHO,16,SOUTHWEST,ADA,1,74000
2017,IDAHO,16,SOUTHWEST,OTHER (COMBINED) COUNTIES,,117000
2017,IDAHO,16,SOUTHWEST,WASHINGTON,87,30000
2017,MINNESOTA,27,CENTRAL,OTHER (COMBINED) COUNTIES,,153900
2017,MINNESOTA,27,CENTRAL,STEARNS,145,79600
2017,MINNESOTA,27,CENTRAL,TODD,153,42500
2017,MINNESOTA,27,NORTH CENTRAL,OTHER (COMBINED) COUNTIES,,188000
2017,MINNESOTA,27,NORTHWEST,MARSHALL,89,1506000
2017,MINNESOTA,27,NORTHWEST,OTHER (COMBINED) COUNTIES,,2617000
2017,MINNESOTA,27,WEST CENTRAL,OTHER (COMBINED) COUNTIES,,368000
2017,MONTANA,30,CENTRAL,BROADWATER,7,473000
2017,MONTANA,30,CENTRAL,CASCADE,13,2175000
2017,MONTANA,30,CENTRAL,FERGUS,27,765000
2017,MONTANA,30,CENTRAL,JUDITH BASIN,45,488000
2017,MONTANA,30,CENTRAL,LEWIS AND CLARK,49,507000
2017,MONTANA,30,CENTRAL,MEAGHER,59,431000
2017,MONTANA,30,CENTRAL,OTHER (COMBINED) COUNTIES,,253000
2017,MONTANA,30,CENTRAL,WHEATLAND,107,253000
2017,MONTANA,30,NORTH CENTRAL,BLAINE,5,185000
2017,MONTANA,30,NORTH CENTRAL,CHOUTEAU,15,2478000
2017,MONTANA,30,NORTH CENTRAL,GLACIER,35,2217000
2017,MONTANA,30,NORTH CENTRAL,HILL,41,498000
2017,MONTANA,30,NORTH CENTRAL,LIBERTY,51,407000
2017,MONTANA,30,NORTH CENTRAL,PHILLIPS,71,40000
2017,MONTANA,30,NORTH CENTRAL,PONDERA,73,2574000
2017,MONTANA,30,NORTH CENTRAL,TETON,99,3939000
2017,MONTANA,30,NORTH CENTRAL,TOOLE,101,2338000
2017,MONTANA,30,NORTHEAST,DAWSON,21,32100
2017,MONTANA,30,NORTHEAST,MCCONE,55,78000
2017,MONTANA,30,NORTHEAST,OTHER (COMBINED) COUNTIES,,175900
2017,MONTANA,30,NORTHEAST,RICHLAND,83,31000
2017,MONTANA,30,NORTHWEST,OTHER (COMBINED) COUNTIES,,265000
2017,MONTANA,30,SOUTH CENTRAL,BIG HORN,3,989000
2017,MONTANA,30,SOUTH CENTRAL,CARBON,9,1063000
2017,MONTANA,30,SOUTH CENTRAL,OTHER (COMBINED) COUNTIES,,180000
2017,MONTANA,30,SOUTH CENTRAL,PARK,67,288000
2017,MONTANA,30,SOUTH CENTRAL,TREASURE,103,560000
2017,MONTANA,30,SOUTH CENTRAL,YELLOWSTONE,111,1620000
2017,MONTANA,30,SOUTHEAST,OTHER (COMBINED) COUNTIES,,18400
2017,MONTANA,30,SOUTHEAST,POWDER RIVER,75,18600
2017,MONTANA,30,SOUTHEAST,ROSEBUD,87,680000
2017,MONTANA,30,SOUTHWEST,GALLATIN,31,2278000
2017,MONTANA,30,SOUTHWEST,MADISON,57,310000
2017,MONTANA,30,SOUTHWEST,OTHER (COMBINED) COUNTIES,,207000
2017,NORTH DAKOTA,38,CENTRAL,EDDY,27,311000
2017,NORTH DAKOTA,38,CENTRAL,FOSTER,31,719000
2017,NORTH DAKOTA,38,CENTRAL,KIDDER,43,447000
2017,NORTH DAKOTA,38,CENTRAL,SHERIDAN,83,672000
2017,NORTH DAKOTA,38,CENTRAL,STUTSMAN,93,397000
2017,NORTH DAKOTA,38,CENTRAL,WELLS,103,861000
2017,NORTH DAKOTA,38,EAST CENTRAL,BARNES,3,520000
2017,NORTH DAKOTA,38,EAST CENTRAL,CASS,17,1009000
2017,NORTH DAKOTA,38,EAST CENTRAL,GRIGGS,39,388000
2017,NORTH DAKOTA,38,EAST CENTRAL,STEELE,91,746000
2017,NORTH DAKOTA,38,EAST CENTRAL,TRAILL,97,1235000
2017,NORTH DAKOTA,38,NORTH CENTRAL,BENSON,5,1719000
2017,NORTH DAKOTA,38,NORTH CENTRAL,MCHENRY,49,793000
2017,NORTH DAKOTA,38,NORTH CENTRAL,OTHER (COMBINED) COUNTIES,,3014000
2017,NORTH DAKOTA,38,NORTHEAST,CAVALIER,19,1054000
2017,NORTH DAKOTA,38,NORTHEAST,GRAND FORKS,35,540000
2017,NORTH DAKOTA,38,NORTHEAST,NELSON,63,709000
2017,NORTH DAKOTA,38,NORTHEAST,PEMBINA,67,394000
2017,NORTH DAKOTA,38,NORTHEAST,RAMSEY,71,2480000
2017,NORTH DAKOTA,38,NORTHEAST,TOWNER,95,563000
2017,NORTH DAKOTA,38,NORTHEAST,WALSH,99,698000
2017,NORTH DAKOTA,38,NORTHWEST,BURKE,13,393000
2017,NORTH DAKOTA,38,NORTHWEST,OTHER (COMBINED) COUNTIES,,605000
2017,NORTH DAKOTA,38,NORTHWEST,RENVILLE,75,1049000
2017,NORTH DAKOTA,38,NORTHWEST,WARD,101,498000
2017,NORTH DAKOTA,38,NORTHWEST,WILLIAMS,105,556000
2017,NORTH DAKOTA,38,SOUTH CENTRAL,BURLEIGH,15,580000
2017,NORTH DAKOTA,38,SOUTH CENTRAL,OTHER (COMBINED) COUNTIES,,659000
2017,NORTH DAKOTA,38,SOUTHEAST,LOGAN,47,210000
2017,NORTH DAKOTA,38,SOUTHEAST,OTHER (COMBINED) COUNTIES,,655000
2017,NORTH DAKOTA,38,SOUTHWEST,BILLINGS,7,31500
2017,NORTH DAKOTA,38,SOUTHWEST,OTHER (COMBINED) COUNTIES,,257100
2017,NORTH DAKOTA,38,SOUTHWEST,SLOPE,87,25400
2017,NORTH DAKOTA,38,WEST CENTRAL,DUNN,25,122000
2017,NORTH DAKOTA,38,WEST CENTRAL,MCKENZIE,53,155000
2017,NORTH DAKOTA,38,WEST CENTRAL,MCLEAN,55,399000
2017,NORTH DAKOTA,38,WEST CENTRAL,MERCER,57,406000
2017,NORTH DAKOTA,38,WEST CENTRAL,OLIVER,65,130000
2017,VIRGINIA,51,CENTRAL,AMELIA,7,55100
2017,VIRGINIA,51,CENTRAL,OTHER (COMBINED) COUNTIES,,133900
2017,VIRGINIA,51,EASTERN,OTHER (COMBINED) COUNTIES,,360000
2017,VIRGINIA,51,NORTHERN,MADISON,113,30200
2017,VIRGINIA,51,NORTHERN,OTHER (COMBINED) COUNTIES,,65400
2017,VIRGINIA,51,NORTHERN,ROCKINGHAM,165,27600
2017,VIRGINIA,51,NORTHERN,SHENANDOAH,171,43800
2017,VIRGINIA,51,SOUTHERN,OTHER (COMBINED) COUNTIES,,60000
2017,WASHINGTON,53,CENTRAL,KLICKITAT,39,68000
2017,WASHINGTON,53,CENTRAL,OTHER (COMBINED) COUNTIES,,45000
2017,WASHINGTON,53,CENTRAL,YAKIMA,77,34000
2017,WASHINGTON,53,EAST CENTRAL,FRANKLIN,21,88000
2017,WASHINGTON,53,EAST CENTRAL,LINCOLN,43,670000
2017,WASHINGTON,53,EAST CENTRAL,OTHER (COMBINED) COUNTIES,,206000
2017,WASHINGTON,53,NORTHEAST,OTHER (COMBINED) COUNTIES,,474000
2017,WASHINGTON,53,SOUTHEAST,GARFIELD,23,256000
2017,WASHINGTON,53,SOUTHEAST,OTHER (COMBINED) COUNTIES,,2366000
2017,WASHINGTON,53,WESTERN,CLALLAM,9,27000
2017,WASHINGTON,53,WESTERN,OTHER (COMBINED) COUNTIES,,173000
2017,WASHINGTON,53,WESTERN,SKAGIT,57,98000
2017,WYOMING,56,NORTHWEST,BIG HORN,3,1937000
2017,WYOMING,56,NORTHWEST,FREMONT,13,364000
2017,WYOMING,56,NORTHWEST,HOT SPRINGS,17,61000
2017,WYOMING,56,NORTHWEST,OTHER (COMBINED) COUNTIES,,3479000
2017,WYOMING,56,SOUTHEAST,OTHER (COMBINED) COUNTIES,,64000
2017,WYOMING,56,SOUTHEAST,PLATTE,31,121000
2017,WYOMING,56,WEST,OTHER (COMBINED) COUNTIES,,280000