Year,State,State ANSI,Ag District,County,County ANSI,beans_dry_cwt
2017,ARIZONA,4,NORTHERN,APACHE,1,234.00
2017,ARIZONA,4,NORTHERN,COCONINO,5,412.00
2017,ARIZONA,4,NORTHERN,MOHAVE,15, (D)
2017,ARIZONA,4,NORTHERN,NAVAJO,17,772.00
2017,ARIZONA,4,SOUTHERN,COCHISE,3,68518.00
2017,ARIZONA,4,SOUTHERN,GRAHAM,9,55871.00
2017,ARIZONA,4,SOUTHERN,LAPAZ,12, (D)
2017,ARIZONA,4,SOUTHERN,PIMA,19, (D)
2017,ARIZONA,4,SOUTHERN,PINAL,21, (D)
2017,CALIFORNIA,6,CENTRAL COAST,MONTEREY,53, (D)
2017,CALIFORNIA,6,CENTRAL COAST,SAN BENITO,69, (D)
2017,CALIFORNIA,6,CENTRAL COAST,SAN LUIS OBISPO,79,2420.00
2017,CALIFORNIA,6,CENTRAL COAST,SAN MATEO,81,3546.00
2017,CALIFORNIA,6,CENTRAL COAST,SANTA CLARA,85, (D)
2017,CALIFORNIA,6,CENTRAL COAST,SANTA CRUZ,87, (D)
2017,CALIFORNIA,6,CENTRAL COAST,SONOMA,97,140.00
2017,CALIFORNIA,6,NORTHEAST,MODOC,49, (D)
2017,CALIFORNIA,6,NORTHERN COAST,HUMBOLDT,23,292.00
2017,CALIFORNIA,6,SACRAMENTO VALLEY,BUTTE,7,924.00
2017,CALIFORNIA,6,SACRAMENTO VALLEY,COLUSA,11,21949.00
2017,CALIFORNIA,6,SACRAMENTO VALLEY,GLENN,21,21022.00
2017,CALIFORNIA,6,SACRAMENTO VALLEY,SACRAMENTO,67, (D)
2017,CALIFORNIA,6,SACRAMENTO VALLEY,SOLANO,95,19081.00
2017,CALIFORNIA,6,SACRAMENTO VALLEY,SUTTER,101,31913.00
2017,CALIFORNIA,6,SACRAMENTO VALLEY,TEHAMA,103, (D)
2017,CALIFORNIA,6,SACRAMENTO VALLEY,YOLO,113, (D)
2017,CALIFORNIA,6,SAN JOAQUIN VALLEY,FRESNO,19, (D)
2017,CALIFORNIA,6,SAN JOAQUIN VALLEY,KERN,29, (D)
2017,CALIFORNIA,6,SAN JOAQUIN VALLEY,KINGS,31, (D)
2017,CALIFORNIA,6,SAN JOAQUIN VALLEY,MADERA,39, (D)
2017,CALIFORNIA,6,SAN JOAQUIN VALLEY,MERCED,47, (D)
2017,CALIFORNIA,6,SAN JOAQUIN VALLEY,SAN JOAQUIN,77,38357.00
2017,CALIFORNIA,6,SAN JOAQUIN VALLEY,STANISLAUS,99,24759.00
2017,CALIFORNIA,6,SAN JOAQUIN VALLEY,TULARE,107,9819.00
2017,CALIFORNIA,6,SIERRA MOUNTAINS,CALAVERAS,9,150.00
2017,CALIFORNIA,6,SIERRA MOUNTAINS,NEVADA,57,120.00
2017,CALIFORNIA,6,SOUTHERN CALIFORNIA,RIVERSIDE,65, (D)
2017,CALIFORNIA,6,SOUTHERN CALIFORNIA,SAN DIEGO,73,360.00
2017,CALIFORNIA,6,SOUTHERN CALIFORNIA,SANTA BARBARA,83,13507.00
2017,COLORADO,8,EAST CENTRAL,ADAMS,1,21670.00
2017,COLORADO,8,EAST CENTRAL,ARAPAHOE,5, (D)
2017,COLORADO,8,EAST CENTRAL,KIT CARSON,63,47915.00
2017,COLORADO,8,EAST CENTRAL,LINCOLN,73, (D)
2017,COLORADO,8,EAST CENTRAL,PHILLIPS,95,93879.00
2017,COLORADO,8,EAST CENTRAL,WASHINGTON,121,3540.00
2017,COLORADO,8,EAST CENTRAL,YUMA,125,294620.00
2017,COLORADO,8,NORTHEAST,BOULDER,13,6297.00
2017,COLORADO,8,NORTHEAST,LARIMER,69,57672.00
2017,COLORADO,8,NORTHEAST,LOGAN,75,11974.00
2017,COLORADO,8,NORTHEAST,MORGAN,87,14478.00
2017,COLORADO,8,NORTHEAST,SEDGWICK,115,22869.00
2017,COLORADO,8,NORTHEAST,WELD,123,239780.00
2017,COLORADO,8,SAN LUIS VALLEY,COSTILLA,23, (D)
2017,COLORADO,8,SOUTHEAST,BACA,9, (D)
2017,COLORADO,8,SOUTHEAST,BENT,11, (D)
2017,COLORADO,8,SOUTHEAST,CROWLEY,25, (D)
2017,COLORADO,8,SOUTHEAST,LAS ANIMAS,71,8382.00
2017,COLORADO,8,SOUTHEAST,OTERO,89,20931.00
2017,COLORADO,8,SOUTHEAST,PUEBLO,101,48017.00
2017,COLORADO,8,SOUTHWEST,DELTA,29,35374.00
2017,COLORADO,8,SOUTHWEST,DOLORES,33,45210.00
2017,COLORADO,8,SOUTHWEST,LA PLATA,67, (D)
2017,COLORADO,8,SOUTHWEST,MESA,77,1987.00
2017,COLORADO,8,SOUTHWEST,MONTEZUMA,83,52877.00
2017,COLORADO,8,SOUTHWEST,MONTROSE,85,58160.00
2017,COLORADO,8,SOUTHWEST,SAN MIGUEL,113, (D)
2017,HAWAII,15,OAHU ISLAND,HONOLULU,3,54.00
2017,IDAHO,16,EAST,FRANKLIN,41, (D)
2017,IDAHO,16,NORTH,BENEWAH,9, (D)
2017,IDAHO,16,NORTH,KOOTENAI,55, (D)
2017,IDAHO,16,NORTH,LEWIS,61,72976.00
2017,IDAHO,16,NORTH,NEZ PERCE,69,30448.00
2017,IDAHO,16,SOUTH CENTRAL,CAMAS,25, (D)
2017,IDAHO,16,SOUTH CENTRAL,CASSIA,31,262329.00
2017,IDAHO,16,SOUTH CENTRAL,GOODING,47,17088.00
2017,IDAHO,16,SOUTH CENTRAL,JEROME,53,234368.00
2017,IDAHO,16,SOUTH CENTRAL,LINCOLN,63, (D)
2017,IDAHO,16,SOUTH CENTRAL,MINIDOKA,67,107469.00
2017,IDAHO,16,SOUTH CENTRAL,TWIN FALLS,83,545300.00
2017,IDAHO,16,SOUTHWEST,ADA,1,18468.00
2017,IDAHO,16,SOUTHWEST,CANYON,27,241173.00
2017,IDAHO,16,SOUTHWEST,ELMORE,39,74460.00
2017,IDAHO,16,SOUTHWEST,OWYHEE,73,62028.00
2017,IDAHO,16,SOUTHWEST,PAYETTE,75,32818.00
2017,IDAHO,16,SOUTHWEST,WASHINGTON,87,36348.00
2017,ILLINOIS,17,CENTRAL,STARK,175, (D)
2017,ILLINOIS,17,CENTRAL,WOODFORD,203,8640.00
2017,ILLINOIS,17,EAST,IROQUOIS,75, (D)
2017,ILLINOIS,17,NORTHEAST,LA SALLE,99, (D)
2017,ILLINOIS,17,NORTHWEST,WHITESIDE,195, (D)
2017,IOWA,19,CENTRAL,TAMA,171, (D)
2017,IOWA,19,NORTHWEST,PALO ALTO,147, (D)
2017,IOWA,19,NORTHWEST,POCAHONTAS,151, (D)
2017,KANSAS,20,NORTHWEST,CHEYENNE,23,25387.00
2017,KANSAS,20,NORTHWEST,SHERMAN,181,121359.00
2017,KANSAS,20,NORTHWEST,THOMAS,193, (D)
2017,KANSAS,20,WEST CENTRAL,WALLACE,199,58689.00
2017,KANSAS,20,WEST CENTRAL,WICHITA,203, (D)
2017,MAINE,23,CENTRAL,PENOBSCOT,19, (D)
2017,MAINE,23,CENTRAL,SOMERSET,25, (D)
2017,MAINE,23,CENTRAL,WASHINGTON,29,33.00
2017,MAINE,23,NORTH,AROOSTOOK,3, (D)
2017,MAINE,23,SOUTH,OXFORD,17, (D)
2017,MAINE,23,SOUTH,YORK,31,1040.00
2017,MARYLAND,24,NORTH CENTRAL,FREDERICK,21, (D)
2017,MASSACHUSETTS,25,ALL COUNTIES,ESSEX,9, (D)
2017,MASSACHUSETTS,25,ALL COUNTIES,HAMPDEN,13,60.00
2017,MASSACHUSETTS,25,ALL COUNTIES,HAMPSHIRE,15, (D)
2017,MASSACHUSETTS,25,ALL COUNTIES,WORCESTER,27,35.00
2017,MICHIGAN,26,CENTRAL,CLARE,35, (D)
2017,MICHIGAN,26,CENTRAL,GLADWIN,51,8518.00
2017,MICHIGAN,26,CENTRAL,GRATIOT,57,107797.00
2017,MICHIGAN,26,CENTRAL,ISABELLA,73,65325.00
2017,MICHIGAN,26,CENTRAL,MECOSTA,107,26560.00
2017,MICHIGAN,26,CENTRAL,MIDLAND,111,50316.00
2017,MICHIGAN,26,CENTRAL,MONTCALM,117,158894.00
2017,MICHIGAN,26,CENTRAL,OSCEOLA,133, (D)
2017,MICHIGAN,26,EAST CENTRAL,ARENAC,11,89802.00
2017,MICHIGAN,26,EAST CENTRAL,BAY,17,375935.00
2017,MICHIGAN,26,EAST CENTRAL,HURON,63,1858266.00
2017,MICHIGAN,26,EAST CENTRAL,SAGINAW,145,102997.00
2017,MICHIGAN,26,EAST CENTRAL,SANILAC,151,537352.00
2017,MICHIGAN,26,EAST CENTRAL,TUSCOLA,157,808977.00
2017,MICHIGAN,26,NORTHEAST,ALCONA,1,25058.00
2017,MICHIGAN,26,NORTHEAST,ALPENA,7,23301.00
2017,MICHIGAN,26,NORTHEAST,IOSCO,69, (D)
2017,MICHIGAN,26,NORTHEAST,MONTMORENCY,119, (D)
2017,MICHIGAN,26,NORTHEAST,OGEMAW,129, (D)
2017,MICHIGAN,26,NORTHEAST,OTSEGO,137, (D)
2017,MICHIGAN,26,NORTHEAST,PRESQUE ISLE,141, (D)
2017,MICHIGAN,26,NORTHWEST,ANTRIM,9, (D)
2017,MICHIGAN,26,NORTHWEST,WEXFORD,165, (D)
2017,MICHIGAN,26,SOUTH CENTRAL,CLINTON,37,24281.00
2017,MICHIGAN,26,SOUTH CENTRAL,EATON,45,19844.00
2017,MICHIGAN,26,SOUTH CENTRAL,IONIA,67,5404.00
2017,MICHIGAN,26,SOUTH CENTRAL,SHIAWASSEE,155,30025.00
2017,MICHIGAN,26,SOUTHEAST,GENESEE,49,10009.00
2017,MICHIGAN,26,SOUTHEAST,LAPEER,87,14230.00
2017,MICHIGAN,26,SOUTHEAST,MACOMB,99, (D)
2017,MICHIGAN,26,SOUTHEAST,ST CLAIR,147,9544.00
2017,MICHIGAN,26,SOUTHWEST,ALLEGAN,5,8734.00
2017,MICHIGAN,26,SOUTHWEST,KENT,81,44092.00
2017,MICHIGAN,26,UPPER PENINSULA,CHIPPEWA,33,88.00
2017,MICHIGAN,26,UPPER PENINSULA,DELTA,41,12032.00
2017,MICHIGAN,26,UPPER PENINSULA,MENOMINEE,109, (D)
2017,MICHIGAN,26,UPPER PENINSULA,SCHOOLCRAFT,153, (D)
2017,MICHIGAN,26,WEST CENTRAL,NEWAYGO,123, (D)
2017,MICHIGAN,26,WEST CENTRAL,OCEANA,127, (D)
2017,MINNESOTA,27,CENTRAL,BENTON,9, (D)
2017,MINNESOTA,27,CENTRAL,KANDIYOHI,67,202234.00
2017,MINNESOTA,27,CENTRAL,MCLEOD,85,42116.00
2017,MINNESOTA,27,CENTRAL,MEEKER,93,10866.00
2017,MINNESOTA,27,CENTRAL,MORRISON,97,90610.00
2017,MINNESOTA,27,CENTRAL,RENVILLE,129,205059.00
2017,MINNESOTA,27,CENTRAL,SHERBURNE,141, (D)
2017,MINNESOTA,27,CENTRAL,STEARNS,145,53261.00
2017,MINNESOTA,27,CENTRAL,TODD,153,27273.00
2017,MINNESOTA,27,CENTRAL,WADENA,159,36252.00
2017,MINNESOTA,27,EAST CENTRAL,CHISAGO,25,2316.00
2017,MINNESOTA,27,EAST CENTRAL,CROW WING,35, (D)
2017,MINNESOTA,27,EAST CENTRAL,HENNEPIN,53, (D)
2017,MINNESOTA,27,EAST CENTRAL,ISANTI,59, (D)
2017,MINNESOTA,27,EAST CENTRAL,RAMSEY,123, (D)
2017,MINNESOTA,27,EAST CENTRAL,WASHINGTON,163, (D)
2017,MINNESOTA,27,NORTH CENTRAL,BELTRAMI,7, (D)
2017,MINNESOTA,27,NORTH CENTRAL,CASS,21, (D)
2017,MINNESOTA,27,NORTH CENTRAL,HUBBARD,57,254049.00
2017,MINNESOTA,27,NORTH CENTRAL,LAKE OF THE WOODS,77, (D)
2017,MINNESOTA,27,NORTHWEST,BECKER,5,119752.00
2017,MINNESOTA,27,NORTHWEST,CLAY,27,24770.00
2017,MINNESOTA,27,NORTHWEST,KITTSON,69,16685.00
2017,MINNESOTA,27,NORTHWEST,MAHNOMEN,87,80919.00
2017,MINNESOTA,27,NORTHWEST,MARSHALL,89,119010.00
2017,MINNESOTA,27,NORTHWEST,NORMAN,107,86205.00
2017,MINNESOTA,27,NORTHWEST,PENNINGTON,113,38780.00
2017,MINNESOTA,27,NORTHWEST,POLK,119,826136.00
2017,MINNESOTA,27,NORTHWEST,RED LAKE,125,71062.00
2017,MINNESOTA,27,SOUTH CENTRAL,FARIBAULT,43, (D)
2017,MINNESOTA,27,SOUTH CENTRAL,FREEBORN,47, (D)
2017,MINNESOTA,27,SOUTH CENTRAL,STEELE,147, (D)
2017,MINNESOTA,27,SOUTH CENTRAL,WASECA,161, (D)
2017,MINNESOTA,27,SOUTHEAST,DAKOTA,37, (D)
2017,MINNESOTA,27,SOUTHEAST,DODGE,39, (D)
2017,MINNESOTA,27,SOUTHEAST,GOODHUE,49, (D)
2017,MINNESOTA,27,SOUTHEAST,HOUSTON,55, (D)
2017,MINNESOTA,27,SOUTHEAST,OLMSTED,109, (D)
2017,MINNESOTA,27,SOUTHEAST,WABASHA,157, (D)
2017,MINNESOTA,27,SOUTHEAST,WINONA,169,990.00
2017,MINNESOTA,27,SOUTHWEST,LYON,83, (D)
2017,MINNESOTA,27,WEST CENTRAL,BIG STONE,11, (D)
2017,MINNESOTA,27,WEST CENTRAL,CHIPPEWA,23,163565.00
2017,MINNESOTA,27,WEST CENTRAL,DOUGLAS,41,6840.00
2017,MINNESOTA,27,WEST CENTRAL,GRANT,51,52858.00
2017,MINNESOTA,27,WEST CENTRAL,LAC QUI PARLE,73,11298.00
2017,MINNESOTA,27,WEST CENTRAL,OTTER TAIL,111,295160.00
2017,MINNESOTA,27,WEST CENTRAL,POPE,121,142647.00
2017,MINNESOTA,27,WEST CENTRAL,STEVENS,149,215982.00
2017,MINNESOTA,27,WEST CENTRAL,SWIFT,151,116837.00
2017,MINNESOTA,27,WEST CENTRAL,TRAVERSE,155, (D)
2017,MINNESOTA,27,WEST CENTRAL,WILKIN,167,13507.00
2017,MINNESOTA,27,WEST CENTRAL,YELLOW MEDICINE,173,7336.00
2017,MONTANA,30,CENTRAL,WHEATLAND,107, (D)
2017,MONTANA,30,NORTH CENTRAL,PONDERA,73, (D)
2017,MONTANA,30,NORTH CENTRAL,TETON,99, (D)
2017,MONTANA,30,NORTH CENTRAL,TOOLE,101, (D)
2017,MONTANA,30,NORTHEAST,DAWSON,21,48925.00
2017,MONTANA,30,NORTHEAST,RICHLAND,83, (D)
2017,MONTANA,30,NORTHEAST,ROOSEVELT,85, (D)
2017,MONTANA,30,NORTHEAST,VALLEY,105, (D)
2017,MONTANA,30,NORTHWEST,RAVALLI,81, (D)
2017,MONTANA,30,NORTHWEST,SANDERS,89, (D)
2017,MONTANA,30,SOUTH CENTRAL,BIG HORN,3, (D)
2017,MONTANA,30,SOUTH CENTRAL,CARBON,9,14918.00
2017,MONTANA,30,SOUTH CENTRAL,STILLWATER,95, (D)
2017,MONTANA,30,SOUTH CENTRAL,YELLOWSTONE,111, (D)
2017,MONTANA,30,SOUTHEAST,CUSTER,17, (D)
2017,MONTANA,30,SOUTHEAST,FALLON,25, (D)
2017,MONTANA,30,SOUTHEAST,PRAIRIE,79,14352.00
2017,MONTANA,30,SOUTHEAST,ROSEBUD,87, (D)
2017,MONTANA,30,SOUTHWEST,GALLATIN,31, (D)
2017,NEBRASKA,31,NORTH,CHERRY,31,87978.00
2017,NEBRASKA,31,NORTH,HOLT,89, (D)
2017,NEBRASKA,31,NORTH,KEYA PAHA,103, (D)
2017,NEBRASKA,31,NORTHEAST,ANTELOPE,3, (D)
2017,NEBRASKA,31,NORTHWEST,BANNER,7,90854.00
2017,NEBRASKA,31,NORTHWEST,BOX BUTTE,13,690708.00
2017,NEBRASKA,31,NORTHWEST,CHEYENNE,33,216982.00
2017,NEBRASKA,31,NORTHWEST,DAWES,45,8895.00
2017,NEBRASKA,31,NORTHWEST,DEUEL,49,7820.00
2017,NEBRASKA,31,NORTHWEST,GARDEN,69,50392.00
2017,NEBRASKA,31,NORTHWEST,KIMBALL,105,64367.00
2017,NEBRASKA,31,NORTHWEST,MORRILL,123,483895.00
2017,NEBRASKA,31,NORTHWEST,SCOTTS BLUFF,157,1079223.00
2017,NEBRASKA,31,NORTHWEST,SHERIDAN,161,216956.00
2017,NEBRASKA,31,NORTHWEST,SIOUX,165,112208.00
2017,NEBRASKA,31,SOUTHWEST,CHASE,29,238631.00
2017,NEBRASKA,31,SOUTHWEST,DUNDY,57, (D)
2017,NEBRASKA,31,SOUTHWEST,HAYES,85,75056.00
2017,NEBRASKA,31,SOUTHWEST,KEITH,101,58422.00
2017,NEBRASKA,31,SOUTHWEST,LINCOLN,111,130079.00
2017,NEBRASKA,31,SOUTHWEST,PERKINS,135,50879.00
2017,NEVADA,32,NORTHWEST,PERSHING,27,12000.00
2017,NEW JERSEY,34,CENTRAL,MONMOUTH,25, (D)
2017,NEW MEXICO,35,NORTHEAST,QUAY,37, (D)
2017,NEW MEXICO,35,NORTHEAST,TORRANCE,57,22202.00
2017,NEW MEXICO,35,NORTHWEST,BERNALILLO,1, (D)
2017,NEW MEXICO,35,NORTHWEST,MCKINLEY,31,216.00
2017,NEW MEXICO,35,NORTHWEST,RIO ARRIBA,39,425.00
2017,NEW MEXICO,35,NORTHWEST,SAN JUAN,45, (D)
2017,NEW MEXICO,35,NORTHWEST,SANTA FE,49, (D)
2017,NEW MEXICO,35,NORTHWEST,TAOS,55,600.00
2017,NEW MEXICO,35,NORTHWEST,VALENCIA,61, (D)
2017,NEW MEXICO,35,SOUTHEAST,DONA ANA,13, (D)
2017,NEW MEXICO,35,SOUTHEAST,EDDY,15, (D)
2017,NEW MEXICO,35,SOUTHWEST,LUNA,29, (D)
2017,NEW YORK,36,CENTRAL,CAYUGA,11,4661.00
2017,NEW YORK,36,CENTRAL,HERKIMER,43, (D)
2017,NEW YORK,36,CENTRAL,MADISON,53, (D)
2017,NEW YORK,36,CENTRAL,ONEIDA,65, (D)
2017,NEW YORK,36,CENTRAL,OSWEGO,75, (D)
2017,NEW YORK,36,CENTRAL,OTSEGO,77, (D)
2017,NEW YORK,36,NORTHEAST,ESSEX,31,51.00
2017,NEW YORK,36,SOUTHEAST,COLUMBIA,21, (D)
2017,NEW YORK,36,SOUTHEAST,ORANGE,71, (D)
2017,NEW YORK,36,SOUTHWEST,STEUBEN,101,27065.00
2017,NEW YORK,36,WESTERN,ERIE,29,3470.00
2017,NEW YORK,36,WESTERN,GENESEE,37,31590.00
2017,NEW YORK,36,WESTERN,LIVINGSTON,51,80353.00
2017,NEW YORK,36,WESTERN,MONROE,55,61712.00
2017,NEW YORK,36,WESTERN,NIAGARA,63, (D)
2017,NEW YORK,36,WESTERN,ONTARIO,69,7734.00
2017,NEW YORK,36,WESTERN,SENECA,99, (D)
2017,NEW YORK,36,WESTERN,WAYNE,117, (D)
2017,NEW YORK,36,WESTERN,WYOMING,121, (D)
2017,NEW YORK,36,WESTERN,YATES,123,11227.00
2017,NORTH CAROLINA,37,NORTHERN PIEDMONT,STOKES,169, (D)
2017,NORTH CAROLINA,37,WESTERN MOUNTAIN,BUNCOMBE,21, (D)
2017,NORTH DAKOTA,38,CENTRAL,EDDY,27,175878.00
2017,NORTH DAKOTA,38,CENTRAL,FOSTER,31,86711.00
2017,NORTH DAKOTA,38,CENTRAL,KIDDER,43, (D)
2017,NORTH DAKOTA,38,CENTRAL,SHERIDAN,83,70685.00
2017,NORTH DAKOTA,38,CENTRAL,STUTSMAN,93,494642.00
2017,NORTH DAKOTA,38,CENTRAL,WELLS,103,782675.00
2017,NORTH DAKOTA,38,EAST CENTRAL,BARNES,3,222622.00
2017,NORTH DAKOTA,38,EAST CENTRAL,CASS,17,237664.00
2017,NORTH DAKOTA,38,EAST CENTRAL,GRIGGS,39,296594.00
2017,NORTH DAKOTA,38,EAST CENTRAL,STEELE,91,1111273.00
2017,NORTH DAKOTA,38,EAST CENTRAL,TRAILL,97,721328.00
2017,NORTH DAKOTA,38,NORTH CENTRAL,BENSON,5,656426.00
2017,NORTH DAKOTA,38,NORTH CENTRAL,BOTTINEAU,9, (D)
2017,NORTH DAKOTA,38,NORTH CENTRAL,MCHENRY,49,25764.00
2017,NORTH DAKOTA,38,NORTH CENTRAL,PIERCE,69,133186.00
2017,NORTH DAKOTA,38,NORTHEAST,CAVALIER,19,333735.00
2017,NORTH DAKOTA,38,NORTHEAST,GRAND FORKS,35,1695070.00
2017,NORTH DAKOTA,38,NORTHEAST,NELSON,63,415943.00
2017,NORTH DAKOTA,38,NORTHEAST,PEMBINA,67,848692.00
2017,NORTH DAKOTA,38,NORTHEAST,RAMSEY,71,558635.00
2017,NORTH DAKOTA,38,NORTHEAST,TOWNER,95,366110.00
2017,NORTH DAKOTA,38,NORTHEAST,WALSH,99,1610351.00
2017,NORTH DAKOTA,38,NORTHWEST,BURKE,13, (D)
2017,NORTH DAKOTA,38,NORTHWEST,DIVIDE,23,8148.00
2017,NORTH DAKOTA,38,NORTHWEST,MOUNTRAIL,61,8560.00
2017,NORTH DAKOTA,38,NORTHWEST,RENVILLE,75, (D)
2017,NORTH DAKOTA,38,NORTHWEST,WARD,101,36750.00
2017,NORTH DAKOTA,38,NORTHWEST,WILLIAMS,105,21013.00
2017,NORTH DAKOTA,38,SOUTH CENTRAL,BURLEIGH,15,43056.00
2017,NORTH DAKOTA,38,SOUTH CENTRAL,EMMONS,29, (D)
2017,NORTH DAKOTA,38,SOUTH CENTRAL,MORTON,59, (D)
2017,NORTH DAKOTA,38,SOUTHEAST,DICKEY,21,76425.00
2017,NORTH DAKOTA,38,SOUTHEAST,LA MOURE,45,168849.00
2017,NORTH DAKOTA,38,SOUTHEAST,LOGAN,47, (D)
2017,NORTH DAKOTA,38,SOUTHEAST,MCINTOSH,51, (D)
2017,NORTH DAKOTA,38,SOUTHEAST,RANSOM,73,298567.00
2017,NORTH DAKOTA,38,SOUTHEAST,RICHLAND,77,202910.00
2017,NORTH DAKOTA,38,SOUTHEAST,SARGENT,81,56363.00
2017,NORTH DAKOTA,38,SOUTHWEST,STARK,89,36570.00
2017,NORTH DAKOTA,38,WEST CENTRAL,MCKENZIE,53,17597.00
2017,NORTH DAKOTA,38,WEST CENTRAL,MCLEAN,55,400181.00
2017,NORTH DAKOTA,38,WEST CENTRAL,MERCER,57, (D)
2017,NORTH DAKOTA,38,WEST CENTRAL,OLIVER,65,46946.00
2017,OHIO,39,NORTHWEST,PAULDING,125, (D)
2017,OHIO,39,WEST CENTRAL,DARKE,37, (D)
2017,OHIO,39,WEST CENTRAL,LOGAN,91, (D)
2017,OKLAHOMA,40,EAST CENTRAL,CHEROKEE,21, (D)
2017,OKLAHOMA,40,SOUTHWEST,JACKSON,65, (D)
2017,OKLAHOMA,40,SOUTHWEST,KIOWA,75, (D)
2017,OKLAHOMA,40,WEST CENTRAL,BLAINE,11, (D)
2017,OKLAHOMA,40,WEST CENTRAL,WASHITA,149,2244.00
2017,OREGON,41,NORTHEAST,BAKER,1, (D)
2017,OREGON,41,NORTHEAST,UMATILLA,59,32715.00
2017,OREGON,41,NORTHWEST,CLACKAMAS,5, (D)
2017,OREGON,41,NORTHWEST,LANE,39,344.00
2017,OREGON,41,NORTHWEST,LINN,43, (D)
2017,OREGON,41,NORTHWEST,MARION,47, (D)
2017,OREGON,41,NORTHWEST,MULTNOMAH,51,75.00
2017,OREGON,41,NORTHWEST,WASHINGTON,67,150.00
2017,OREGON,41,SOUTHEAST,JEFFERSON,31, (D)
2017,OREGON,41,SOUTHEAST,MALHEUR,45,163687.00
2017,OREGON,41,SOUTHWEST,DOUGLAS,19,48.00
2017,OREGON,41,SOUTHWEST,JACKSON,29,60.00
2017,OREGON,41,SOUTHWEST,JOSEPHINE,33, (D)
2017,PENNSYLVANIA,42,CENTRAL,CENTRE,27, (D)
2017,PENNSYLVANIA,42,CENTRAL,SNYDER,109, (D)
2017,PENNSYLVANIA,42,SOUTH CENTRAL,YORK,133, (D)
2017,PENNSYLVANIA,42,SOUTHEASTERN,LANCASTER,71, (D)
2017,PENNSYLVANIA,42,SOUTHWESTERN,WASHINGTON,125, (D)
2017,PENNSYLVANIA,42,WEST CENTRAL,BUTLER,19, (D)
2017,SOUTH DAKOTA,46,NORTH CENTRAL,BROWN,13,31374.00
2017,SOUTH DAKOTA,46,NORTHEAST,DAY,37, (D)
2017,SOUTH DAKOTA,46,NORTHEAST,GRANT,51, (D)
2017,SOUTH DAKOTA,46,SOUTH CENTRAL,LYMAN,85, (D)
2017,SOUTH DAKOTA,46,SOUTHEAST,TURNER,125, (D)
2017,SOUTH DAKOTA,46,SOUTHWEST,BENNETT,7, (D)
2017,SOUTH DAKOTA,46,WEST CENTRAL,HAAKON,55,33453.00
2017,TENNESSEE,47,EAST TENNESSEE,POLK,139, (D)
2017,TEXAS,48,CROSS TIMBERS,BROWN,49, (D)
2017,TEXAS,48,CROSS TIMBERS,JACK,237,20.00
2017,TEXAS,48,EAST TEXAS NORTH,ANDERSON,1,24.00
2017,TEXAS,48,EAST TEXAS NORTH,CAMP,63,300.00
2017,TEXAS,48,EAST TEXAS NORTH,CHEROKEE,73, (D)
2017,TEXAS,48,EAST TEXAS NORTH,HENDERSON,213, (D)
2017,TEXAS,48,EAST TEXAS NORTH,HOUSTON,225,18.00
2017,TEXAS,48,EAST TEXAS SOUTH,ANGELINA,5,24.00
2017,TEXAS,48,EAST TEXAS SOUTH,GRIMES,185,10.00
2017,TEXAS,48,EAST TEXAS SOUTH,HARDIN,199, (D)
2017,TEXAS,48,EAST TEXAS SOUTH,TRINITY,455, (D)
2017,TEXAS,48,NORTHERN HIGH PLAINS,DEAF SMITH,117, (D)
2017,TEXAS,48,NORTHERN HIGH PLAINS,SHERMAN,421, (D)
2017,TEXAS,48,NORTHERN LOW PLAINS,COLLINGSWORTH,87, (D)
2017,TEXAS,48,NORTHERN LOW PLAINS,HARDEMAN,197, (D)
2017,TEXAS,48,NORTHERN LOW PLAINS,WILBARGER,487, (D)
2017,TEXAS,48,SOUTH TEXAS,FRIO,163, (D)
2017,TEXAS,48,SOUTHERN HIGH PLAINS,GAINES,165, (D)
2017,TEXAS,48,SOUTHERN HIGH PLAINS,HOCKLEY,219, (D)
2017,TEXAS,48,SOUTHERN HIGH PLAINS,LAMB,279, (D)
2017,TEXAS,48,SOUTHERN LOW PLAINS,JONES,253, (D)
2017,TEXAS,48,UPPER COAST,CHAMBERS,71, (D)
2017,TEXAS,48,UPPER COAST,ORANGE,361, (D)
2017,TEXAS,48,UPPER COAST,VICTORIA,469, (D)
2017,UTAH,49,EASTERN,SAN JUAN,37, (D)
2017,UTAH,49,NORTHERN,BOX ELDER,3, (D)
2017,UTAH,49,NORTHERN,DAVIS,11,15.00
2017,UTAH,49,NORTHERN,SALT LAKE,35, (D)
2017,UTAH,49,NORTHERN,WEBER,57, (D)
2017,VERMONT,50,ALL COUNTIES,GRAND ISLE,13, (D)
2017,VERMONT,50,ALL COUNTIES,ORANGE,17, (D)
2017,VERMONT,50,ALL COUNTIES,RUTLAND,21, (D)
2017,VIRGINIA,51,CENTRAL,CHESTERFIELD,41, (D)
2017,VIRGINIA,51,NORTHERN,ROCKINGHAM,165, (D)
2017,VIRGINIA,51,SOUTHERN,PITTSYLVANIA,143, (D)
2017,VIRGINIA,51,SOUTHWESTERN,SCOTT,169, (D)
2017,VIRGINIA,51,SOUTHWESTERN,WISE,195, (D)
2017,WASHINGTON,53,CENTRAL,BENTON,5, (D)
2017,WASHINGTON,53,CENTRAL,KITTITAS,37, (D)
2017,WASHINGTON,53,CENTRAL,KLICKITAT,39, (D)
2017,WASHINGTON,53,CENTRAL,YAKIMA,77, (D)
2017,WASHINGTON,53,EAST CENTRAL,ADAMS,1,141035.00
2017,WASHINGTON,53,EAST CENTRAL,FRANKLIN,21,89512.00
2017,WASHINGTON,53,EAST CENTRAL,GRANT,25,538529.00
2017,WASHINGTON,53,EAST CENTRAL,LINCOLN,43, (D)
2017,WASHINGTON,53,NORTHEAST,SPOKANE,63, (D)
2017,WASHINGTON,53,NORTHEAST,STEVENS,65, (D)
2017,WASHINGTON,53,SOUTHEAST,COLUMBIA,13, (D)
2017,WASHINGTON,53,SOUTHEAST,WALLA WALLA,71, (D)
2017,WASHINGTON,53,SOUTHEAST,WHITMAN,75,20838.00
2017,WASHINGTON,53,WESTERN,CLALLAM,9, (D)
2017,WASHINGTON,53,WESTERN,CLARK,11, (D)
2017,WASHINGTON,53,WESTERN,KING,33, (D)
2017,WASHINGTON,53,WESTERN,KITSAP,35,48.00
2017,WASHINGTON,53,WESTERN,SAN JUAN,55, (D)
2017,WASHINGTON,53,WESTERN,SKAGIT,57, (D)
2017,WASHINGTON,53,WESTERN,SNOHOMISH,61,96.00
2017,WASHINGTON,53,WESTERN,WHATCOM,73, (D)
2017,WISCONSIN,55,CENTRAL,ADAMS,1, (D)
2017,WISCONSIN,55,NORTH CENTRAL,TAYLOR,119, (D)
2017,WISCONSIN,55,NORTHWEST,CHIPPEWA,17, (D)
2017,WISCONSIN,55,SOUTH CENTRAL,COLUMBIA,21, (D)
2017,WISCONSIN,55,SOUTH CENTRAL,ROCK,105, (D)
2017,WISCONSIN,55,SOUTHWEST,CRAWFORD,23, (D)
2017,WISCONSIN,55,SOUTHWEST,VERNON,123, (D)
2017,WISCONSIN,55,WEST CENTRAL,DUNN,33,102650.00
2017,WYOMING,56,NORTHEAST,SHERIDAN,33, (D)
2017,WYOMING,56,NORTHWEST,BIG HORN,3,268191.00
2017,WYOMING,56,NORTHWEST,FREMONT,13,27013.00
2017,WYOMING,56,NORTHWEST,PARK,29,226247.00
2017,WYOMING,56,NORTHWEST,WASHAKIE,43, (D)
2017,WYOMING,56,SOUTH CENTRAL,ALBANY,1, (D)
2017,WYOMING,56,SOUTH CENTRAL,NATRONA,25, (D)
2017,WYOMING,56,SOUTHEAST,CONVERSE,9, (D)
2017,WYOMING,56,SOUTHEAST,GOSHEN,15,202692.00
2017,WYOMING,56,SOUTHEAST,LARAMIE,21,106523.00
2017,WYOMING,56,SOUTHEAST,PLATTE,31,60706.00
2017,WYOMING,56,WEST,UINTA,41, (D)