State,State ANSI,Ag District,Ag District Code,County,County ANSI,oats_bu
ALABAMA,1,BLACK BELT,40,AUTAUGA,1, (D)
ALABAMA,1,BLACK BELT,40,MACON,87, (D)
ALABAMA,1,BLACK BELT,40,MONTGOMERY,101, (D)
ALABAMA,1,BLACK BELT,40,SUMTER,119,240.00
ALABAMA,1,COASTAL PLAINS & GULF COAST,50,BALDWIN,3,228552.00
ALABAMA,1,COASTAL PLAINS & GULF COAST,50,BUTLER,13,1450.00
ALABAMA,1,COASTAL PLAINS & GULF COAST,50,CLARKE,25, (D)
ALABAMA,1,COASTAL PLAINS & GULF COAST,50,CONECUH,35,57640.00
ALABAMA,1,COASTAL PLAINS & GULF COAST,50,ESCAMBIA,53,560.00
ALABAMA,1,COASTAL PLAINS & GULF COAST,50,MOBILE,97, (D)
ALABAMA,1,COASTAL PLAINS & GULF COAST,50,MONROE,99, (D)
ALABAMA,1,MOUNTAINS & EASTERN VALLEY,20,BLOUNT,9, (D)
ALABAMA,1,MOUNTAINS & EASTERN VALLEY,20,DE KALB,49,28140.00
ALABAMA,1,MOUNTAINS & EASTERN VALLEY,20,JACKSON,71, (D)
ALABAMA,1,NORTHERN VALLEY,10,LAUDERDALE,77, (D)
ALABAMA,1,NORTHERN VALLEY,10,LAWRENCE,79, (D)
ALABAMA,1,WIREGRASS,60,BARBOUR,5,10460.00
ALABAMA,1,WIREGRASS,60,COFFEE,31,30170.00
ALABAMA,1,WIREGRASS,60,COVINGTON,39,31600.00
ALABAMA,1,WIREGRASS,60,CRENSHAW,41, (D)
ALABAMA,1,WIREGRASS,60,DALE,45,31332.00
ALABAMA,1,WIREGRASS,60,GENEVA,61,34880.00
ALABAMA,1,WIREGRASS,60,HENRY,67,22440.00
ALABAMA,1,WIREGRASS,60,HOUSTON,69,23600.00
ALABAMA,1,WIREGRASS,60,PIKE,109, (D)
ALASKA,2,MATANUSKA-SUSITNA-ANCHORAGE,20,ANCHORAGE,,3000.00
ALASKA,2,TANANA VALLEY,10,FAIRBANKS NORTH STAR,,57300.00
ARIZONA,4,SOUTHERN,80,MARICOPA,13, (D)
ARIZONA,4,SOUTHERN,80,PINAL,21, (D)
ARKANSAS,5,CENTRAL,50,FAULKNER,45, (D)
ARKANSAS,5,EAST CENTRAL,60,ARKANSAS,1,46250.00
ARKANSAS,5,EAST CENTRAL,60,LEE,77, (D)
ARKANSAS,5,EAST CENTRAL,60,LONOKE,85, (D)
ARKANSAS,5,EAST CENTRAL,60,MONROE,95, (D)
ARKANSAS,5,EAST CENTRAL,60,PRAIRIE,117,126032.00
ARKANSAS,5,EAST CENTRAL,60,SAINT FRANCIS,123, (D)
ARKANSAS,5,EAST CENTRAL,60,WOODRUFF,147,18540.00
ARKANSAS,5,NORTHEAST,30,CLAY,21, (D)
ARKANSAS,5,NORTHEAST,30,GREENE,55, (D)
ARKANSAS,5,SOUTHEAST,90,ASHLEY,3,226100.00
ARKANSAS,5,SOUTHEAST,90,DESHA,41, (D)
ARKANSAS,5,SOUTHEAST,90,JEFFERSON,69, (D)
ARKANSAS,5,SOUTHEAST,90,LINCOLN,79, (D)
CALIFORNIA,6,CENTRAL COAST,40,LAKE,33, (D)
CALIFORNIA,6,CENTRAL COAST,40,NAPA,55, (D)
CALIFORNIA,6,CENTRAL COAST,40,SAN BENITO,69, (D)
CALIFORNIA,6,CENTRAL COAST,40,SAN LUIS OBISPO,79,10918.00
CALIFORNIA,6,CENTRAL COAST,40,SAN MATEO,81,7456.00
CALIFORNIA,6,CENTRAL COAST,40,SONOMA,97,46849.00
CALIFORNIA,6,NORTHEAST,30,MODOC,49, (D)
CALIFORNIA,6,NORTHEAST,30,PLUMAS,63, (D)
CALIFORNIA,6,SACRAMENTO VALLEY,50,GLENN,21, (D)
CALIFORNIA,6,SACRAMENTO VALLEY,50,SACRAMENTO,67, (D)
CALIFORNIA,6,SACRAMENTO VALLEY,50,SOLANO,95, (D)
CALIFORNIA,6,SACRAMENTO VALLEY,50,SUTTER,101,17549.00
CALIFORNIA,6,SACRAMENTO VALLEY,50,TEHAMA,103, (D)
CALIFORNIA,6,SACRAMENTO VALLEY,50,YOLO,113,20273.00
CALIFORNIA,6,SAN JOAQUIN VALLEY,51,FRESNO,19,24808.00
CALIFORNIA,6,SAN JOAQUIN VALLEY,51,KERN,29,91566.00
CALIFORNIA,6,SAN JOAQUIN VALLEY,51,KINGS,31,2025.00
CALIFORNIA,6,SAN JOAQUIN VALLEY,51,MADERA,39,15128.00
CALIFORNIA,6,SAN JOAQUIN VALLEY,51,MERCED,47,49134.00
CALIFORNIA,6,SAN JOAQUIN VALLEY,51,SAN JOAQUIN,77,186404.00
CALIFORNIA,6,SAN JOAQUIN VALLEY,51,STANISLAUS,99,76451.00
CALIFORNIA,6,SAN JOAQUIN VALLEY,51,TULARE,107,44072.00
CALIFORNIA,6,SISKIYOU-SHASTA,20,SISKIYOU,93,15040.00
CALIFORNIA,6,SOUTHERN CALIFORNIA,80,IMPERIAL,25,29872.00
CALIFORNIA,6,SOUTHERN CALIFORNIA,80,LOS ANGELES,37, (D)
CALIFORNIA,6,SOUTHERN CALIFORNIA,80,RIVERSIDE,65, (D)
CALIFORNIA,6,SOUTHERN CALIFORNIA,80,SAN DIEGO,73,6365.00
COLORADO,8,EAST CENTRAL,60,DOUGLAS,35, (D)
COLORADO,8,EAST CENTRAL,60,ELBERT,39,8206.00
COLORADO,8,EAST CENTRAL,60,KIT CARSON,63,35257.00
COLORADO,8,EAST CENTRAL,60,WASHINGTON,121, (D)
COLORADO,8,NORTHEAST,20,BOULDER,13, (D)
COLORADO,8,NORTHEAST,20,LARIMER,69, (D)
COLORADO,8,NORTHEAST,20,LOGAN,75,24791.00
COLORADO,8,NORTHEAST,20,MORGAN,87, (D)
COLORADO,8,NORTHEAST,20,WELD,123,59945.00
COLORADO,8,NORTHWEST AND MOUNTAIN,10,MOFFAT,81, (D)
COLORADO,8,SAN LUIS VALLEY,80,ALAMOSA,3,46000.00
COLORADO,8,SAN LUIS VALLEY,80,CONEJOS,21,83800.00
COLORADO,8,SAN LUIS VALLEY,80,RIO GRANDE,105, (D)
COLORADO,8,SAN LUIS VALLEY,80,SAGUACHE,109, (D)
COLORADO,8,SOUTHEAST,90,BACA,9, (D)
COLORADO,8,SOUTHEAST,90,BENT,11, (D)
COLORADO,8,SOUTHEAST,90,PROWERS,99, (D)
COLORADO,8,SOUTHEAST,90,PUEBLO,101, (D)
COLORADO,8,SOUTHWEST,70,DELTA,29,5450.00
COLORADO,8,SOUTHWEST,70,GARFIELD,45, (D)
COLORADO,8,SOUTHWEST,70,LA PLATA,67,48756.00
COLORADO,8,SOUTHWEST,70,MESA,77,19000.00
COLORADO,8,SOUTHWEST,70,MONTROSE,85,7980.00
CONNECTICUT,9,ALL COUNTIES,10,LITCHFIELD,5, (D)
DELAWARE,10,CENTRAL,50,KENT,1, (D)
DELAWARE,10,SOUTHERN,80,SUSSEX,5, (D)
FLORIDA,12,CENTRAL,50,ALACHUA,1, (D)
FLORIDA,12,CENTRAL,50,HILLSBOROUGH,57, (D)
FLORIDA,12,CENTRAL,50,LEVY,75, (D)
FLORIDA,12,CENTRAL,50,MARION,83, (D)
FLORIDA,12,NORTHEAST,30,HAMILTON,47, (D)
FLORIDA,12,NORTHEAST,30,LAFAYETTE,67,26861.00
FLORIDA,12,NORTHEAST,30,MADISON,79, (D)
FLORIDA,12,NORTHEAST,30,SUWANNEE,121, (D)
FLORIDA,12,NORTHWEST,10,HOLMES,59,7900.00
FLORIDA,12,NORTHWEST,10,JACKSON,63,60025.00
FLORIDA,12,NORTHWEST,10,OKALOOSA,91, (D)
FLORIDA,12,NORTHWEST,10,SANTA ROSA,113,5500.00
GEORGIA,13,CENTRAL,50,BLECKLEY,23,2400.00
GEORGIA,13,CENTRAL,50,DODGE,91, (D)
GEORGIA,13,CENTRAL,50,JASPER,159, (D)
GEORGIA,13,CENTRAL,50,JOHNSON,167, (D)
GEORGIA,13,CENTRAL,50,LAURENS,175,5025.00
GEORGIA,13,CENTRAL,50,MONTGOMERY,209, (D)
GEORGIA,13,CENTRAL,50,NEWTON,217, (D)
GEORGIA,13,CENTRAL,50,WASHINGTON,303,6420.00
GEORGIA,13,CENTRAL,50,WHEELER,309,4075.00
GEORGIA,13,EAST CENTRAL,60,BULLOCH,31,11591.00
GEORGIA,13,EAST CENTRAL,60,BURKE,33,40981.00
GEORGIA,13,EAST CENTRAL,60,COLUMBIA,73, (D)
GEORGIA,13,EAST CENTRAL,60,GLASCOCK,125, (D)
GEORGIA,13,EAST CENTRAL,60,JEFFERSON,163,22956.00
GEORGIA,13,EAST CENTRAL,60,JENKINS,165,18250.00
GEORGIA,13,EAST CENTRAL,60,RICHMOND,245, (D)
GEORGIA,13,EAST CENTRAL,60,SCREVEN,251,23322.00
GEORGIA,13,EAST CENTRAL,60,WARREN,301,450.00
GEORGIA,13,NORTH CENTRAL,20,JACKSON,157, (D)
GEORGIA,13,NORTH CENTRAL,20,OCONEE,219, (D)
GEORGIA,13,NORTH CENTRAL,20,WALTON,297,2800.00
GEORGIA,13,NORTHEAST,30,BANKS,11, (D)
GEORGIA,13,NORTHEAST,30,HART,147, (D)
GEORGIA,13,NORTHEAST,30,MADISON,195,25535.00
GEORGIA,13,NORTHEAST,30,OGLETHORPE,221, (D)
GEORGIA,13,NORTHWEST,10,BARTOW,15,2480.00
GEORGIA,13,NORTHWEST,10,GORDON,129, (D)
GEORGIA,13,SOUTH CENTRAL,80,ATKINSON,3, (D)
GEORGIA,13,SOUTH CENTRAL,80,BERRIEN,19, (D)
GEORGIA,13,SOUTH CENTRAL,80,COFFEE,69,42000.00
GEORGIA,13,SOUTH CENTRAL,80,COLQUITT,71,11499.00
GEORGIA,13,SOUTH CENTRAL,80,COOK,75, (D)
GEORGIA,13,SOUTH CENTRAL,80,CRISP,81, (D)
GEORGIA,13,SOUTH CENTRAL,80,LANIER,173, (D)
GEORGIA,13,SOUTH CENTRAL,80,LOWNDES,185,900.00
GEORGIA,13,SOUTH CENTRAL,80,TELFAIR,271,6090.00
GEORGIA,13,SOUTH CENTRAL,80,TIFT,277, (D)
GEORGIA,13,SOUTH CENTRAL,80,TURNER,287,10331.00
GEORGIA,13,SOUTH CENTRAL,80,WILCOX,315, (D)
GEORGIA,13,SOUTH CENTRAL,80,WORTH,321,13195.00
GEORGIA,13,SOUTHEAST,90,BACON,5, (D)
GEORGIA,13,SOUTHEAST,90,BRYAN,29, (D)
GEORGIA,13,SOUTHEAST,90,TATTNALL,267, (D)
GEORGIA,13,SOUTHEAST,90,TOOMBS,279, (D)
GEORGIA,13,SOUTHEAST,90,WARE,299, (D)
GEORGIA,13,SOUTHEAST,90,WAYNE,305, (D)
GEORGIA,13,SOUTHWEST,70,BAKER,7, (D)
GEORGIA,13,SOUTHWEST,70,CALHOUN,37, (D)
GEORGIA,13,SOUTHWEST,70,DECATUR,87,47255.00
GEORGIA,13,SOUTHWEST,70,EARLY,99,13572.00
GEORGIA,13,SOUTHWEST,70,GRADY,131,23383.00
GEORGIA,13,SOUTHWEST,70,LEE,177, (D)
GEORGIA,13,SOUTHWEST,70,MILLER,201, (D)
GEORGIA,13,SOUTHWEST,70,MITCHELL,205,48895.00
GEORGIA,13,SOUTHWEST,70,RANDOLPH,243, (D)
GEORGIA,13,SOUTHWEST,70,SEMINOLE,253, (D)
GEORGIA,13,SOUTHWEST,70,SUMTER,261, (D)
GEORGIA,13,SOUTHWEST,70,TERRELL,273, (D)
GEORGIA,13,SOUTHWEST,70,WEBSTER,307, (D)
GEORGIA,13,WEST CENTRAL,40,COWETA,77,25350.00
GEORGIA,13,WEST CENTRAL,40,MARION,197, (D)
GEORGIA,13,WEST CENTRAL,40,SPALDING,255, (D)
GEORGIA,13,WEST CENTRAL,40,TAYLOR,269,19500.00
GEORGIA,13,WEST CENTRAL,40,UPSON,293, (D)
IDAHO,16,EAST,90,BANNOCK,5,4150.00
IDAHO,16,EAST,90,BEAR LAKE,7,21938.00
IDAHO,16,EAST,90,BINGHAM,11,2393.00
IDAHO,16,EAST,90,BONNEVILLE,19, (D)
IDAHO,16,EAST,90,BUTTE,23,22172.00
IDAHO,16,EAST,90,CARIBOU,29,64361.00
IDAHO,16,EAST,90,CUSTER,37,28524.00
IDAHO,16,EAST,90,FRANKLIN,41, (D)
IDAHO,16,EAST,90,JEFFERSON,51,6092.00
IDAHO,16,EAST,90,MADISON,65,1802.00
IDAHO,16,EAST,90,ONEIDA,71,23400.00
IDAHO,16,EAST,90,TETON,81,38529.00
IDAHO,16,NORTH,10,BENEWAH,9,12000.00
IDAHO,16,NORTH,10,BONNER,17,9355.00
IDAHO,16,NORTH,10,BOUNDARY,21,33041.00
IDAHO,16,NORTH,10,IDAHO,49,24986.00
IDAHO,16,NORTH,10,KOOTENAI,55, (D)
IDAHO,16,NORTH,10,LATAH,57,5400.00
IDAHO,16,NORTH,10,LEWIS,61,22382.00
IDAHO,16,NORTH,10,NEZ PERCE,69,46139.00
IDAHO,16,SOUTH CENTRAL,80,CAMAS,25, (D)
IDAHO,16,SOUTH CENTRAL,80,CASSIA,31,20788.00
IDAHO,16,SOUTH CENTRAL,80,GOODING,47, (D)
IDAHO,16,SOUTH CENTRAL,80,JEROME,53, (D)
IDAHO,16,SOUTH CENTRAL,80,LINCOLN,63, (D)
IDAHO,16,SOUTH CENTRAL,80,MINIDOKA,67, (D)
IDAHO,16,SOUTH CENTRAL,80,TWIN FALLS,83,13100.00
IDAHO,16,SOUTHWEST,70,ADA,1, (D)
IDAHO,16,SOUTHWEST,70,CANYON,27,19900.00
IDAHO,16,SOUTHWEST,70,ELMORE,39, (D)
IDAHO,16,SOUTHWEST,70,GEM,45, (D)
IDAHO,16,SOUTHWEST,70,VALLEY,85, (D)
IDAHO,16,SOUTHWEST,70,WASHINGTON,87, (D)
ILLINOIS,17,CENTRAL,40,DE WITT,39,2200.00
ILLINOIS,17,CENTRAL,40,LOGAN,107, (D)
ILLINOIS,17,CENTRAL,40,MACON,115,8042.00
ILLINOIS,17,CENTRAL,40,MARSHALL,123,18050.00
ILLINOIS,17,CENTRAL,40,MASON,125,12000.00
ILLINOIS,17,CENTRAL,40,MCLEAN,113,14070.00
ILLINOIS,17,CENTRAL,40,PEORIA,143,3600.00
ILLINOIS,17,CENTRAL,40,STARK,175, (D)
ILLINOIS,17,CENTRAL,40,TAZEWELL,179,6322.00
ILLINOIS,17,CENTRAL,40,WOODFORD,203,29930.00
ILLINOIS,17,EAST,50,CHAMPAIGN,19,14459.00
ILLINOIS,17,EAST,50,FORD,53,770.00
ILLINOIS,17,EAST,50,IROQUOIS,75,8463.00
ILLINOIS,17,EAST,50,KANKAKEE,91,2790.00
ILLINOIS,17,EAST,50,LIVINGSTON,105,64451.00
ILLINOIS,17,EAST,50,PIATT,147, (D)
ILLINOIS,17,EAST,50,VERMILION,183,3000.00
ILLINOIS,17,EAST SOUTHEAST,70,CLAY,25,32124.00
ILLINOIS,17,EAST SOUTHEAST,70,DOUGLAS,41,11741.00
ILLINOIS,17,EAST SOUTHEAST,70,EDGAR,45, (D)
ILLINOIS,17,EAST SOUTHEAST,70,EFFINGHAM,49, (D)
ILLINOIS,17,EAST SOUTHEAST,70,FAYETTE,51, (D)
ILLINOIS,17,EAST SOUTHEAST,70,JASPER,79, (D)
ILLINOIS,17,EAST SOUTHEAST,70,MOULTRIE,139,6963.00
ILLINOIS,17,EAST SOUTHEAST,70,RICHLAND,159,5582.00
ILLINOIS,17,EAST SOUTHEAST,70,SHELBY,173, (D)
ILLINOIS,17,NORTHEAST,20,BOONE,7,14008.00
ILLINOIS,17,NORTHEAST,20,COOK,31,1888.00
ILLINOIS,17,NORTHEAST,20,DE KALB,37,432782.00
ILLINOIS,17,NORTHEAST,20,DU PAGE,43, (D)
ILLINOIS,17,NORTHEAST,20,KANE,89,74124.00
ILLINOIS,17,NORTHEAST,20,LA SALLE,99,8900.00
ILLINOIS,17,NORTHEAST,20,LAKE,97,13834.00
ILLINOIS,17,NORTHEAST,20,MCHENRY,111,7396.00
ILLINOIS,17,NORTHEAST,20,WILL,197,46518.00
ILLINOIS,17,NORTHWEST,10,BUREAU,11,6369.00
ILLINOIS,17,NORTHWEST,10,CARROLL,15,17478.00
ILLINOIS,17,NORTHWEST,10,HENRY,73,30746.00
ILLINOIS,17,NORTHWEST,10,JO DAVIESS,85,65393.00
ILLINOIS,17,NORTHWEST,10,LEE,103,12686.00
ILLINOIS,17,NORTHWEST,10,MERCER,131,11092.00
ILLINOIS,17,NORTHWEST,10,OGLE,141,31245.00
ILLINOIS,17,NORTHWEST,10,ROCK ISLAND,161,10460.00
ILLINOIS,17,NORTHWEST,10,STEPHENSON,177,56203.00
ILLINOIS,17,NORTHWEST,10,WHITESIDE,195,23065.00
ILLINOIS,17,NORTHWEST,10,WINNEBAGO,201,7446.00
ILLINOIS,17,SOUTHEAST,90,JEFFERSON,81, (D)
ILLINOIS,17,SOUTHEAST,90,MASSAC,127, (D)
ILLINOIS,17,SOUTHEAST,90,WAYNE,191, (D)
ILLINOIS,17,SOUTHWEST,80,CLINTON,27, (D)
ILLINOIS,17,SOUTHWEST,80,JACKSON,77,600.00
ILLINOIS,17,SOUTHWEST,80,MONROE,133, (D)
ILLINOIS,17,SOUTHWEST,80,PULASKI,153, (D)
ILLINOIS,17,SOUTHWEST,80,RANDOLPH,157, (D)
ILLINOIS,17,SOUTHWEST,80,ST CLAIR,163, (D)
ILLINOIS,17,SOUTHWEST,80,WASHINGTON,189,5539.00
ILLINOIS,17,SOUTHWEST,80,WILLIAMSON,199, (D)
ILLINOIS,17,WEST,30,ADAMS,1,16076.00
ILLINOIS,17,WEST,30,KNOX,95,12380.00
ILLINOIS,17,WEST,30,MCDONOUGH,109,9502.00
ILLINOIS,17,WEST,30,WARREN,187,6817.00
ILLINOIS,17,WEST SOUTHWEST,60,BOND,5,4180.00
ILLINOIS,17,WEST SOUTHWEST,60,CHRISTIAN,21,1560.00
ILLINOIS,17,WEST SOUTHWEST,60,GREENE,61,6480.00
ILLINOIS,17,WEST SOUTHWEST,60,PIKE,149, (D)
ILLINOIS,17,WEST SOUTHWEST,60,SANGAMON,167, (D)
INDIANA,18,CENTRAL,50,DECATUR,31, (D)
INDIANA,18,CENTRAL,50,GRANT,53, (D)
INDIANA,18,CENTRAL,50,HOWARD,67, (D)
INDIANA,18,CENTRAL,50,MORGAN,109, (D)
INDIANA,18,CENTRAL,50,SHELBY,145,860.00
INDIANA,18,EAST CENTRAL,60,HENRY,65,2760.00
INDIANA,18,EAST CENTRAL,60,JAY,75,3025.00
INDIANA,18,EAST CENTRAL,60,RANDOLPH,135, (D)
INDIANA,18,EAST CENTRAL,60,UNION,161, (D)
INDIANA,18,EAST CENTRAL,60,WAYNE,177, (D)
INDIANA,18,NORTH CENTRAL,20,CARROLL,15,3572.00
INDIANA,18,NORTH CENTRAL,20,CASS,17, (D)
INDIANA,18,NORTH CENTRAL,20,ELKHART,39,16068.00
INDIANA,18,NORTH CENTRAL,20,KOSCIUSKO,85,3475.00
INDIANA,18,NORTH CENTRAL,20,MIAMI,103, (D)
INDIANA,18,NORTH CENTRAL,20,WABASH,169, (D)
INDIANA,18,NORTHEAST,30,ADAMS,1,22005.00
INDIANA,18,NORTHEAST,30,ALLEN,3,22450.00
INDIANA,18,NORTHEAST,30,LAGRANGE,87,21593.00
INDIANA,18,NORTHEAST,30,NOBLE,113,1804.00
INDIANA,18,NORTHEAST,30,WHITLEY,183, (D)
INDIANA,18,NORTHWEST,10,BENTON,7, (D)
INDIANA,18,NORTHWEST,10,LA PORTE,91,6680.00
INDIANA,18,NORTHWEST,10,NEWTON,111, (D)
INDIANA,18,NORTHWEST,10,PORTER,127, (D)
INDIANA,18,SOUTH CENTRAL,80,CRAWFORD,25,2615.00
INDIANA,18,SOUTH CENTRAL,80,HARRISON,61, (D)
INDIANA,18,SOUTH CENTRAL,80,JACKSON,71,960.00
INDIANA,18,SOUTH CENTRAL,80,ORANGE,117,5503.00
INDIANA,18,SOUTH CENTRAL,80,WASHINGTON,175, (D)
INDIANA,18,SOUTHEAST,90,CLARK,19, (D)
INDIANA,18,SOUTHEAST,90,JEFFERSON,77, (D)
INDIANA,18,SOUTHEAST,90,SWITZERLAND,155, (D)
INDIANA,18,SOUTHWEST,70,DAVIESS,27,4280.00
INDIANA,18,SOUTHWEST,70,GREENE,55, (D)
INDIANA,18,SOUTHWEST,70,SPENCER,147, (D)
INDIANA,18,SOUTHWEST,70,WARRICK,173, (D)
INDIANA,18,WEST CENTRAL,40,MONTGOMERY,107, (D)
INDIANA,18,WEST CENTRAL,40,PUTNAM,133, (D)
INDIANA,18,WEST CENTRAL,40,TIPPECANOE,157, (D)
IOWA,19,CENTRAL,50,BOONE,15,30262.00
IOWA,19,CENTRAL,50,DALLAS,49,9460.00
IOWA,19,CENTRAL,50,GRUNDY,75,2154.00
IOWA,19,CENTRAL,50,HAMILTON,79,21136.00
IOWA,19,CENTRAL,50,HARDIN,83,15620.00
IOWA,19,CENTRAL,50,JASPER,99,27855.00
IOWA,19,CENTRAL,50,MARSHALL,127,3530.00
IOWA,19,CENTRAL,50,POLK,153, (D)
IOWA,19,CENTRAL,50,POWESHIEK,157,39205.00
IOWA,19,CENTRAL,50,STORY,169,25921.00
IOWA,19,CENTRAL,50,TAMA,171,32097.00
IOWA,19,CENTRAL,50,WEBSTER,187,4640.00
IOWA,19,EAST CENTRAL,60,BENTON,11,34634.00
IOWA,19,EAST CENTRAL,60,CEDAR,31,9072.00
IOWA,19,EAST CENTRAL,60,CLINTON,45,17915.00
IOWA,19,EAST CENTRAL,60,IOWA,95,37107.00
IOWA,19,EAST CENTRAL,60,JACKSON,97,87118.00
IOWA,19,EAST CENTRAL,60,JOHNSON,103,51869.00
IOWA,19,EAST CENTRAL,60,JONES,105,21980.00
IOWA,19,EAST CENTRAL,60,LINN,113,27891.00
IOWA,19,EAST CENTRAL,60,MUSCATINE,139,19300.00
IOWA,19,EAST CENTRAL,60,SCOTT,163,7820.00
IOWA,19,NORTH CENTRAL,20,BUTLER,23,18667.00
IOWA,19,NORTH CENTRAL,20,CERRO GORDO,33,15219.00
IOWA,19,NORTH CENTRAL,20,FLOYD,67,28050.00
IOWA,19,NORTH CENTRAL,20,FRANKLIN,69,6295.00
IOWA,19,NORTH CENTRAL,20,HANCOCK,81,4255.00
IOWA,19,NORTH CENTRAL,20,HUMBOLDT,91,2673.00
IOWA,19,NORTH CENTRAL,20,KOSSUTH,109,268547.00
IOWA,19,NORTH CENTRAL,20,MITCHELL,131,24018.00
IOWA,19,NORTH CENTRAL,20,WINNEBAGO,189,14120.00
IOWA,19,NORTH CENTRAL,20,WORTH,195,20184.00
IOWA,19,NORTH CENTRAL,20,WRIGHT,197, (D)
IOWA,19,NORTHEAST,30,ALLAMAKEE,5,179507.00
IOWA,19,NORTHEAST,30,BLACK HAWK,13,21110.00
IOWA,19,NORTHEAST,30,BREMER,17,20209.00
IOWA,19,NORTHEAST,30,BUCHANAN,19,58791.00
IOWA,19,NORTHEAST,30,CHICKASAW,37,10099.00
IOWA,19,NORTHEAST,30,CLAYTON,43,60844.00
IOWA,19,NORTHEAST,30,DELAWARE,55,73184.00
IOWA,19,NORTHEAST,30,DUBUQUE,61,102176.00
IOWA,19,NORTHEAST,30,FAYETTE,65,82609.00
IOWA,19,NORTHEAST,30,HOWARD,89,53741.00
IOWA,19,NORTHEAST,30,WINNESHIEK,191,179247.00
IOWA,19,NORTHWEST,10,BUENA VISTA,21,12046.00
IOWA,19,NORTHWEST,10,CHEROKEE,35,37988.00
IOWA,19,NORTHWEST,10,CLAY,41,7868.00
IOWA,19,NORTHWEST,10,DICKINSON,59,5607.00
IOWA,19,NORTHWEST,10,EMMET,63,8480.00
IOWA,19,NORTHWEST,10,LYON,119,29897.00
IOWA,19,NORTHWEST,10,O BRIEN,141,38410.00
IOWA,19,NORTHWEST,10,OSCEOLA,143,16247.00
IOWA,19,NORTHWEST,10,PALO ALTO,147,109133.00
IOWA,19,NORTHWEST,10,PLYMOUTH,149,70151.00
IOWA,19,NORTHWEST,10,POCAHONTAS,151, (D)
IOWA,19,NORTHWEST,10,SIOUX,167,29779.00
IOWA,19,SOUTH CENTRAL,80,APPANOOSE,7,10450.00
IOWA,19,SOUTH CENTRAL,80,CLARKE,39,19859.00
IOWA,19,SOUTH CENTRAL,80,DECATUR,53,15000.00
IOWA,19,SOUTH CENTRAL,80,LUCAS,117,7805.00
IOWA,19,SOUTH CENTRAL,80,MADISON,121,15310.00
IOWA,19,SOUTH CENTRAL,80,MARION,125,25360.00
IOWA,19,SOUTH CENTRAL,80,MONROE,135,14200.00
IOWA,19,SOUTH CENTRAL,80,RINGGOLD,159,39325.00
IOWA,19,SOUTH CENTRAL,80,UNION,175,17904.00
IOWA,19,SOUTH CENTRAL,80,WARREN,181,3050.00
IOWA,19,SOUTH CENTRAL,80,WAYNE,185,9250.00
IOWA,19,SOUTHEAST,90,DAVIS,51,12420.00
IOWA,19,SOUTHEAST,90,HENRY,87, (D)
IOWA,19,SOUTHEAST,90,JEFFERSON,101,3855.00
IOWA,19,SOUTHEAST,90,KEOKUK,107,14489.00
IOWA,19,SOUTHEAST,90,LEE,111,3152.00
IOWA,19,SOUTHEAST,90,LOUISA,115,6445.00
IOWA,19,SOUTHEAST,90,MAHASKA,123,14628.00
IOWA,19,SOUTHEAST,90,VAN BUREN,177,37614.00
IOWA,19,SOUTHEAST,90,WAPELLO,179,12491.00
IOWA,19,SOUTHEAST,90,WASHINGTON,183,15250.00
IOWA,19,SOUTHWEST,70,ADAIR,1,25668.00
IOWA,19,SOUTHWEST,70,ADAMS,3,19660.00
IOWA,19,SOUTHWEST,70,CASS,29,5540.00
IOWA,19,SOUTHWEST,70,MILLS,129, (D)
IOWA,19,SOUTHWEST,70,PAGE,145,1960.00
IOWA,19,SOUTHWEST,70,POTTAWATTAMIE,155,38812.00
IOWA,19,SOUTHWEST,70,TAYLOR,173,9500.00
IOWA,19,WEST CENTRAL,40,AUDUBON,9,17390.00
IOWA,19,WEST CENTRAL,40,CALHOUN,25,3720.00
IOWA,19,WEST CENTRAL,40,CARROLL,27,10680.00
IOWA,19,WEST CENTRAL,40,CRAWFORD,47,16209.00
IOWA,19,WEST CENTRAL,40,GREENE,73,35841.00
IOWA,19,WEST CENTRAL,40,GUTHRIE,77,15614.00
IOWA,19,WEST CENTRAL,40,HARRISON,85, (D)
IOWA,19,WEST CENTRAL,40,IDA,93,24475.00
IOWA,19,WEST CENTRAL,40,MONONA,133,8802.00
IOWA,19,WEST CENTRAL,40,SAC,161,56720.00
IOWA,19,WEST CENTRAL,40,SHELBY,165,33900.00
IOWA,19,WEST CENTRAL,40,WOODBURY,193,8994.00
KANSAS,20,CENTRAL,50,BARTON,9,38148.00
KANSAS,20,CENTRAL,50,DICKINSON,41,52324.00
KANSAS,20,CENTRAL,50,ELLIS,51, (D)
KANSAS,20,CENTRAL,50,ELLSWORTH,53,15568.00
KANSAS,20,CENTRAL,50,MARION,115,19400.00
KANSAS,20,CENTRAL,50,MCPHERSON,113,6905.00
KANSAS,20,CENTRAL,50,RICE,159,15079.00
KANSAS,20,CENTRAL,50,RUSH,165,27000.00
KANSAS,20,CENTRAL,50,RUSSELL,167,156562.00
KANSAS,20,CENTRAL,50,SALINE,169,11058.00
KANSAS,20,EAST CENTRAL,80,ANDERSON,3,17770.00
KANSAS,20,EAST CENTRAL,80,COFFEY,31, (D)
KANSAS,20,EAST CENTRAL,80,DOUGLAS,45,12264.00
KANSAS,20,EAST CENTRAL,80,FRANKLIN,59, (D)
KANSAS,20,EAST CENTRAL,80,GEARY,61, (D)
KANSAS,20,EAST CENTRAL,80,LINN,107,6410.00
KANSAS,20,EAST CENTRAL,80,LYON,111,1601.00
KANSAS,20,EAST CENTRAL,80,MIAMI,121,8239.00
KANSAS,20,EAST CENTRAL,80,MORRIS,127, (D)
KANSAS,20,EAST CENTRAL,80,OSAGE,139,6079.00
KANSAS,20,EAST CENTRAL,80,SHAWNEE,177, (D)
KANSAS,20,EAST CENTRAL,80,WABAUNSEE,197,6940.00
KANSAS,20,NORTH CENTRAL,40,CLAY,27,5428.00
KANSAS,20,NORTH CENTRAL,40,CLOUD,29,8602.00
KANSAS,20,NORTH CENTRAL,40,JEWELL,89,26300.00
KANSAS,20,NORTH CENTRAL,40,MITCHELL,123, (D)
KANSAS,20,NORTH CENTRAL,40,OSBORNE,141,23800.00
KANSAS,20,NORTH CENTRAL,40,OTTAWA,143,29768.00
KANSAS,20,NORTH CENTRAL,40,PHILLIPS,147,89578.00
KANSAS,20,NORTH CENTRAL,40,REPUBLIC,157,13694.00
KANSAS,20,NORTH CENTRAL,40,ROOKS,163,55132.00
KANSAS,20,NORTH CENTRAL,40,SMITH,183,26043.00
KANSAS,20,NORTH CENTRAL,40,WASHINGTON,201,39940.00
KANSAS,20,NORTHEAST,70,ATCHISON,5,4451.00
KANSAS,20,NORTHEAST,70,BROWN,13, (D)
KANSAS,20,NORTHEAST,70,JACKSON,85, (D)
KANSAS,20,NORTHEAST,70,JEFFERSON,87,38652.00
KANSAS,20,NORTHEAST,70,LEAVENWORTH,103,7400.00
KANSAS,20,NORTHEAST,70,MARSHALL,117,6085.00
KANSAS,20,NORTHEAST,70,NEMAHA,131, (D)
KANSAS,20,NORTHEAST,70,POTTAWATOMIE,149,1362.00
KANSAS,20,NORTHEAST,70,RILEY,161,9940.00
KANSAS,20,NORTHWEST,10,CHEYENNE,23, (D)
KANSAS,20,NORTHWEST,10,DECATUR,39, (D)
KANSAS,20,NORTHWEST,10,GRAHAM,65,18650.00
KANSAS,20,NORTHWEST,10,NORTON,137,145563.00
KANSAS,20,NORTHWEST,10,RAWLINS,153, (D)
KANSAS,20,NORTHWEST,10,SHERIDAN,179, (D)
KANSAS,20,NORTHWEST,10,THOMAS,193, (D)
KANSAS,20,SOUTH CENTRAL,60,BARBER,7, (D)
KANSAS,20,SOUTH CENTRAL,60,COMANCHE,33, (D)
KANSAS,20,SOUTH CENTRAL,60,EDWARDS,47, (D)
KANSAS,20,SOUTH CENTRAL,60,HARPER,77, (D)
KANSAS,20,SOUTH CENTRAL,60,HARVEY,79, (D)
KANSAS,20,SOUTH CENTRAL,60,KINGMAN,95, (D)
KANSAS,20,SOUTH CENTRAL,60,PRATT,151, (D)
KANSAS,20,SOUTH CENTRAL,60,RENO,155,10200.00
KANSAS,20,SOUTH CENTRAL,60,SUMNER,191, (D)
KANSAS,20,SOUTHEAST,90,ALLEN,1,13108.00
KANSAS,20,SOUTHEAST,90,BOURBON,11,1744.00
KANSAS,20,SOUTHEAST,90,BUTLER,15,3827.00
KANSAS,20,SOUTHEAST,90,CHEROKEE,21,4400.00
KANSAS,20,SOUTHEAST,90,COWLEY,35, (D)
KANSAS,20,SOUTHEAST,90,CRAWFORD,37,8774.00
KANSAS,20,SOUTHEAST,90,GREENWOOD,73,23806.00
KANSAS,20,SOUTHEAST,90,LABETTE,99,71731.00
KANSAS,20,SOUTHEAST,90,MONTGOMERY,125, (D)
KANSAS,20,SOUTHEAST,90,NEOSHO,133,29636.00
KANSAS,20,SOUTHEAST,90,WILSON,205, (D)
KANSAS,20,SOUTHWEST,30,FINNEY,55, (D)
KANSAS,20,SOUTHWEST,30,GRAY,69, (D)
KANSAS,20,SOUTHWEST,30,HASKELL,81, (D)
KANSAS,20,SOUTHWEST,30,HODGEMAN,83, (D)
KANSAS,20,SOUTHWEST,30,MORTON,129, (D)
KANSAS,20,WEST CENTRAL,20,GOVE,63, (D)
KANSAS,20,WEST CENTRAL,20,LANE,101, (D)
KANSAS,20,WEST CENTRAL,20,LOGAN,109,11398.00
KANSAS,20,WEST CENTRAL,20,TREGO,195, (D)
KANSAS,20,WEST CENTRAL,20,WICHITA,203, (D)
KENTUCKY,21,BLUEGRASS,50,FAYETTE,67, (D)
KENTUCKY,21,BLUEGRASS,50,LINCOLN,137,19100.00
KENTUCKY,21,BLUEGRASS,50,MADISON,151, (D)
KENTUCKY,21,CENTRAL,30,ADAIR,1, (D)
KENTUCKY,21,CENTRAL,30,ALLEN,3,2880.00
KENTUCKY,21,CENTRAL,30,CASEY,45, (D)
KENTUCKY,21,CENTRAL,30,HARDIN,93, (D)
KENTUCKY,21,MIDWESTERN,20,CHRISTIAN,47,3550.00
KENTUCKY,21,MIDWESTERN,20,CRITTENDEN,55,1125.00
KENTUCKY,21,MIDWESTERN,20,LOGAN,141, (D)
KENTUCKY,21,MIDWESTERN,20,MCLEAN,149, (D)
KENTUCKY,21,MIDWESTERN,20,SIMPSON,213, (D)
KENTUCKY,21,MIDWESTERN,20,TODD,219,1660.00
KENTUCKY,21,PURCHASE,10,TRIGG,221,580.00
LOUISIANA,22,CENTRAL,50,CONCORDIA,29, (D)
LOUISIANA,22,EAST CENTRAL,60,EAST BATON ROUGE,33, (D)
LOUISIANA,22,EAST CENTRAL,60,TANGIPAHOA,105, (D)
LOUISIANA,22,NORTHEAST,30,FRANKLIN,41, (D)
LOUISIANA,22,NORTHEAST,30,MOREHOUSE,67, (D)
LOUISIANA,22,SOUTHWEST,70,ALLEN,3, (D)
MAINE,23,CENTRAL,20,HANCOCK,9, (D)
MAINE,23,CENTRAL,20,PENOBSCOT,19,13114.00
MAINE,23,CENTRAL,20,PISCATAQUIS,21,4000.00
MAINE,23,CENTRAL,20,SOMERSET,25, (D)
MAINE,23,CENTRAL,20,WALDO,27,210.00
MAINE,23,NORTH,10,AROOSTOOK,3,1322380.00
MAINE,23,SOUTH,30,FRANKLIN,7, (D)
MAINE,23,SOUTH,30,KENNEBEC,11, (D)
MAINE,23,SOUTH,30,LINCOLN,15, (D)
MAINE,23,SOUTH,30,OXFORD,17, (D)
MAINE,23,SOUTH,30,YORK,31, (D)
MARYLAND,24,LOWER EASTERN SHORE,90,SOMERSET,39, (D)
MARYLAND,24,LOWER EASTERN SHORE,90,WICOMICO,45, (D)
MARYLAND,24,NORTH CENTRAL,20,BALTIMORE,5, (D)
MARYLAND,24,NORTH CENTRAL,20,CARROLL,13,1910.00
MARYLAND,24,NORTH CENTRAL,20,FREDERICK,21, (D)
MARYLAND,24,NORTH CENTRAL,20,WASHINGTON,43,2358.00
MARYLAND,24,SOUTHERN,80,ANNE ARUNDEL,3, (D)
MARYLAND,24,SOUTHERN,80,CHARLES,17, (D)
MARYLAND,24,SOUTHERN,80,ST MARYS,37,12175.00
MARYLAND,24,UPPER EASTERN SHORE,30,TALBOT,41, (D)
MARYLAND,24,WESTERN,10,ALLEGANY,1, (D)
MARYLAND,24,WESTERN,10,GARRETT,23,29758.00
MASSACHUSETTS,25,ALL COUNTIES,10,FRANKLIN,11, (D)
MASSACHUSETTS,25,ALL COUNTIES,10,HAMPSHIRE,15, (D)
MICHIGAN,26,CENTRAL,50,CLARE,35,36104.00
MICHIGAN,26,CENTRAL,50,GLADWIN,51,28047.00
MICHIGAN,26,CENTRAL,50,GRATIOT,57,3353.00
MICHIGAN,26,CENTRAL,50,ISABELLA,73,63026.00
MICHIGAN,26,CENTRAL,50,MECOSTA,107,37727.00
MICHIGAN,26,CENTRAL,50,MIDLAND,111,3460.00
MICHIGAN,26,CENTRAL,50,MONTCALM,117,86189.00
MICHIGAN,26,CENTRAL,50,OSCEOLA,133,33953.00
MICHIGAN,26,EAST CENTRAL,60,ARENAC,11,20668.00
MICHIGAN,26,EAST CENTRAL,60,BAY,17,5227.00
MICHIGAN,26,EAST CENTRAL,60,HURON,63,108168.00
MICHIGAN,26,EAST CENTRAL,60,SAGINAW,145,20474.00
MICHIGAN,26,EAST CENTRAL,60,SANILAC,151,73208.00
MICHIGAN,26,EAST CENTRAL,60,TUSCOLA,157,59965.00
MICHIGAN,26,NORTHEAST,30,ALCONA,1,21840.00
MICHIGAN,26,NORTHEAST,30,ALPENA,7,63114.00
MICHIGAN,26,NORTHEAST,30,CHEBOYGAN,31,19535.00
MICHIGAN,26,NORTHEAST,30,CRAWFORD,39, (D)
MICHIGAN,26,NORTHEAST,30,IOSCO,69,21772.00
MICHIGAN,26,NORTHEAST,30,MONTMORENCY,119,5440.00
MICHIGAN,26,NORTHEAST,30,OGEMAW,129,33382.00
MICHIGAN,26,NORTHEAST,30,OSCODA,135, (D)
MICHIGAN,26,NORTHEAST,30,OTSEGO,137,44897.00
MICHIGAN,26,NORTHEAST,30,PRESQUE ISLE,141,104319.00
MICHIGAN,26,NORTHWEST,20,ANTRIM,9,17360.00
MICHIGAN,26,NORTHWEST,20,BENZIE,19,578.00
MICHIGAN,26,NORTHWEST,20,CHARLEVOIX,29,11558.00
MICHIGAN,26,NORTHWEST,20,EMMET,47,46471.00
MICHIGAN,26,NORTHWEST,20,GRAND TRAVERSE,55,103711.00
MICHIGAN,26,NORTHWEST,20,KALKASKA,79,8786.00
MICHIGAN,26,NORTHWEST,20,LEELANAU,89,11583.00
MICHIGAN,26,NORTHWEST,20,MANISTEE,101,1332.00
MICHIGAN,26,NORTHWEST,20,MISSAUKEE,113,17637.00
MICHIGAN,26,NORTHWEST,20,WEXFORD,165,10526.00
MICHIGAN,26,SOUTH CENTRAL,80,BARRY,15,13393.00
MICHIGAN,26,SOUTH CENTRAL,80,BRANCH,23,13640.00
MICHIGAN,26,SOUTH CENTRAL,80,CALHOUN,25,3146.00
MICHIGAN,26,SOUTH CENTRAL,80,CLINTON,37,31843.00
MICHIGAN,26,SOUTH CENTRAL,80,EATON,45,33690.00
MICHIGAN,26,SOUTH CENTRAL,80,HILLSDALE,59,16933.00
MICHIGAN,26,SOUTH CENTRAL,80,INGHAM,65,3800.00
MICHIGAN,26,SOUTH CENTRAL,80,IONIA,67,18657.00
MICHIGAN,26,SOUTH CENTRAL,80,JACKSON,75,24491.00
MICHIGAN,26,SOUTH CENTRAL,80,SHIAWASSEE,155,40846.00
MICHIGAN,26,SOUTH CENTRAL,80,ST JOSEPH,149,16247.00
MICHIGAN,26,SOUTHEAST,90,GENESEE,49,4980.00
MICHIGAN,26,SOUTHEAST,90,LAPEER,87,26556.00
MICHIGAN,26,SOUTHEAST,90,LENAWEE,91,7610.00
MICHIGAN,26,SOUTHEAST,90,LIVINGSTON,93, (D)
MICHIGAN,26,SOUTHEAST,90,MACOMB,99,11333.00
MICHIGAN,26,SOUTHEAST,90,MONROE,115, (D)
MICHIGAN,26,SOUTHEAST,90,ST CLAIR,147,8190.00
MICHIGAN,26,SOUTHEAST,90,WASHTENAW,161,15458.00
MICHIGAN,26,SOUTHEAST,90,WAYNE,163, (D)
MICHIGAN,26,SOUTHWEST,70,ALLEGAN,5,23370.00
MICHIGAN,26,SOUTHWEST,70,BERRIEN,21, (D)
MICHIGAN,26,SOUTHWEST,70,CASS,27,1200.00
MICHIGAN,26,SOUTHWEST,70,KALAMAZOO,77,11665.00
MICHIGAN,26,SOUTHWEST,70,KENT,81,23784.00
MICHIGAN,26,SOUTHWEST,70,OTTAWA,139,18516.00
MICHIGAN,26,UPPER PENINSULA,10,ALGER,3,18639.00
MICHIGAN,26,UPPER PENINSULA,10,BARAGA,13,202529.00
MICHIGAN,26,UPPER PENINSULA,10,CHIPPEWA,33,38024.00
MICHIGAN,26,UPPER PENINSULA,10,DELTA,41,26022.00
MICHIGAN,26,UPPER PENINSULA,10,DICKINSON,43,6005.00
MICHIGAN,26,UPPER PENINSULA,10,HOUGHTON,61,32363.00
MICHIGAN,26,UPPER PENINSULA,10,IRON,71,36901.00
MICHIGAN,26,UPPER PENINSULA,10,MACKINAC,97,10225.00
MICHIGAN,26,UPPER PENINSULA,10,MARQUETTE,103,2345.00
MICHIGAN,26,UPPER PENINSULA,10,MENOMINEE,109,44178.00
MICHIGAN,26,UPPER PENINSULA,10,ONTONAGON,131,1200.00
MICHIGAN,26,UPPER PENINSULA,10,SCHOOLCRAFT,153,14693.00
MICHIGAN,26,WEST CENTRAL,40,LAKE,85, (D)
MICHIGAN,26,WEST CENTRAL,40,MASON,105,67922.00
MICHIGAN,26,WEST CENTRAL,40,MUSKEGON,121,9777.00
MICHIGAN,26,WEST CENTRAL,40,NEWAYGO,123,25155.00
MICHIGAN,26,WEST CENTRAL,40,OCEANA,127,39115.00
MINNESOTA,27,CENTRAL,50,BENTON,9,33240.00
MINNESOTA,27,CENTRAL,50,CARVER,19,35650.00
MINNESOTA,27,CENTRAL,50,KANDIYOHI,67,67016.00
MINNESOTA,27,CENTRAL,50,MCLEOD,85,40897.00
MINNESOTA,27,CENTRAL,50,MEEKER,93,71474.00
MINNESOTA,27,CENTRAL,50,MORRISON,97,167653.00
MINNESOTA,27,CENTRAL,50,RENVILLE,129,37180.00
MINNESOTA,27,CENTRAL,50,SCOTT,139,41436.00
MINNESOTA,27,CENTRAL,50,SHERBURNE,141,8168.00
MINNESOTA,27,CENTRAL,50,SIBLEY,143,46981.00
MINNESOTA,27,CENTRAL,50,STEARNS,145,916516.00
MINNESOTA,27,CENTRAL,50,TODD,153,194557.00
MINNESOTA,27,CENTRAL,50,WADENA,159,67922.00
MINNESOTA,27,CENTRAL,50,WRIGHT,171,56281.00
MINNESOTA,27,EAST CENTRAL,60,AITKIN,1,24946.00
MINNESOTA,27,EAST CENTRAL,60,ANOKA,3,5536.00
MINNESOTA,27,EAST CENTRAL,60,CARLTON,17,20190.00
MINNESOTA,27,EAST CENTRAL,60,CHISAGO,25,9620.00
MINNESOTA,27,EAST CENTRAL,60,CROW WING,35,65747.00
MINNESOTA,27,EAST CENTRAL,60,HENNEPIN,53,13260.00
MINNESOTA,27,EAST CENTRAL,60,ISANTI,59,6300.00
MINNESOTA,27,EAST CENTRAL,60,KANABEC,65,30341.00
MINNESOTA,27,EAST CENTRAL,60,MILLE LACS,95,21936.00
MINNESOTA,27,EAST CENTRAL,60,PINE,115,34771.00
MINNESOTA,27,EAST CENTRAL,60,RAMSEY,123, (D)
MINNESOTA,27,EAST CENTRAL,60,WASHINGTON,163,43961.00
MINNESOTA,27,NORTH CENTRAL,20,BELTRAMI,7,101260.00
MINNESOTA,27,NORTH CENTRAL,20,CASS,21,2220.00
MINNESOTA,27,NORTH CENTRAL,20,HUBBARD,57,41377.00
MINNESOTA,27,NORTH CENTRAL,20,ITASCA,61,30980.00
MINNESOTA,27,NORTH CENTRAL,20,KOOCHICHING,71,11385.00
MINNESOTA,27,NORTH CENTRAL,20,LAKE OF THE WOODS,77,72860.00
MINNESOTA,27,NORTHEAST,30,ST. LOUIS,137,39402.00
MINNESOTA,27,NORTHWEST,10,BECKER,5,102277.00
MINNESOTA,27,NORTHWEST,10,CLAY,27,44660.00
MINNESOTA,27,NORTHWEST,10,CLEARWATER,29,113301.00
MINNESOTA,27,NORTHWEST,10,KITTSON,69,104328.00
MINNESOTA,27,NORTHWEST,10,MAHNOMEN,87, (D)
MINNESOTA,27,NORTHWEST,10,MARSHALL,89,204987.00
MINNESOTA,27,NORTHWEST,10,NORMAN,107,44784.00
MINNESOTA,27,NORTHWEST,10,PENNINGTON,113,82929.00
MINNESOTA,27,NORTHWEST,10,POLK,119,131013.00
MINNESOTA,27,NORTHWEST,10,RED LAKE,125,41450.00
MINNESOTA,27,NORTHWEST,10,ROSEAU,135,379646.00
MINNESOTA,27,SOUTH CENTRAL,80,BLUE EARTH,13,135938.00
MINNESOTA,27,SOUTH CENTRAL,80,BROWN,15,62499.00
MINNESOTA,27,SOUTH CENTRAL,80,FARIBAULT,43,70938.00
MINNESOTA,27,SOUTH CENTRAL,80,FREEBORN,47,27682.00
MINNESOTA,27,SOUTH CENTRAL,80,LE SUEUR,79,19868.00
MINNESOTA,27,SOUTH CENTRAL,80,MARTIN,91,25077.00
MINNESOTA,27,SOUTH CENTRAL,80,NICOLLET,103,39646.00
MINNESOTA,27,SOUTH CENTRAL,80,RICE,131,39306.00
MINNESOTA,27,SOUTH CENTRAL,80,STEELE,147,26384.00
MINNESOTA,27,SOUTH CENTRAL,80,WASECA,161,22777.00
MINNESOTA,27,SOUTH CENTRAL,80,WATONWAN,165,18478.00
MINNESOTA,27,SOUTHEAST,90,DAKOTA,37,23716.00
MINNESOTA,27,SOUTHEAST,90,DODGE,39,32623.00
MINNESOTA,27,SOUTHEAST,90,FILLMORE,45,118289.00
MINNESOTA,27,SOUTHEAST,90,GOODHUE,49,82792.00
MINNESOTA,27,SOUTHEAST,90,HOUSTON,55,84073.00
MINNESOTA,27,SOUTHEAST,90,MOWER,99,43777.00
MINNESOTA,27,SOUTHEAST,90,OLMSTED,109,104404.00
MINNESOTA,27,SOUTHEAST,90,WABASHA,157,137758.00
MINNESOTA,27,SOUTHEAST,90,WINONA,169,147608.00
MINNESOTA,27,SOUTHWEST,70,COTTONWOOD,33,12472.00
MINNESOTA,27,SOUTHWEST,70,JACKSON,63,33267.00
MINNESOTA,27,SOUTHWEST,70,LINCOLN,81,179127.00
MINNESOTA,27,SOUTHWEST,70,LYON,83,46625.00
MINNESOTA,27,SOUTHWEST,70,MURRAY,101,125654.00
MINNESOTA,27,SOUTHWEST,70,NOBLES,105,76764.00
MINNESOTA,27,SOUTHWEST,70,PIPESTONE,117,51990.00
MINNESOTA,27,SOUTHWEST,70,REDWOOD,127,50688.00
MINNESOTA,27,SOUTHWEST,70,ROCK,133,159277.00
MINNESOTA,27,WEST CENTRAL,40,BIG STONE,11,16040.00
MINNESOTA,27,WEST CENTRAL,40,CHIPPEWA,23,7929.00
MINNESOTA,27,WEST CENTRAL,40,DOUGLAS,41,85380.00
MINNESOTA,27,WEST CENTRAL,40,GRANT,51, (D)
MINNESOTA,27,WEST CENTRAL,40,LAC QUI PARLE,73,23580.00
MINNESOTA,27,WEST CENTRAL,40,OTTER TAIL,111,512676.00
MINNESOTA,27,WEST CENTRAL,40,POPE,121,142699.00
MINNESOTA,27,WEST CENTRAL,40,STEVENS,149, (D)
MINNESOTA,27,WEST CENTRAL,40,SWIFT,151,10812.00
MINNESOTA,27,WEST CENTRAL,40,TRAVERSE,155, (D)
MINNESOTA,27,WEST CENTRAL,40,WILKIN,167,9920.00
MINNESOTA,27,WEST CENTRAL,40,YELLOW MEDICINE,173,16857.00
MISSISSIPPI,28,CENTRAL,50,MADISON,89, (D)
MISSISSIPPI,28,EAST CENTRAL,60,LOWNDES,87, (D)
MISSISSIPPI,28,EAST CENTRAL,60,NOXUBEE,103,2660.00
MISSISSIPPI,28,NORTH CENTRAL,20,PANOLA,107, (D)
MISSISSIPPI,28,SOUTH CENTRAL,80,JEFFERSON DAVIS,65, (D)
MISSOURI,29,CENTRAL,50,BOONE,19, (D)
MISSOURI,29,CENTRAL,50,CALLAWAY,27, (D)
MISSOURI,29,CENTRAL,50,COLE,51,4956.00
MISSOURI,29,CENTRAL,50,COOPER,53, (D)
MISSOURI,29,CENTRAL,50,DALLAS,59,540.00
MISSOURI,29,CENTRAL,50,HOWARD,89,1209.00
MISSOURI,29,CENTRAL,50,MARIES,125, (D)
MISSOURI,29,CENTRAL,50,MONITEAU,135,3720.00
MISSOURI,29,CENTRAL,50,MORGAN,141,14514.00
MISSOURI,29,CENTRAL,50,OSAGE,151, (D)
MISSOURI,29,CENTRAL,50,PETTIS,159,37080.00
MISSOURI,29,CENTRAL,50,POLK,167, (D)
MISSOURI,29,CENTRAL,50,SALINE,195, (D)
MISSOURI,29,EAST,60,FRANKLIN,71,1130.00
MISSOURI,29,EAST,60,MONTGOMERY,139,51960.00
MISSOURI,29,EAST,60,PERRY,157,5550.00
MISSOURI,29,EAST,60,WASHINGTON,221, (D)
MISSOURI,29,NORTH CENTRAL,20,ADAIR,1,7560.00
MISSOURI,29,NORTH CENTRAL,20,CARROLL,33, (D)
MISSOURI,29,NORTH CENTRAL,20,CHARITON,41, (D)
MISSOURI,29,NORTH CENTRAL,20,GRUNDY,79,7640.00
MISSOURI,29,NORTH CENTRAL,20,LINN,115,3820.00
MISSOURI,29,NORTH CENTRAL,20,LIVINGSTON,117,1650.00
MISSOURI,29,NORTH CENTRAL,20,MACON,121, (D)
MISSOURI,29,NORTH CENTRAL,20,MERCER,129,8472.00
MISSOURI,29,NORTH CENTRAL,20,RANDOLPH,175,3260.00
MISSOURI,29,NORTH CENTRAL,20,SCHUYLER,197,2880.00
MISSOURI,29,NORTHEAST,30,AUDRAIN,7,25828.00
MISSOURI,29,NORTHEAST,30,CLARK,45,17550.00
MISSOURI,29,NORTHEAST,30,KNOX,103, (D)
MISSOURI,29,NORTHEAST,30,LEWIS,111,8481.00
MISSOURI,29,NORTHEAST,30,MARION,127, (D)
MISSOURI,29,NORTHEAST,30,MONROE,137,6644.00
MISSOURI,29,NORTHEAST,30,PIKE,163, (D)
MISSOURI,29,NORTHEAST,30,RALLS,173,17918.00
MISSOURI,29,NORTHEAST,30,SCOTLAND,199,47377.00
MISSOURI,29,NORTHEAST,30,SHELBY,205,6620.00
MISSOURI,29,NORTHWEST,10,ANDREW,3,6000.00
MISSOURI,29,NORTHWEST,10,ATCHISON,5, (D)
MISSOURI,29,NORTHWEST,10,BUCHANAN,21,30375.00
MISSOURI,29,NORTHWEST,10,CALDWELL,25,36600.00
MISSOURI,29,NORTHWEST,10,DAVIESS,61,9378.00
MISSOURI,29,NORTHWEST,10,DE KALB,63,7068.00
MISSOURI,29,NORTHWEST,10,GENTRY,75,8688.00
MISSOURI,29,NORTHWEST,10,HARRISON,81,30594.00
MISSOURI,29,NORTHWEST,10,HOLT,87, (D)
MISSOURI,29,NORTHWEST,10,NODAWAY,147,38300.00
MISSOURI,29,NORTHWEST,10,RAY,177, (D)
MISSOURI,29,SOUTH CENTRAL,80,TANEY,213,140.00
MISSOURI,29,SOUTH CENTRAL,80,TEXAS,215,852.00
MISSOURI,29,SOUTH CENTRAL,80,WEBSTER,225,14179.00
MISSOURI,29,SOUTH CENTRAL,80,WRIGHT,229,9192.00
MISSOURI,29,SOUTHEAST,90,CAPE GIRARDEAU,31,3200.00
MISSOURI,29,SOUTHEAST,90,STODDARD,207,42710.00
MISSOURI,29,SOUTHWEST,70,BARRY,9,48000.00
MISSOURI,29,SOUTHWEST,70,BARTON,11, (D)
MISSOURI,29,SOUTHWEST,70,GREENE,77, (D)
MISSOURI,29,SOUTHWEST,70,JASPER,97,13700.00
MISSOURI,29,SOUTHWEST,70,LAWRENCE,109,72714.00
MISSOURI,29,SOUTHWEST,70,NEWTON,145,25395.00
MISSOURI,29,WEST,40,BATES,13, (D)
MISSOURI,29,WEST,40,CASS,37, (D)
MISSOURI,29,WEST,40,CEDAR,39,2980.00
MISSOURI,29,WEST,40,HENRY,83,3375.00
MISSOURI,29,WEST,40,JOHNSON,101,44638.00
MISSOURI,29,WEST,40,ST CLAIR,185,1590.00
MISSOURI,29,WEST,40,VERNON,217,4161.00
MONTANA,30,CENTRAL,50,BROADWATER,7, (D)
MONTANA,30,CENTRAL,50,CASCADE,13, (D)
MONTANA,30,CENTRAL,50,FERGUS,27,27940.00
MONTANA,30,CENTRAL,50,JUDITH BASIN,45, (D)
MONTANA,30,CENTRAL,50,LEWIS AND CLARK,49,58240.00
MONTANA,30,CENTRAL,50,MEAGHER,59,41719.00
MONTANA,30,CENTRAL,50,WHEATLAND,107,3300.00
MONTANA,30,NORTH CENTRAL,20,BLAINE,5, (D)
MONTANA,30,NORTH CENTRAL,20,CHOUTEAU,15,143300.00
MONTANA,30,NORTH CENTRAL,20,GLACIER,35, (D)
MONTANA,30,NORTH CENTRAL,20,HILL,41,22684.00
MONTANA,30,NORTH CENTRAL,20,LIBERTY,51, (D)
MONTANA,30,NORTH CENTRAL,20,PHILLIPS,71,6893.00
MONTANA,30,NORTH CENTRAL,20,PONDERA,73,30217.00
MONTANA,30,NORTH CENTRAL,20,TETON,99,30509.00
MONTANA,30,NORTH CENTRAL,20,TOOLE,101, (D)
MONTANA,30,NORTHEAST,30,DANIELS,19, (D)
MONTANA,30,NORTHEAST,30,DAWSON,21,5002.00
MONTANA,30,NORTHEAST,30,GARFIELD,33,3660.00
MONTANA,30,NORTHEAST,30,MCCONE,55, (D)
MONTANA,30,NORTHEAST,30,RICHLAND,83,74396.00
MONTANA,30,NORTHEAST,30,ROOSEVELT,85,10998.00
MONTANA,30,NORTHEAST,30,VALLEY,105, (D)
MONTANA,30,NORTHWEST,10,FLATHEAD,29, (D)
MONTANA,30,NORTHWEST,10,LAKE,47,12858.00
MONTANA,30,NORTHWEST,10,MISSOULA,63,2225.00
MONTANA,30,NORTHWEST,10,POWELL,77, (D)
MONTANA,30,NORTHWEST,10,RAVALLI,81, (D)
MONTANA,30,NORTHWEST,10,SANDERS,89, (D)
MONTANA,30,SOUTH CENTRAL,80,BIG HORN,3, (D)
MONTANA,30,SOUTH CENTRAL,80,CARBON,9,112310.00
MONTANA,30,SOUTH CENTRAL,80,STILLWATER,95, (D)
MONTANA,30,SOUTH CENTRAL,80,SWEET GRASS,97, (D)
MONTANA,30,SOUTH CENTRAL,80,YELLOWSTONE,111, (D)
MONTANA,30,SOUTHEAST,90,CUSTER,17, (D)
MONTANA,30,SOUTHEAST,90,FALLON,25, (D)
MONTANA,30,SOUTHEAST,90,POWDER RIVER,75, (D)
MONTANA,30,SOUTHEAST,90,ROSEBUD,87, (D)
MONTANA,30,SOUTHEAST,90,WIBAUX,109,7771.00
MONTANA,30,SOUTHWEST,70,GALLATIN,31,32138.00
NEBRASKA,31,CENTRAL,50,BUFFALO,19,3200.00
NEBRASKA,31,CENTRAL,50,CUSTER,41,28688.00
NEBRASKA,31,CENTRAL,50,DAWSON,47,27832.00
NEBRASKA,31,CENTRAL,50,GREELEY,77,942.00
NEBRASKA,31,CENTRAL,50,HALL,79, (D)
NEBRASKA,31,CENTRAL,50,HOWARD,93, (D)
NEBRASKA,31,CENTRAL,50,SHERMAN,163,10135.00
NEBRASKA,31,EAST,60,BUTLER,23, (D)
NEBRASKA,31,EAST,60,CASS,25, (D)
NEBRASKA,31,EAST,60,COLFAX,37,13620.00
NEBRASKA,31,EAST,60,DODGE,53, (D)
NEBRASKA,31,EAST,60,DOUGLAS,55,13274.00
NEBRASKA,31,EAST,60,LANCASTER,109,754.00
NEBRASKA,31,EAST,60,PLATTE,141,2600.00
NEBRASKA,31,EAST,60,SAUNDERS,155,28528.00
NEBRASKA,31,EAST,60,SEWARD,159,19433.00
NEBRASKA,31,EAST,60,WASHINGTON,177,5780.00
NEBRASKA,31,EAST,60,YORK,185, (D)
NEBRASKA,31,NORTH,20,BOYD,15,66051.00
NEBRASKA,31,NORTH,20,CHERRY,31,29320.00
NEBRASKA,31,NORTH,20,GARFIELD,71, (D)
NEBRASKA,31,NORTH,20,HOLT,89,143000.00
NEBRASKA,31,NORTH,20,KEYA PAHA,103, (D)
NEBRASKA,31,NORTH,20,LOGAN,113,11432.00
NEBRASKA,31,NORTH,20,LOUP,115, (D)
NEBRASKA,31,NORTHEAST,30,ANTELOPE,3,8362.00
NEBRASKA,31,NORTHEAST,30,BOONE,11,30340.00
NEBRASKA,31,NORTHEAST,30,CEDAR,27,120276.00
NEBRASKA,31,NORTHEAST,30,CUMING,39,10720.00
NEBRASKA,31,NORTHEAST,30,DIXON,51,11916.00
NEBRASKA,31,NORTHEAST,30,KNOX,107,315070.00
NEBRASKA,31,NORTHEAST,30,MADISON,119,7726.00
NEBRASKA,31,NORTHEAST,30,PIERCE,139,22126.00
NEBRASKA,31,NORTHEAST,30,STANTON,167,18568.00
NEBRASKA,31,NORTHEAST,30,THURSTON,173,101827.00
NEBRASKA,31,NORTHEAST,30,WAYNE,179,20000.00
NEBRASKA,31,NORTHWEST,10,BANNER,7,33563.00
NEBRASKA,31,NORTHWEST,10,BOX BUTTE,13,19372.00
NEBRASKA,31,NORTHWEST,10,CHEYENNE,33,12851.00
NEBRASKA,31,NORTHWEST,10,DAWES,45,34749.00
NEBRASKA,31,NORTHWEST,10,DEUEL,49, (D)
NEBRASKA,31,NORTHWEST,10,KIMBALL,105,43555.00
NEBRASKA,31,NORTHWEST,10,SCOTTS BLUFF,157,22425.00
NEBRASKA,31,NORTHWEST,10,SHERIDAN,161,72995.00
NEBRASKA,31,NORTHWEST,10,SIOUX,165,23240.00
NEBRASKA,31,SOUTH,80,ADAMS,1, (D)
NEBRASKA,31,SOUTH,80,FRANKLIN,61,7594.00
NEBRASKA,31,SOUTH,80,FURNAS,65,55366.00
NEBRASKA,31,SOUTH,80,GOSPER,73,7840.00
NEBRASKA,31,SOUTH,80,HARLAN,83, (D)
NEBRASKA,31,SOUTH,80,WEBSTER,181,5150.00
NEBRASKA,31,SOUTHEAST,90,CLAY,35, (D)
NEBRASKA,31,SOUTHEAST,90,GAGE,67,36660.00
NEBRASKA,31,SOUTHEAST,90,JEFFERSON,95,18200.00
NEBRASKA,31,SOUTHEAST,90,JOHNSON,97,3686.00
NEBRASKA,31,SOUTHEAST,90,NEMAHA,127,7400.00
NEBRASKA,31,SOUTHEAST,90,NUCKOLLS,129,6526.00
NEBRASKA,31,SOUTHEAST,90,OTOE,131,4630.00
NEBRASKA,31,SOUTHEAST,90,PAWNEE,133,5640.00
NEBRASKA,31,SOUTHEAST,90,RICHARDSON,147,11038.00
NEBRASKA,31,SOUTHEAST,90,SALINE,151,9210.00
NEBRASKA,31,SOUTHEAST,90,THAYER,169, (D)
NEBRASKA,31,SOUTHWEST,70,CHASE,29,93643.00
NEBRASKA,31,SOUTHWEST,70,FRONTIER,63,18042.00
NEBRASKA,31,SOUTHWEST,70,HAYES,85, (D)
NEBRASKA,31,SOUTHWEST,70,KEITH,101,91630.00
NEBRASKA,31,SOUTHWEST,70,LINCOLN,111,37558.00
NEBRASKA,31,SOUTHWEST,70,PERKINS,135,28500.00
NEBRASKA,31,SOUTHWEST,70,RED WILLOW,145,15634.00
NEVADA,32,NORTHWEST,10,HUMBOLDT,13, (D)
NEW HAMPSHIRE,33,ALL COUNTIES,10,STRAFFORD,17, (D)
NEW JERSEY,34,CENTRAL,50,MERCER,21, (D)
NEW JERSEY,34,NORTH,20,HUNTERDON,19,37356.00
NEW JERSEY,34,NORTH,20,MORRIS,27, (D)
NEW JERSEY,34,NORTH,20,SOMERSET,35,2000.00
NEW JERSEY,34,NORTH,20,SUSSEX,37,5514.00
NEW JERSEY,34,NORTH,20,WARREN,41,13377.00
NEW JERSEY,34,SOUTH,80,CUMBERLAND,11, (D)
NEW MEXICO,35,NORTHEAST,30,MORA,33, (D)
NEW MEXICO,35,NORTHWEST,10,SAN JUAN,45, (D)
NEW MEXICO,35,NORTHWEST,10,TAOS,55,35640.00
NEW YORK,36,CENTRAL,50,CAYUGA,11,87857.00
NEW YORK,36,CENTRAL,50,CHENANGO,17,24721.00
NEW YORK,36,CENTRAL,50,CORTLAND,23,9939.00
NEW YORK,36,CENTRAL,50,HERKIMER,43,33576.00
NEW YORK,36,CENTRAL,50,MADISON,53,47235.00
NEW YORK,36,CENTRAL,50,ONEIDA,65,87316.00
NEW YORK,36,CENTRAL,50,ONONDAGA,67,65844.00
NEW YORK,36,CENTRAL,50,OSWEGO,75,3624.00
NEW YORK,36,CENTRAL,50,OTSEGO,77,48127.00
NEW YORK,36,EASTERN,60,ALBANY,1,10075.00
NEW YORK,36,EASTERN,60,FULTON,35, (D)
NEW YORK,36,EASTERN,60,MONTGOMERY,57,53061.00
NEW YORK,36,EASTERN,60,RENSSELAER,83,10425.00
NEW YORK,36,EASTERN,60,SARATOGA,91,807.00
NEW YORK,36,EASTERN,60,SCHENECTADY,93,2824.00
NEW YORK,36,EASTERN,60,SCHOHARIE,95,4232.00
NEW YORK,36,EASTERN,60,WASHINGTON,115,15863.00
NEW YORK,36,LONG ISLAND,91,SUFFOLK,103,8305.00
NEW YORK,36,NORTHEAST,30,CLINTON,19,56361.00
NEW YORK,36,NORTHEAST,30,ESSEX,31,165.00
NEW YORK,36,NORTHEAST,30,FRANKLIN,33,62149.00
NEW YORK,36,NORTHERN,20,JEFFERSON,45,18684.00
NEW YORK,36,NORTHERN,20,LEWIS,49,14256.00
NEW YORK,36,NORTHERN,20,ST LAWRENCE,89,48079.00
NEW YORK,36,SOUTHEAST,90,COLUMBIA,21,13788.00
NEW YORK,36,SOUTHEAST,90,DELAWARE,25, (D)
NEW YORK,36,SOUTHEAST,90,DUTCHESS,27,12257.00
NEW YORK,36,SOUTHEAST,90,GREENE,39,3251.00
NEW YORK,36,SOUTHEAST,90,ORANGE,71, (D)
NEW YORK,36,SOUTHEAST,90,SULLIVAN,105, (D)
NEW YORK,36,SOUTHEAST,90,ULSTER,111, (D)
NEW YORK,36,SOUTHERN,80,BROOME,7, (D)
NEW YORK,36,SOUTHERN,80,CHEMUNG,15,25425.00
NEW YORK,36,SOUTHERN,80,SCHUYLER,97,18303.00
NEW YORK,36,SOUTHERN,80,TIOGA,107,26425.00
NEW YORK,36,SOUTHERN,80,TOMPKINS,109,19400.00
NEW YORK,36,SOUTHWEST,70,ALLEGANY,3,90495.00
NEW YORK,36,SOUTHWEST,70,CATTARAUGUS,9,68419.00
NEW YORK,36,SOUTHWEST,70,CHAUTAUQUA,13,51344.00
NEW YORK,36,SOUTHWEST,70,STEUBEN,101,396083.00
NEW YORK,36,WESTERN,40,ERIE,29,76976.00
NEW YORK,36,WESTERN,40,GENESEE,37,33994.00
NEW YORK,36,WESTERN,40,LIVINGSTON,51,68817.00
NEW YORK,36,WESTERN,40,MONROE,55,1730.00
NEW YORK,36,WESTERN,40,NIAGARA,63,49056.00
NEW YORK,36,WESTERN,40,ONTARIO,69,52689.00
NEW YORK,36,WESTERN,40,ORLEANS,73,6357.00
NEW YORK,36,WESTERN,40,SENECA,99,48360.00
NEW YORK,36,WESTERN,40,WAYNE,117,26421.00
NEW YORK,36,WESTERN,40,WYOMING,121,100564.00
NEW YORK,36,WESTERN,40,YATES,123,25654.00
NORTH CAROLINA,37,CENTRAL COASTAL,80,BEAUFORT,13,80614.00
NORTH CAROLINA,37,CENTRAL COASTAL,80,GREENE,79,10733.00
NORTH CAROLINA,37,CENTRAL COASTAL,80,JOHNSTON,101,22598.00
NORTH CAROLINA,37,CENTRAL COASTAL,80,LENOIR,107, (D)
NORTH CAROLINA,37,CENTRAL COASTAL,80,PITT,147, (D)
NORTH CAROLINA,37,CENTRAL COASTAL,80,WAYNE,191,6968.00
NORTH CAROLINA,37,CENTRAL COASTAL,80,WILSON,195, (D)
NORTH CAROLINA,37,CENTRAL PIEDMONT,50,CATAWBA,35,16888.00
NORTH CAROLINA,37,CENTRAL PIEDMONT,50,CHATHAM,37,13269.00
NORTH CAROLINA,37,CENTRAL PIEDMONT,50,DAVIDSON,57,68247.00
NORTH CAROLINA,37,CENTRAL PIEDMONT,50,IREDELL,97,7540.00
NORTH CAROLINA,37,CENTRAL PIEDMONT,50,LEE,105, (D)
NORTH CAROLINA,37,CENTRAL PIEDMONT,50,RANDOLPH,151,30809.00
NORTH CAROLINA,37,CENTRAL PIEDMONT,50,ROWAN,159,8053.00
NORTH CAROLINA,37,CENTRAL PIEDMONT,50,WAKE,183,12828.00
NORTH CAROLINA,37,NORTHERN COASTAL,70,CAMDEN,29, (D)
NORTH CAROLINA,37,NORTHERN COASTAL,70,EDGECOMBE,65, (D)
NORTH CAROLINA,37,NORTHERN COASTAL,70,GATES,73, (D)
NORTH CAROLINA,37,NORTHERN COASTAL,70,HALIFAX,83, (D)
NORTH CAROLINA,37,NORTHERN COASTAL,70,MARTIN,117,42900.00
NORTH CAROLINA,37,NORTHERN COASTAL,70,NASH,127, (D)
NORTH CAROLINA,37,NORTHERN COASTAL,70,NORTHAMPTON,131, (D)
NORTH CAROLINA,37,NORTHERN COASTAL,70,PERQUIMANS,143,4700.00
NORTH CAROLINA,37,NORTHERN MOUNTAIN,10,SURRY,171, (D)
NORTH CAROLINA,37,NORTHERN MOUNTAIN,10,WILKES,193, (D)
NORTH CAROLINA,37,NORTHERN MOUNTAIN,10,YADKIN,197,3400.00
NORTH CAROLINA,37,NORTHERN PIEDMONT,40,ALAMANCE,1, (D)
NORTH CAROLINA,37,NORTHERN PIEDMONT,40,CASWELL,33, (D)
NORTH CAROLINA,37,NORTHERN PIEDMONT,40,FORSYTH,67, (D)
NORTH CAROLINA,37,NORTHERN PIEDMONT,40,FRANKLIN,69,12816.00
NORTH CAROLINA,37,NORTHERN PIEDMONT,40,GUILFORD,81,1978.00
NORTH CAROLINA,37,NORTHERN PIEDMONT,40,PERSON,145, (D)
NORTH CAROLINA,37,NORTHERN PIEDMONT,40,STOKES,169,283.00
NORTH CAROLINA,37,NORTHERN PIEDMONT,40,VANCE,181, (D)
NORTH CAROLINA,37,NORTHERN PIEDMONT,40,WARREN,185,24869.00
NORTH CAROLINA,37,SOUTHERN COASTAL,90,BLADEN,17,2158.00
NORTH CAROLINA,37,SOUTHERN COASTAL,90,BRUNSWICK,19, (D)
NORTH CAROLINA,37,SOUTHERN COASTAL,90,COLUMBUS,47,19929.00
NORTH CAROLINA,37,SOUTHERN COASTAL,90,CUMBERLAND,51,7900.00
NORTH CAROLINA,37,SOUTHERN COASTAL,90,DUPLIN,61,18498.00
NORTH CAROLINA,37,SOUTHERN COASTAL,90,HARNETT,85,6981.00
NORTH CAROLINA,37,SOUTHERN COASTAL,90,HOKE,93, (D)
NORTH CAROLINA,37,SOUTHERN COASTAL,90,ROBESON,155,20338.00
NORTH CAROLINA,37,SOUTHERN COASTAL,90,SAMPSON,163,24238.00
NORTH CAROLINA,37,SOUTHERN COASTAL,90,SCOTLAND,165, (D)
NORTH CAROLINA,37,SOUTHERN PIEDMONT,60,ANSON,7,43733.00
NORTH CAROLINA,37,SOUTHERN PIEDMONT,60,CABARRUS,25,24088.00
NORTH CAROLINA,37,SOUTHERN PIEDMONT,60,CLEVELAND,45,18740.00
NORTH CAROLINA,37,SOUTHERN PIEDMONT,60,GASTON,71, (D)
NORTH CAROLINA,37,SOUTHERN PIEDMONT,60,LINCOLN,109,3390.00
NORTH CAROLINA,37,SOUTHERN PIEDMONT,60,MECKLENBURG,119, (D)
NORTH CAROLINA,37,SOUTHERN PIEDMONT,60,MONTGOMERY,123, (D)
NORTH CAROLINA,37,SOUTHERN PIEDMONT,60,MOORE,125, (D)
NORTH CAROLINA,37,SOUTHERN PIEDMONT,60,STANLY,167,15485.00
NORTH CAROLINA,37,SOUTHERN PIEDMONT,60,UNION,179, (D)
NORTH CAROLINA,37,WESTERN MOUNTAIN,20,JACKSON,99, (D)
NORTH CAROLINA,37,WESTERN MOUNTAIN,20,MCDOWELL,111, (D)
NORTH DAKOTA,38,CENTRAL,50,EDDY,27,122190.00
NORTH DAKOTA,38,CENTRAL,50,FOSTER,31,14644.00
NORTH DAKOTA,38,CENTRAL,50,KIDDER,43,311307.00
NORTH DAKOTA,38,CENTRAL,50,SHERIDAN,83,33200.00
NORTH DAKOTA,38,CENTRAL,50,STUTSMAN,93,65348.00
NORTH DAKOTA,38,CENTRAL,50,WELLS,103,49412.00
NORTH DAKOTA,38,EAST CENTRAL,60,BARNES,3,45028.00
NORTH DAKOTA,38,EAST CENTRAL,60,CASS,17, (D)
NORTH DAKOTA,38,EAST CENTRAL,60,GRIGGS,39,89982.00
NORTH DAKOTA,38,EAST CENTRAL,60,TRAILL,97,15380.00
NORTH DAKOTA,38,NORTH CENTRAL,20,BENSON,5,81717.00
NORTH DAKOTA,38,NORTH CENTRAL,20,BOTTINEAU,9,252139.00
NORTH DAKOTA,38,NORTH CENTRAL,20,MCHENRY,49,371807.00
NORTH DAKOTA,38,NORTH CENTRAL,20,PIERCE,69,170411.00
NORTH DAKOTA,38,NORTH CENTRAL,20,ROLETTE,79,337777.00
NORTH DAKOTA,38,NORTHEAST,30,CAVALIER,19,33493.00
NORTH DAKOTA,38,NORTHEAST,30,GRAND FORKS,35, (D)
NORTH DAKOTA,38,NORTHEAST,30,NELSON,63,28450.00
NORTH DAKOTA,38,NORTHEAST,30,PEMBINA,67,82897.00
NORTH DAKOTA,38,NORTHEAST,30,RAMSEY,71,16841.00
NORTH DAKOTA,38,NORTHEAST,30,TOWNER,95,7200.00
NORTH DAKOTA,38,NORTHEAST,30,WALSH,99, (D)
NORTH DAKOTA,38,NORTHWEST,10,BURKE,13,456165.00
NORTH DAKOTA,38,NORTHWEST,10,DIVIDE,23,76818.00
NORTH DAKOTA,38,NORTHWEST,10,MOUNTRAIL,61,117409.00
NORTH DAKOTA,38,NORTHWEST,10,RENVILLE,75,203043.00
NORTH DAKOTA,38,NORTHWEST,10,WARD,101,82779.00
NORTH DAKOTA,38,NORTHWEST,10,WILLIAMS,105,68322.00
NORTH DAKOTA,38,SOUTH CENTRAL,80,BURLEIGH,15,161840.00
NORTH DAKOTA,38,SOUTH CENTRAL,80,EMMONS,29,202235.00
NORTH DAKOTA,38,SOUTH CENTRAL,80,GRANT,37,66540.00
NORTH DAKOTA,38,SOUTH CENTRAL,80,MORTON,59,142451.00
NORTH DAKOTA,38,SOUTH CENTRAL,80,SIOUX,85, (D)
NORTH DAKOTA,38,SOUTHEAST,90,DICKEY,21,111984.00
NORTH DAKOTA,38,SOUTHEAST,90,LA MOURE,45,57051.00
NORTH DAKOTA,38,SOUTHEAST,90,LOGAN,47,114561.00
NORTH DAKOTA,38,SOUTHEAST,90,MCINTOSH,51,26944.00
NORTH DAKOTA,38,SOUTHEAST,90,RANSOM,73,73526.00
NORTH DAKOTA,38,SOUTHEAST,90,RICHLAND,77,33900.00
NORTH DAKOTA,38,SOUTHEAST,90,SARGENT,81, (D)
NORTH DAKOTA,38,SOUTHWEST,70,ADAMS,1,5736.00
NORTH DAKOTA,38,SOUTHWEST,70,BILLINGS,7,27050.00
NORTH DAKOTA,38,SOUTHWEST,70,BOWMAN,11,52780.00
NORTH DAKOTA,38,SOUTHWEST,70,GOLDEN VALLEY,33,57760.00
NORTH DAKOTA,38,SOUTHWEST,70,HETTINGER,41,57308.00
NORTH DAKOTA,38,SOUTHWEST,70,STARK,89,55938.00
NORTH DAKOTA,38,WEST CENTRAL,40,DUNN,25,143688.00
NORTH DAKOTA,38,WEST CENTRAL,40,MCKENZIE,53,85159.00
NORTH DAKOTA,38,WEST CENTRAL,40,MCLEAN,55,107181.00
NORTH DAKOTA,38,WEST CENTRAL,40,MERCER,57,163182.00
NORTH DAKOTA,38,WEST CENTRAL,40,OLIVER,65,119117.00
OHIO,39,CENTRAL,50,DELAWARE,41,7750.00
OHIO,39,CENTRAL,50,FAIRFIELD,45, (D)
OHIO,39,CENTRAL,50,FAYETTE,47, (D)
OHIO,39,CENTRAL,50,FRANKLIN,49, (D)
OHIO,39,CENTRAL,50,KNOX,83,21836.00
OHIO,39,CENTRAL,50,LICKING,89,8926.00
OHIO,39,CENTRAL,50,MADISON,97, (D)
OHIO,39,CENTRAL,50,MARION,101,2200.00
OHIO,39,CENTRAL,50,MORROW,117,19034.00
OHIO,39,CENTRAL,50,PICKAWAY,129, (D)
OHIO,39,CENTRAL,50,ROSS,141, (D)
OHIO,39,CENTRAL,50,UNION,159, (D)
OHIO,39,EAST CENTRAL,60,BELMONT,13,2332.00
OHIO,39,EAST CENTRAL,60,CARROLL,19,77153.00
OHIO,39,EAST CENTRAL,60,COSHOCTON,31,17297.00
OHIO,39,EAST CENTRAL,60,HARRISON,67,4890.00
OHIO,39,EAST CENTRAL,60,HOLMES,75,132335.00
OHIO,39,EAST CENTRAL,60,JEFFERSON,81,15502.00
OHIO,39,EAST CENTRAL,60,TUSCARAWAS,157,8295.00
OHIO,39,NORTH CENTRAL,20,ASHLAND,5,62570.00
OHIO,39,NORTH CENTRAL,20,CRAWFORD,33, (D)
OHIO,39,NORTH CENTRAL,20,HURON,77,13060.00
OHIO,39,NORTH CENTRAL,20,LORAIN,93, (D)
OHIO,39,NORTH CENTRAL,20,RICHLAND,139,34430.00
OHIO,39,NORTH CENTRAL,20,SENECA,147,23930.00
OHIO,39,NORTH CENTRAL,20,WYANDOT,175, (D)
OHIO,39,NORTHEAST,30,ASHTABULA,7,33470.00
OHIO,39,NORTHEAST,30,COLUMBIANA,29,64506.00
OHIO,39,NORTHEAST,30,GEAUGA,55,73202.00
OHIO,39,NORTHEAST,30,LAKE,85, (D)
OHIO,39,NORTHEAST,30,MAHONING,99,10628.00
OHIO,39,NORTHEAST,30,MEDINA,103,8210.00
OHIO,39,NORTHEAST,30,PORTAGE,133,10681.00
OHIO,39,NORTHEAST,30,STARK,151,51008.00
OHIO,39,NORTHEAST,30,SUMMIT,153,2920.00
OHIO,39,NORTHEAST,30,TRUMBULL,155,56977.00
OHIO,39,NORTHEAST,30,WAYNE,169,224288.00
OHIO,39,NORTHWEST,10,DEFIANCE,39, (D)
OHIO,39,NORTHWEST,10,HANCOCK,63,4623.00
OHIO,39,NORTHWEST,10,HENRY,69, (D)
OHIO,39,NORTHWEST,10,PAULDING,125,8169.00
OHIO,39,NORTHWEST,10,PUTNAM,137, (D)
OHIO,39,NORTHWEST,10,VAN WERT,161,19799.00
OHIO,39,NORTHWEST,10,WILLIAMS,171,14320.00
OHIO,39,NORTHWEST,10,WOOD,173, (D)
OHIO,39,SOUTH CENTRAL,80,ADAMS,1, (D)
OHIO,39,SOUTH CENTRAL,80,BROWN,15, (D)
OHIO,39,SOUTH CENTRAL,80,GALLIA,53, (D)
OHIO,39,SOUTH CENTRAL,80,HIGHLAND,71,401.00
OHIO,39,SOUTH CENTRAL,80,JACKSON,79, (D)
OHIO,39,SOUTHEAST,90,GUERNSEY,59,4672.00
OHIO,39,SOUTHEAST,90,HOCKING,73, (D)
OHIO,39,SOUTHEAST,90,MEIGS,105,240.00
OHIO,39,SOUTHEAST,90,MONROE,111,2390.00
OHIO,39,SOUTHEAST,90,MORGAN,115,6670.00
OHIO,39,SOUTHEAST,90,MUSKINGUM,119,5418.00
OHIO,39,SOUTHEAST,90,NOBLE,121,700.00
OHIO,39,SOUTHEAST,90,PERRY,127, (D)
OHIO,39,SOUTHEAST,90,WASHINGTON,167,3275.00
OHIO,39,SOUTHWEST,70,BUTLER,17,60.00
OHIO,39,SOUTHWEST,70,CLINTON,27, (D)
OHIO,39,SOUTHWEST,70,MONTGOMERY,113,315.00
OHIO,39,SOUTHWEST,70,PREBLE,135, (D)
OHIO,39,WEST CENTRAL,40,AUGLAIZE,11,21926.00
OHIO,39,WEST CENTRAL,40,CHAMPAIGN,21, (D)
OHIO,39,WEST CENTRAL,40,DARKE,37,12369.00
OHIO,39,WEST CENTRAL,40,HARDIN,65,39232.00
OHIO,39,WEST CENTRAL,40,LOGAN,91,12887.00
OHIO,39,WEST CENTRAL,40,MERCER,107,9498.00
OHIO,39,WEST CENTRAL,40,MIAMI,109, (D)
OHIO,39,WEST CENTRAL,40,SHELBY,149,3630.00
OKLAHOMA,40,CENTRAL,50,CANADIAN,17,29872.00
OKLAHOMA,40,CENTRAL,50,CLEVELAND,27,7250.00
OKLAHOMA,40,CENTRAL,50,CREEK,37, (D)
OKLAHOMA,40,CENTRAL,50,GRADY,51,6027.00
OKLAHOMA,40,CENTRAL,50,LINCOLN,81,12600.00
OKLAHOMA,40,CENTRAL,50,LOGAN,83,42012.00
OKLAHOMA,40,CENTRAL,50,MCCLAIN,87, (D)
OKLAHOMA,40,CENTRAL,50,OKLAHOMA,109, (D)
OKLAHOMA,40,CENTRAL,50,PAYNE,119, (D)
OKLAHOMA,40,CENTRAL,50,POTTAWATOMIE,125,3081.00
OKLAHOMA,40,EAST CENTRAL,80,MUSKOGEE,101, (D)
OKLAHOMA,40,NORTH CENTRAL,40,ALFALFA,3,1326.00
OKLAHOMA,40,NORTH CENTRAL,40,GARFIELD,47,10800.00
OKLAHOMA,40,NORTH CENTRAL,40,GRANT,53, (D)
OKLAHOMA,40,NORTH CENTRAL,40,KAY,71,17280.00
OKLAHOMA,40,NORTH CENTRAL,40,MAJOR,93, (D)
OKLAHOMA,40,NORTH CENTRAL,40,NOBLE,103, (D)
OKLAHOMA,40,NORTHEAST,70,CRAIG,35,18900.00
OKLAHOMA,40,NORTHEAST,70,DELAWARE,41, (D)
OKLAHOMA,40,NORTHEAST,70,MAYES,97,13500.00
OKLAHOMA,40,NORTHEAST,70,NOWATA,105,53560.00
OKLAHOMA,40,NORTHEAST,70,ROGERS,131, (D)
OKLAHOMA,40,NORTHEAST,70,WASHINGTON,147, (D)
OKLAHOMA,40,PANHANDLE,10,HARPER,59, (D)
OKLAHOMA,40,SOUTH CENTRAL,60,BRYAN,13,21000.00
OKLAHOMA,40,SOUTH CENTRAL,60,COAL,29, (D)
OKLAHOMA,40,SOUTH CENTRAL,60,GARVIN,49,16872.00
OKLAHOMA,40,SOUTH CENTRAL,60,JEFFERSON,67,5000.00
OKLAHOMA,40,SOUTHEAST,90,LEFLORE,79, (D)
OKLAHOMA,40,SOUTHWEST,30,CADDO,15,8489.00
OKLAHOMA,40,SOUTHWEST,30,COTTON,33, (D)
OKLAHOMA,40,SOUTHWEST,30,HARMON,57, (D)
OKLAHOMA,40,SOUTHWEST,30,KIOWA,75,216376.00
OKLAHOMA,40,SOUTHWEST,30,TILLMAN,141,145100.00
OKLAHOMA,40,WEST CENTRAL,20,BECKHAM,9, (D)
OKLAHOMA,40,WEST CENTRAL,20,CUSTER,39, (D)
OKLAHOMA,40,WEST CENTRAL,20,WASHITA,149,10575.00
OREGON,41,NORTH CENTRAL,20,GILLIAM,21, (D)
OREGON,41,NORTHEAST,30,UMATILLA,59,1900.00
OREGON,41,NORTHEAST,30,UNION,61, (D)
OREGON,41,NORTHEAST,30,WALLOWA,63,44063.00
OREGON,41,NORTHWEST,10,CLACKAMAS,5,8125.00
OREGON,41,NORTHWEST,10,LINN,43,19535.00
OREGON,41,NORTHWEST,10,MARION,47,65636.00
OREGON,41,NORTHWEST,10,MULTNOMAH,51, (D)
OREGON,41,NORTHWEST,10,POLK,53,151232.00
OREGON,41,NORTHWEST,10,WASHINGTON,67,79392.00
OREGON,41,NORTHWEST,10,YAMHILL,71,55007.00
OREGON,41,SOUTHEAST,80,GRANT,23, (D)
OREGON,41,SOUTHEAST,80,KLAMATH,35,177160.00
OREGON,41,SOUTHEAST,80,LAKE,37,55708.00
OREGON,41,SOUTHEAST,80,MALHEUR,45,6780.00
OREGON,41,SOUTHWEST,70,JOSEPHINE,33, (D)
PENNSYLVANIA,42,CENTRAL,50,BLAIR,13,16132.00
PENNSYLVANIA,42,CENTRAL,50,CAMBRIA,21,124711.00
PENNSYLVANIA,42,CENTRAL,50,CENTRE,27,59586.00
PENNSYLVANIA,42,CENTRAL,50,CLEARFIELD,33,55427.00
PENNSYLVANIA,42,CENTRAL,50,COLUMBIA,37,54428.00
PENNSYLVANIA,42,CENTRAL,50,DAUPHIN,43,27316.00
PENNSYLVANIA,42,CENTRAL,50,HUNTINGDON,61,36509.00
PENNSYLVANIA,42,CENTRAL,50,JUNIATA,67,30435.00
PENNSYLVANIA,42,CENTRAL,50,MIFFLIN,87,31141.00
PENNSYLVANIA,42,CENTRAL,50,MONTOUR,93,19757.00
PENNSYLVANIA,42,CENTRAL,50,NORTHUMBERLAND,97,67305.00
PENNSYLVANIA,42,CENTRAL,50,PERRY,99,68508.00
PENNSYLVANIA,42,CENTRAL,50,SNYDER,109,45368.00
PENNSYLVANIA,42,CENTRAL,50,UNION,119,6540.00
PENNSYLVANIA,42,EAST CENTRAL,60,CARBON,25,11994.00
PENNSYLVANIA,42,EAST CENTRAL,60,LEHIGH,77,32419.00
PENNSYLVANIA,42,EAST CENTRAL,60,LUZERNE,79,24207.00
PENNSYLVANIA,42,EAST CENTRAL,60,MONROE,89,21284.00
PENNSYLVANIA,42,EAST CENTRAL,60,NORTHAMPTON,95,14039.00
PENNSYLVANIA,42,EAST CENTRAL,60,SCHUYLKILL,107,61385.00
PENNSYLVANIA,42,NORTH CENTRAL,20,BRADFORD,15,51330.00
PENNSYLVANIA,42,NORTH CENTRAL,20,CAMERON,23,3674.00
PENNSYLVANIA,42,NORTH CENTRAL,20,CLINTON,35,5709.00
PENNSYLVANIA,42,NORTH CENTRAL,20,ELK,47,6345.00
PENNSYLVANIA,42,NORTH CENTRAL,20,LYCOMING,81,60957.00
PENNSYLVANIA,42,NORTH CENTRAL,20,MCKEAN,83,5157.00
PENNSYLVANIA,42,NORTH CENTRAL,20,POTTER,105,33921.00
PENNSYLVANIA,42,NORTH CENTRAL,20,SULLIVAN,113,46000.00
PENNSYLVANIA,42,NORTH CENTRAL,20,TIOGA,117,51476.00
PENNSYLVANIA,42,NORTHEASTERN,30,SUSQUEHANNA,115,4622.00
PENNSYLVANIA,42,NORTHEASTERN,30,WAYNE,127, (D)
PENNSYLVANIA,42,NORTHEASTERN,30,WYOMING,131,7780.00
PENNSYLVANIA,42,NORTHWESTERN,10,CRAWFORD,39,85462.00
PENNSYLVANIA,42,NORTHWESTERN,10,ERIE,49,89044.00
PENNSYLVANIA,42,NORTHWESTERN,10,FOREST,53,1936.00
PENNSYLVANIA,42,NORTHWESTERN,10,MERCER,85,96197.00
PENNSYLVANIA,42,NORTHWESTERN,10,VENANGO,121,34676.00
PENNSYLVANIA,42,NORTHWESTERN,10,WARREN,123,38858.00
PENNSYLVANIA,42,SOUTH CENTRAL,80,ADAMS,1,8033.00
PENNSYLVANIA,42,SOUTH CENTRAL,80,BEDFORD,9,112410.00
PENNSYLVANIA,42,SOUTH CENTRAL,80,CUMBERLAND,41,34025.00
PENNSYLVANIA,42,SOUTH CENTRAL,80,FRANKLIN,55,21587.00
PENNSYLVANIA,42,SOUTH CENTRAL,80,FULTON,57,51808.00
PENNSYLVANIA,42,SOUTH CENTRAL,80,YORK,133,14595.00
PENNSYLVANIA,42,SOUTHEASTERN,90,BERKS,11,43994.00
PENNSYLVANIA,42,SOUTHEASTERN,90,BUCKS,17,16010.00
PENNSYLVANIA,42,SOUTHEASTERN,90,CHESTER,29,13319.00
PENNSYLVANIA,42,SOUTHEASTERN,90,DELAWARE,45, (D)
PENNSYLVANIA,42,SOUTHEASTERN,90,LANCASTER,71,45709.00
PENNSYLVANIA,42,SOUTHEASTERN,90,LEBANON,75,10842.00
PENNSYLVANIA,42,SOUTHEASTERN,90,MONTGOMERY,91,6109.00
PENNSYLVANIA,42,SOUTHWESTERN,70,ALLEGHENY,3,8706.00
PENNSYLVANIA,42,SOUTHWESTERN,70,FAYETTE,51,16994.00
PENNSYLVANIA,42,SOUTHWESTERN,70,GREENE,59, (D)
PENNSYLVANIA,42,SOUTHWESTERN,70,SOMERSET,111,195814.00
PENNSYLVANIA,42,SOUTHWESTERN,70,WASHINGTON,125,43196.00
PENNSYLVANIA,42,SOUTHWESTERN,70,WESTMORELAND,129,65957.00
PENNSYLVANIA,42,WEST CENTRAL,40,ARMSTRONG,5,123444.00
PENNSYLVANIA,42,WEST CENTRAL,40,BEAVER,7,41060.00
PENNSYLVANIA,42,WEST CENTRAL,40,BUTLER,19,127807.00
PENNSYLVANIA,42,WEST CENTRAL,40,CLARION,31,96512.00
PENNSYLVANIA,42,WEST CENTRAL,40,INDIANA,63,177497.00
PENNSYLVANIA,42,WEST CENTRAL,40,JEFFERSON,65,103799.00
PENNSYLVANIA,42,WEST CENTRAL,40,LAWRENCE,73,65709.00
SOUTH CAROLINA,45,CENTRAL,50,CALHOUN,17, (D)
SOUTH CAROLINA,45,CENTRAL,50,CLARENDON,27,45066.00
SOUTH CAROLINA,45,CENTRAL,50,LEE,61,6000.00
SOUTH CAROLINA,45,CENTRAL,50,LEXINGTON,63,4880.00
SOUTH CAROLINA,45,CENTRAL,50,ORANGEBURG,75,14860.00
SOUTH CAROLINA,45,CENTRAL,50,RICHLAND,79,5925.00
SOUTH CAROLINA,45,CENTRAL,50,SUMTER,85, (D)
SOUTH CAROLINA,45,EASTERN,30,DARLINGTON,31,10108.00
SOUTH CAROLINA,45,EASTERN,30,DILLON,33,21450.00
SOUTH CAROLINA,45,EASTERN,30,FLORENCE,41, (D)
SOUTH CAROLINA,45,EASTERN,30,HORRY,51,22529.00
SOUTH CAROLINA,45,EASTERN,30,MARION,67,13520.00
SOUTH CAROLINA,45,EASTERN,30,MARLBORO,69, (D)
SOUTH CAROLINA,45,EASTERN,30,WILLIAMSBURG,89, (D)
SOUTH CAROLINA,45,NORTH CENTRAL,20,CHESTER,23, (D)
SOUTH CAROLINA,45,NORTH CENTRAL,20,FAIRFIELD,39,300.00
SOUTH CAROLINA,45,NORTH CENTRAL,20,KERSHAW,55, (D)
SOUTH CAROLINA,45,NORTH CENTRAL,20,LANCASTER,57, (D)
SOUTH CAROLINA,45,NORTH CENTRAL,20,YORK,91, (D)
SOUTH CAROLINA,45,NORTHWEST,10,ANDERSON,7,19100.00
SOUTH CAROLINA,45,NORTHWEST,10,CHEROKEE,21, (D)
SOUTH CAROLINA,45,NORTHWEST,10,GREENVILLE,45, (D)
SOUTH CAROLINA,45,NORTHWEST,10,LAURENS,59,1700.00
SOUTH CAROLINA,45,NORTHWEST,10,OCONEE,73,4975.00
SOUTH CAROLINA,45,NORTHWEST,10,PICKENS,77, (D)
SOUTH CAROLINA,45,NORTHWEST,10,SPARTANBURG,83,16592.00
SOUTH CAROLINA,45,SOUTHERN,80,BAMBERG,9,25670.00
SOUTH CAROLINA,45,SOUTHERN,80,BARNWELL,11, (D)
SOUTH CAROLINA,45,SOUTHERN,80,BEAUFORT,13, (D)
SOUTH CAROLINA,45,SOUTHERN,80,BERKELEY,15,8602.00
SOUTH CAROLINA,45,SOUTHERN,80,COLLETON,29,53900.00
SOUTH CAROLINA,45,SOUTHERN,80,DORCHESTER,35,12500.00
SOUTH CAROLINA,45,SOUTHERN,80,HAMPTON,49, (D)
SOUTH CAROLINA,45,SOUTHERN,80,JASPER,53,6786.00
SOUTH CAROLINA,45,WEST CENTRAL,40,ABBEVILLE,1, (D)
SOUTH CAROLINA,45,WEST CENTRAL,40,AIKEN,3,25497.00
SOUTH CAROLINA,45,WEST CENTRAL,40,EDGEFIELD,37, (D)
SOUTH CAROLINA,45,WEST CENTRAL,40,GREENWOOD,47,2050.00
SOUTH CAROLINA,45,WEST CENTRAL,40,NEWBERRY,71,11500.00
SOUTH CAROLINA,45,WEST CENTRAL,40,SALUDA,81,11890.00
SOUTH DAKOTA,46,CENTRAL,50,AURORA,3,236250.00
SOUTH DAKOTA,46,CENTRAL,50,BEADLE,5,49855.00
SOUTH DAKOTA,46,CENTRAL,50,BRULE,15,104380.00
SOUTH DAKOTA,46,CENTRAL,50,HAND,59, (D)
SOUTH DAKOTA,46,CENTRAL,50,HUGHES,65,12669.00
SOUTH DAKOTA,46,CENTRAL,50,HYDE,69,76988.00
SOUTH DAKOTA,46,CENTRAL,50,JERAULD,73, (D)
SOUTH DAKOTA,46,CENTRAL,50,SULLY,119,4342.00
SOUTH DAKOTA,46,EAST CENTRAL,60,BROOKINGS,11,107302.00
SOUTH DAKOTA,46,EAST CENTRAL,60,DAVISON,35,31968.00
SOUTH DAKOTA,46,EAST CENTRAL,60,HANSON,61,30855.00
SOUTH DAKOTA,46,EAST CENTRAL,60,KINGSBURY,77,201841.00
SOUTH DAKOTA,46,EAST CENTRAL,60,LAKE,79,106300.00
SOUTH DAKOTA,46,EAST CENTRAL,60,MCCOOK,87,129706.00
SOUTH DAKOTA,46,EAST CENTRAL,60,MINER,97,41898.00
SOUTH DAKOTA,46,EAST CENTRAL,60,MINNEHAHA,99,27290.00
SOUTH DAKOTA,46,EAST CENTRAL,60,MOODY,101,15220.00
SOUTH DAKOTA,46,EAST CENTRAL,60,SANBORN,111,19647.00
SOUTH DAKOTA,46,NORTH CENTRAL,20,BROWN,13,149512.00
SOUTH DAKOTA,46,NORTH CENTRAL,20,CAMPBELL,21,31838.00
SOUTH DAKOTA,46,NORTH CENTRAL,20,EDMUNDS,45,41912.00
SOUTH DAKOTA,46,NORTH CENTRAL,20,FAULK,49,34817.00
SOUTH DAKOTA,46,NORTH CENTRAL,20,MCPHERSON,89,112728.00
SOUTH DAKOTA,46,NORTH CENTRAL,20,POTTER,107,71710.00
SOUTH DAKOTA,46,NORTH CENTRAL,20,SPINK,115,18712.00
SOUTH DAKOTA,46,NORTH CENTRAL,20,WALWORTH,129,111041.00
SOUTH DAKOTA,46,NORTHEAST,30,CLARK,25,64823.00
SOUTH DAKOTA,46,NORTHEAST,30,CODINGTON,29,177226.00
SOUTH DAKOTA,46,NORTHEAST,30,DAY,37,66978.00
SOUTH DAKOTA,46,NORTHEAST,30,DEUEL,39,298333.00
SOUTH DAKOTA,46,NORTHEAST,30,GRANT,51,86574.00
SOUTH DAKOTA,46,NORTHEAST,30,HAMLIN,57,209743.00
SOUTH DAKOTA,46,NORTHEAST,30,MARSHALL,91,89280.00
SOUTH DAKOTA,46,NORTHEAST,30,ROBERTS,109,26924.00
SOUTH DAKOTA,46,NORTHWEST,10,BUTTE,19,10600.00
SOUTH DAKOTA,46,NORTHWEST,10,CORSON,31,81167.00
SOUTH DAKOTA,46,NORTHWEST,10,DEWEY,41,81004.00
SOUTH DAKOTA,46,NORTHWEST,10,HARDING,63,5805.00
SOUTH DAKOTA,46,NORTHWEST,10,PERKINS,105,100696.00
SOUTH DAKOTA,46,NORTHWEST,10,ZIEBACH,137,16625.00
SOUTH DAKOTA,46,SOUTH CENTRAL,80,GREGORY,53,145879.00
SOUTH DAKOTA,46,SOUTH CENTRAL,80,JONES,75,107859.00
SOUTH DAKOTA,46,SOUTH CENTRAL,80,LYMAN,85,42440.00
SOUTH DAKOTA,46,SOUTH CENTRAL,80,MELLETTE,95,9023.00
SOUTH DAKOTA,46,SOUTH CENTRAL,80,TRIPP,123,222451.00
SOUTH DAKOTA,46,SOUTHEAST,90,BON HOMME,9,48269.00
SOUTH DAKOTA,46,SOUTHEAST,90,CHARLES MIX,23,116473.00
SOUTH DAKOTA,46,SOUTHEAST,90,CLAY,27,14728.00
SOUTH DAKOTA,46,SOUTHEAST,90,DOUGLAS,43,147703.00
SOUTH DAKOTA,46,SOUTHEAST,90,HUTCHINSON,67,75039.00
SOUTH DAKOTA,46,SOUTHEAST,90,LINCOLN,83,20330.00
SOUTH DAKOTA,46,SOUTHEAST,90,TURNER,125,12470.00
SOUTH DAKOTA,46,SOUTHEAST,90,UNION,127,15800.00
SOUTH DAKOTA,46,SOUTHEAST,90,YANKTON,135,9900.00
SOUTH DAKOTA,46,SOUTHWEST,70,BENNETT,7,200334.00
SOUTH DAKOTA,46,SOUTHWEST,70,FALL RIVER,47,7000.00
SOUTH DAKOTA,46,SOUTHWEST,70,OGLALA LAKOTA,102,9696.00
SOUTH DAKOTA,46,WEST CENTRAL,40,HAAKON,55,41596.00
SOUTH DAKOTA,46,WEST CENTRAL,40,JACKSON,71, (D)
SOUTH DAKOTA,46,WEST CENTRAL,40,LAWRENCE,81, (D)
SOUTH DAKOTA,46,WEST CENTRAL,40,MEADE,93,11911.00
SOUTH DAKOTA,46,WEST CENTRAL,40,PENNINGTON,103, (D)
SOUTH DAKOTA,46,WEST CENTRAL,40,STANLEY,117,76702.00
TENNESSEE,47,CENTRAL BASIN,40,GILES,55,3624.00
TENNESSEE,47,CUMBERLAND PLATEAU,50,BLEDSOE,7,530.00
TENNESSEE,47,CUMBERLAND PLATEAU,50,VAN BUREN,175, (D)
TENNESSEE,47,EAST TENNESSEE,60,BLOUNT,9,3000.00
TENNESSEE,47,EAST TENNESSEE,60,HAMBLEN,63, (D)
TENNESSEE,47,EAST TENNESSEE,60,HAWKINS,73, (D)
TENNESSEE,47,EAST TENNESSEE,60,WASHINGTON,179, (D)
TENNESSEE,47,WEST TENNESSEE,20,CARROLL,17, (D)
TENNESSEE,47,WEST TENNESSEE,20,HENRY,79, (D)
TENNESSEE,47,WEST TENNESSEE,20,MCNAIRY,109, (D)
TENNESSEE,47,WESTERN RIM,30,DICKSON,43, (D)
TENNESSEE,47,WESTERN RIM,30,HICKMAN,81,4335.00
TENNESSEE,47,WESTERN RIM,30,LAWRENCE,99,21744.00
TENNESSEE,47,WESTERN RIM,30,ROBERTSON,147, (D)
TEXAS,48,BLACKLANDS,40,BELL,27,91135.00
TEXAS,48,BLACKLANDS,40,BOSQUE,35, (D)
TEXAS,48,BLACKLANDS,40,COLLIN,85, (D)
TEXAS,48,BLACKLANDS,40,COOKE,97,118054.00
TEXAS,48,BLACKLANDS,40,CORYELL,99,173572.00
TEXAS,48,BLACKLANDS,40,DELTA,119, (D)
TEXAS,48,BLACKLANDS,40,DENTON,121,100426.00
TEXAS,48,BLACKLANDS,40,ELLIS,139, (D)
TEXAS,48,BLACKLANDS,40,FALLS,145,390159.00
TEXAS,48,BLACKLANDS,40,FANNIN,147,81352.00
TEXAS,48,BLACKLANDS,40,GRAYSON,181,31885.00
TEXAS,48,BLACKLANDS,40,HAMILTON,193,137537.00
TEXAS,48,BLACKLANDS,40,HILL,217, (D)
TEXAS,48,BLACKLANDS,40,JOHNSON,251,15062.00
TEXAS,48,BLACKLANDS,40,KAUFMAN,257, (D)
TEXAS,48,BLACKLANDS,40,LAMAR,277, (D)
TEXAS,48,BLACKLANDS,40,LIMESTONE,293, (D)
TEXAS,48,BLACKLANDS,40,MCLENNAN,309,222039.00
TEXAS,48,BLACKLANDS,40,MILAM,331,51100.00
TEXAS,48,BLACKLANDS,40,NAVARRO,349,4152.00
TEXAS,48,BLACKLANDS,40,WILLIAMSON,491,3319.00
TEXAS,48,COASTAL BEND,82,REFUGIO,391, (D)
TEXAS,48,CROSS TIMBERS,30,ARCHER,9, (D)
TEXAS,48,CROSS TIMBERS,30,BROWN,49,57550.00
TEXAS,48,CROSS TIMBERS,30,CALLAHAN,59, (D)
TEXAS,48,CROSS TIMBERS,30,COMANCHE,93,77502.00
TEXAS,48,CROSS TIMBERS,30,EASTLAND,133,1372.00
TEXAS,48,CROSS TIMBERS,30,ERATH,143,31630.00
TEXAS,48,CROSS TIMBERS,30,JACK,237, (D)
TEXAS,48,CROSS TIMBERS,30,MILLS,333,75709.00
TEXAS,48,CROSS TIMBERS,30,MONTAGUE,337,1284.00
TEXAS,48,CROSS TIMBERS,30,PARKER,367, (D)
TEXAS,48,CROSS TIMBERS,30,SHACKELFORD,417,15600.00
TEXAS,48,CROSS TIMBERS,30,WISE,497, (D)
TEXAS,48,EAST TEXAS NORTH,51,CAMP,63, (D)
TEXAS,48,EAST TEXAS NORTH,51,HOUSTON,225, (D)
TEXAS,48,EAST TEXAS NORTH,51,RED RIVER,387, (D)
TEXAS,48,EAST TEXAS SOUTH,52,GRIMES,185, (D)
TEXAS,48,EAST TEXAS SOUTH,52,MADISON,313, (D)
TEXAS,48,EAST TEXAS SOUTH,52,ROBERTSON,395,12000.00
TEXAS,48,EDWARDS PLATEAU,70,BURNET,53, (D)
TEXAS,48,EDWARDS PLATEAU,70,COKE,81,2950.00
TEXAS,48,EDWARDS PLATEAU,70,CONCHO,95,8895.00
TEXAS,48,EDWARDS PLATEAU,70,GILLESPIE,171,29049.00
TEXAS,48,EDWARDS PLATEAU,70,KERR,265,1300.00
TEXAS,48,EDWARDS PLATEAU,70,LAMPASAS,281, (D)
TEXAS,48,EDWARDS PLATEAU,70,MASON,319,3600.00
TEXAS,48,EDWARDS PLATEAU,70,MCCULLOCH,307, (D)
TEXAS,48,EDWARDS PLATEAU,70,MENARD,327, (D)
TEXAS,48,EDWARDS PLATEAU,70,SAN SABA,411,21258.00
TEXAS,48,EDWARDS PLATEAU,70,TOM GREEN,451, (D)
TEXAS,48,EDWARDS PLATEAU,70,UVALDE,463,111728.00
TEXAS,48,LOWER VALLEY,97,CAMERON,61,1080.00
TEXAS,48,NORTHERN HIGH PLAINS,11,HEMPHILL,211, (D)
TEXAS,48,NORTHERN HIGH PLAINS,11,SHERMAN,421, (D)
TEXAS,48,NORTHERN HIGH PLAINS,11,SWISHER,437, (D)
TEXAS,48,NORTHERN LOW PLAINS,21,CHILDRESS,75,23846.00
TEXAS,48,NORTHERN LOW PLAINS,21,COLLINGSWORTH,87, (D)
TEXAS,48,NORTHERN LOW PLAINS,21,GARZA,169, (D)
TEXAS,48,NORTHERN LOW PLAINS,21,HARDEMAN,197, (D)
TEXAS,48,NORTHERN LOW PLAINS,21,WICHITA,485, (D)
TEXAS,48,NORTHERN LOW PLAINS,21,WILBARGER,487, (D)
TEXAS,48,SOUTH CENTRAL,81,AUSTIN,15, (D)
TEXAS,48,SOUTH CENTRAL,81,BASTROP,21,1304.00
TEXAS,48,SOUTH CENTRAL,81,BEXAR,29,11121.00
TEXAS,48,SOUTH CENTRAL,81,CALDWELL,55, (D)
TEXAS,48,SOUTH CENTRAL,81,COMAL,91,450.00
TEXAS,48,SOUTH CENTRAL,81,GUADALUPE,187,2979.00
TEXAS,48,SOUTH CENTRAL,81,LEE,287, (D)
TEXAS,48,SOUTH CENTRAL,81,MEDINA,325,223533.00
TEXAS,48,SOUTH CENTRAL,81,TRAVIS,453, (D)
TEXAS,48,SOUTH CENTRAL,81,WILSON,493, (D)
TEXAS,48,SOUTH TEXAS,96,ATASCOSA,13,1620.00
TEXAS,48,SOUTH TEXAS,96,DUVAL,131, (D)
TEXAS,48,SOUTH TEXAS,96,FRIO,163, (D)
TEXAS,48,SOUTH TEXAS,96,LA SALLE,283, (D)
TEXAS,48,SOUTH TEXAS,96,ZAPATA,505, (D)
TEXAS,48,SOUTH TEXAS,96,ZAVALA,507, (D)
TEXAS,48,SOUTHERN LOW PLAINS,22,BAYLOR,23, (D)
TEXAS,48,SOUTHERN LOW PLAINS,22,COLEMAN,83,130937.00
TEXAS,48,SOUTHERN LOW PLAINS,22,HASKELL,207,1240.00
TEXAS,48,SOUTHERN LOW PLAINS,22,JONES,253, (D)
TEXAS,48,SOUTHERN LOW PLAINS,22,RUNNELS,399, (D)
TEXAS,48,SOUTHERN LOW PLAINS,22,TAYLOR,441, (D)
TEXAS,48,UPPER COAST,90,WHARTON,481, (D)
UTAH,49,CENTRAL,50,JUAB,23, (D)
UTAH,49,CENTRAL,50,MILLARD,27,10000.00
UTAH,49,CENTRAL,50,SANPETE,39,35962.00
UTAH,49,CENTRAL,50,UTAH,49,28512.00
UTAH,49,EASTERN,60,CARBON,7, (D)
UTAH,49,EASTERN,60,DUCHESNE,13,12870.00
UTAH,49,EASTERN,60,EMERY,15, (D)
UTAH,49,EASTERN,60,SAN JUAN,37, (D)
UTAH,49,EASTERN,60,SUMMIT,43, (D)
UTAH,49,EASTERN,60,UINTAH,47,4600.00
UTAH,49,NORTHERN,10,BOX ELDER,3,10700.00
UTAH,49,NORTHERN,10,CACHE,5,11220.00
UTAH,49,NORTHERN,10,MORGAN,29,2740.00
UTAH,49,NORTHERN,10,SALT LAKE,35,7500.00
UTAH,49,NORTHERN,10,WEBER,57, (D)
UTAH,49,SOUTHERN,70,BEAVER,1, (D)
UTAH,49,SOUTHERN,70,IRON,21, (D)
UTAH,49,SOUTHERN,70,WASHINGTON,53, (D)
UTAH,49,SOUTHERN,70,WAYNE,55, (D)
VERMONT,50,ALL COUNTIES,10,BENNINGTON,3, (D)
VERMONT,50,ALL COUNTIES,10,CALEDONIA,5, (D)
VERMONT,50,ALL COUNTIES,10,ORANGE,17, (D)
VERMONT,50,ALL COUNTIES,10,ORLEANS,19, (D)
VERMONT,50,ALL COUNTIES,10,WASHINGTON,23, (D)
VIRGINIA,51,CENTRAL,50,AMELIA,7, (D)
VIRGINIA,51,CENTRAL,50,BEDFORD,19,6700.00
VIRGINIA,51,CENTRAL,50,CAMPBELL,31,280.00
VIRGINIA,51,CENTRAL,50,CHESTERFIELD,41, (D)
VIRGINIA,51,CENTRAL,50,HANOVER,85, (D)
VIRGINIA,51,CENTRAL,50,ORANGE,137, (D)
VIRGINIA,51,CENTRAL,50,POWHATAN,145, (D)
VIRGINIA,51,EASTERN,60,CHARLES CITY,36, (D)
VIRGINIA,51,EASTERN,60,ESSEX,57, (D)
VIRGINIA,51,EASTERN,60,GLOUCESTER,73, (D)
VIRGINIA,51,EASTERN,60,KING GEORGE,99, (D)
VIRGINIA,51,EASTERN,60,NEW KENT,127, (D)
VIRGINIA,51,EASTERN,60,NORTHUMBERLAND,133, (D)
VIRGINIA,51,NORTHERN,20,FAUQUIER,61, (D)
VIRGINIA,51,NORTHERN,20,LOUDOUN,107, (D)
VIRGINIA,51,NORTHERN,20,SHENANDOAH,171,1819.00
VIRGINIA,51,SOUTHEASTERN,90,BRUNSWICK,25, (D)
VIRGINIA,51,SOUTHEASTERN,90,CHESAPEAKE CITY,550, (D)
VIRGINIA,51,SOUTHEASTERN,90,GREENSVILLE,81, (D)
VIRGINIA,51,SOUTHEASTERN,90,ISLE OF WIGHT,93, (D)
VIRGINIA,51,SOUTHEASTERN,90,MECKLENBURG,117, (D)
VIRGINIA,51,SOUTHEASTERN,90,SUSSEX,183, (D)
VIRGINIA,51,SOUTHERN,80,CHARLOTTE,37, (D)
VIRGINIA,51,SOUTHERN,80,HALIFAX,83,12800.00
VIRGINIA,51,SOUTHERN,80,PATRICK,141, (D)
VIRGINIA,51,SOUTHERN,80,PITTSYLVANIA,143,15149.00
VIRGINIA,51,SOUTHWESTERN,70,CARROLL,35,744.00
VIRGINIA,51,SOUTHWESTERN,70,LEE,105, (D)
VIRGINIA,51,SOUTHWESTERN,70,TAZEWELL,185, (D)
VIRGINIA,51,SOUTHWESTERN,70,WYTHE,197, (D)
VIRGINIA,51,WESTERN,40,AUGUSTA,15,2620.00
VIRGINIA,51,WESTERN,40,ROCKBRIDGE,163, (D)
WASHINGTON,53,CENTRAL,20,KITTITAS,37,1512.00
WASHINGTON,53,CENTRAL,20,KLICKITAT,39,160.00
WASHINGTON,53,CENTRAL,20,OKANOGAN,47,7285.00
WASHINGTON,53,CENTRAL,20,YAKIMA,77, (D)
WASHINGTON,53,EAST CENTRAL,50,ADAMS,1, (D)
WASHINGTON,53,EAST CENTRAL,50,DOUGLAS,17, (D)
WASHINGTON,53,EAST CENTRAL,50,LINCOLN,43,17308.00
WASHINGTON,53,NORTHEAST,30,SPOKANE,63,70056.00
WASHINGTON,53,NORTHEAST,30,STEVENS,65,18138.00
WASHINGTON,53,SOUTHEAST,90,ASOTIN,3, (D)
WASHINGTON,53,SOUTHEAST,90,COLUMBIA,13, (D)
WASHINGTON,53,SOUTHEAST,90,GARFIELD,23, (D)
WASHINGTON,53,SOUTHEAST,90,WHITMAN,75, (D)
WASHINGTON,53,WESTERN,10,CLALLAM,9, (D)
WASHINGTON,53,WESTERN,10,CLARK,11, (D)
WASHINGTON,53,WESTERN,10,COWLITZ,15, (D)
WASHINGTON,53,WESTERN,10,LEWIS,41,11170.00
WASHINGTON,53,WESTERN,10,SNOHOMISH,61,4267.00
WASHINGTON,53,WESTERN,10,WHATCOM,73, (D)
WEST VIRGINIA,54,EASTERN,60,GREENBRIER,25, (D)
WEST VIRGINIA,54,EASTERN,60,HAMPSHIRE,27, (D)
WEST VIRGINIA,54,EASTERN,60,MINERAL,57, (D)
WEST VIRGINIA,54,EASTERN,60,MONROE,63, (D)
WEST VIRGINIA,54,EASTERN,60,MORGAN,65,1158.00
WEST VIRGINIA,54,EASTERN,60,POCAHONTAS,75,2452.00
WEST VIRGINIA,54,EASTERN,60,TUCKER,93, (D)
WEST VIRGINIA,54,NORTHWEST,20,BROOKE,9, (D)
WEST VIRGINIA,54,NORTHWEST,20,MARION,49, (D)
WEST VIRGINIA,54,NORTHWEST,20,OHIO,69,727.00
WEST VIRGINIA,54,NORTHWEST,20,PRESTON,77,10737.00
WEST VIRGINIA,54,NORTHWEST,20,WETZEL,103, (D)
WEST VIRGINIA,54,SOUTHWEST,40,MERCER,55, (D)
WISCONSIN,55,CENTRAL,50,ADAMS,1,5972.00
WISCONSIN,55,CENTRAL,50,GREEN LAKE,47,21278.00
WISCONSIN,55,CENTRAL,50,JUNEAU,57,33551.00
WISCONSIN,55,CENTRAL,50,MARQUETTE,77,7365.00
WISCONSIN,55,CENTRAL,50,PORTAGE,97,50398.00
WISCONSIN,55,CENTRAL,50,WAUPACA,135,54043.00
WISCONSIN,55,CENTRAL,50,WAUSHARA,137,14484.00
WISCONSIN,55,CENTRAL,50,WOOD,141,49627.00
WISCONSIN,55,EAST CENTRAL,60,BROWN,9,102751.00
WISCONSIN,55,EAST CENTRAL,60,CALUMET,15,52074.00
WISCONSIN,55,EAST CENTRAL,60,DOOR,29,155586.00
WISCONSIN,55,EAST CENTRAL,60,FOND DU LAC,39,79754.00
WISCONSIN,55,EAST CENTRAL,60,KEWAUNEE,61,199790.00
WISCONSIN,55,EAST CENTRAL,60,MANITOWOC,71,150593.00
WISCONSIN,55,EAST CENTRAL,60,OUTAGAMIE,87,56567.00
WISCONSIN,55,EAST CENTRAL,60,SHEBOYGAN,117,75821.00
WISCONSIN,55,EAST CENTRAL,60,WINNEBAGO,139,8600.00
WISCONSIN,55,NORTH CENTRAL,20,ASHLAND,3, (D)
WISCONSIN,55,NORTH CENTRAL,20,CLARK,19,302234.00
WISCONSIN,55,NORTH CENTRAL,20,IRON,51, (D)
WISCONSIN,55,NORTH CENTRAL,20,LINCOLN,69,30258.00
WISCONSIN,55,NORTH CENTRAL,20,MARATHON,73,275915.00
WISCONSIN,55,NORTH CENTRAL,20,ONEIDA,85,31106.00
WISCONSIN,55,NORTH CENTRAL,20,PRICE,99,24116.00
WISCONSIN,55,NORTH CENTRAL,20,TAYLOR,119,91696.00
WISCONSIN,55,NORTH CENTRAL,20,VILAS,125, (D)
WISCONSIN,55,NORTHEAST,30,FLORENCE,37,5806.00
WISCONSIN,55,NORTHEAST,30,FOREST,41,60197.00
WISCONSIN,55,NORTHEAST,30,LANGLADE,67,684004.00
WISCONSIN,55,NORTHEAST,30,MARINETTE,75,38018.00
WISCONSIN,55,NORTHEAST,30,OCONTO,83,31495.00
WISCONSIN,55,NORTHEAST,30,SHAWANO,115,185198.00
WISCONSIN,55,NORTHWEST,10,BARRON,5,58920.00
WISCONSIN,55,NORTHWEST,10,BAYFIELD,7,32795.00
WISCONSIN,55,NORTHWEST,10,BURNETT,13,66000.00
WISCONSIN,55,NORTHWEST,10,CHIPPEWA,17,147386.00
WISCONSIN,55,NORTHWEST,10,DOUGLAS,31,16795.00
WISCONSIN,55,NORTHWEST,10,POLK,95,43798.00
WISCONSIN,55,NORTHWEST,10,RUSK,107,20226.00
WISCONSIN,55,NORTHWEST,10,SAWYER,113,20782.00
WISCONSIN,55,NORTHWEST,10,WASHBURN,129,7265.00
WISCONSIN,55,SOUTH CENTRAL,80,COLUMBIA,21,35034.00
WISCONSIN,55,SOUTH CENTRAL,80,DANE,25,45189.00
WISCONSIN,55,SOUTH CENTRAL,80,DODGE,27,89525.00
WISCONSIN,55,SOUTH CENTRAL,80,GREEN,45,86777.00
WISCONSIN,55,SOUTH CENTRAL,80,JEFFERSON,55,15844.00
WISCONSIN,55,SOUTH CENTRAL,80,ROCK,105,17231.00
WISCONSIN,55,SOUTHEAST,90,KENOSHA,59,6624.00
WISCONSIN,55,SOUTHEAST,90,OZAUKEE,89,32891.00
WISCONSIN,55,SOUTHEAST,90,RACINE,101,2943.00
WISCONSIN,55,SOUTHEAST,90,WALWORTH,127,3290.00
WISCONSIN,55,SOUTHEAST,90,WASHINGTON,131,130469.00
WISCONSIN,55,SOUTHEAST,90,WAUKESHA,133,16564.00
WISCONSIN,55,SOUTHWEST,70,CRAWFORD,23,55831.00
WISCONSIN,55,SOUTHWEST,70,GRANT,43,308005.00
WISCONSIN,55,SOUTHWEST,70,IOWA,49,164747.00
WISCONSIN,55,SOUTHWEST,70,LAFAYETTE,65,115073.00
WISCONSIN,55,SOUTHWEST,70,RICHLAND,103,32189.00
WISCONSIN,55,SOUTHWEST,70,SAUK,111,81334.00
WISCONSIN,55,SOUTHWEST,70,VERNON,123,94569.00
WISCONSIN,55,WEST CENTRAL,40,BUFFALO,11,39839.00
WISCONSIN,55,WEST CENTRAL,40,DUNN,33,117395.00
WISCONSIN,55,WEST CENTRAL,40,EAU CLAIRE,35,64234.00
WISCONSIN,55,WEST CENTRAL,40,JACKSON,53,89268.00
WISCONSIN,55,WEST CENTRAL,40,LA CROSSE,63,16581.00
WISCONSIN,55,WEST CENTRAL,40,MONROE,81,173822.00
WISCONSIN,55,WEST CENTRAL,40,PEPIN,91,9296.00
WISCONSIN,55,WEST CENTRAL,40,PIERCE,93,86238.00
WISCONSIN,55,WEST CENTRAL,40,ST CROIX,109,125768.00
WISCONSIN,55,WEST CENTRAL,40,TREMPEALEAU,121,63882.00
WYOMING,56,NORTHEAST,20,CAMPBELL,5,3767.00
WYOMING,56,NORTHEAST,20,CROOK,11, (D)
WYOMING,56,NORTHEAST,20,JOHNSON,19, (D)
WYOMING,56,NORTHEAST,20,SHERIDAN,33,10403.00
WYOMING,56,NORTHEAST,20,WESTON,45, (D)
WYOMING,56,NORTHWEST,10,BIG HORN,3,65948.00
WYOMING,56,NORTHWEST,10,FREMONT,13,39703.00
WYOMING,56,NORTHWEST,10,HOT SPRINGS,17, (D)
WYOMING,56,NORTHWEST,10,PARK,29,106340.00
WYOMING,56,SOUTH CENTRAL,40,NATRONA,25, (D)
WYOMING,56,SOUTHEAST,50,CONVERSE,9, (D)
WYOMING,56,SOUTHEAST,50,GOSHEN,15,35362.00
WYOMING,56,SOUTHEAST,50,LARAMIE,21,17012.00
WYOMING,56,SOUTHEAST,50,NIOBRARA,27, (D)
WYOMING,56,SOUTHEAST,50,PLATTE,31,18449.00
WYOMING,56,WEST,30,LINCOLN,23,89052.00
ILLINOIS,17,EAST,50,LIVINGSTON,105,30600.00
ILLINOIS,17,EAST,50,OTHER (COMBINED) COUNTIES,,56600.00
ILLINOIS,17,EAST SOUTHEAST,70,OTHER (COMBINED) COUNTIES,,96000.00
ILLINOIS,17,NORTHEAST,20,LA SALLE,99,18200.00
ILLINOIS,17,NORTHEAST,20,OTHER (COMBINED) COUNTIES,,536800.00
ILLINOIS,17,NORTHWEST,10,CARROLL,15,9500.00
ILLINOIS,17,NORTHWEST,10,HENRY,73,28500.00
ILLINOIS,17,NORTHWEST,10,LEE,103,5300.00
ILLINOIS,17,NORTHWEST,10,OGLE,141,58500.00
ILLINOIS,17,NORTHWEST,10,OTHER (COMBINED) COUNTIES,,242700.00
ILLINOIS,17,NORTHWEST,10,STEPHENSON,177,39000.00
ILLINOIS,17,NORTHWEST,10,WHITESIDE,195,39500.00
ILLINOIS,17,SOUTHEAST,90,OTHER (COMBINED) COUNTIES,,29000.00
IOWA,19,CENTRAL,50,BOONE,15,48800.00
IOWA,19,CENTRAL,50,JASPER,99,9900.00
IOWA,19,CENTRAL,50,OTHER (COMBINED) COUNTIES,,204400.00
IOWA,19,CENTRAL,50,POWESHIEK,157,32200.00
IOWA,19,CENTRAL,50,TAMA,171,15700.00
IOWA,19,EAST CENTRAL,60,BENTON,11,38500.00
IOWA,19,EAST CENTRAL,60,CLINTON,45,50700.00
IOWA,19,EAST CENTRAL,60,JOHNSON,103,37700.00
IOWA,19,EAST CENTRAL,60,JONES,105,37100.00
IOWA,19,EAST CENTRAL,60,LINN,113,37800.00
IOWA,19,EAST CENTRAL,60,MUSCATINE,139,24000.00
IOWA,19,EAST CENTRAL,60,OTHER (COMBINED) COUNTIES,,261100.00
IOWA,19,EAST CENTRAL,60,SCOTT,163,7100.00
IOWA,19,NORTH CENTRAL,20,MITCHELL,131,36200.00
IOWA,19,NORTH CENTRAL,20,OTHER (COMBINED) COUNTIES,,261100.00
IOWA,19,NORTH CENTRAL,20,WORTH,195,32700.00
IOWA,19,NORTHEAST,30,ALLAMAKEE,5,79700.00
IOWA,19,NORTHEAST,30,BUCHANAN,19,31900.00
IOWA,19,NORTHEAST,30,CLAYTON,43,61900.00
IOWA,19,NORTHEAST,30,DUBUQUE,61,68300.00
IOWA,19,NORTHEAST,30,FAYETTE,65,51400.00
IOWA,19,NORTHEAST,30,HOWARD,89,71000.00
IOWA,19,NORTHEAST,30,OTHER (COMBINED) COUNTIES,,403800.00
IOWA,19,NORTHWEST,10,O BRIEN,141,29900.00
IOWA,19,NORTHWEST,10,OTHER (COMBINED) COUNTIES,,160300.00
IOWA,19,NORTHWEST,10,PALO ALTO,147,154000.00
IOWA,19,NORTHWEST,10,PLYMOUTH,149,72300.00
IOWA,19,NORTHWEST,10,SIOUX,167,47500.00
IOWA,19,SOUTHEAST,90,DAVIS,51,24800.00
IOWA,19,SOUTHEAST,90,HENRY,87,25400.00
IOWA,19,SOUTHEAST,90,MAHASKA,123,46000.00
IOWA,19,SOUTHEAST,90,OTHER (COMBINED) COUNTIES,,91100.00
IOWA,19,SOUTHEAST,90,VAN BUREN,177,26700.00
IOWA,19,WEST CENTRAL,40,AUDUBON,9,42100.00
IOWA,19,WEST CENTRAL,40,CRAWFORD,47,21800.00
IOWA,19,WEST CENTRAL,40,OTHER (COMBINED) COUNTIES,,216100.00
IOWA,19,WEST CENTRAL,40,WOODBURY,193,20000.00
KANSAS,20,CENTRAL,50,MCPHERSON,113,20400.00
KANSAS,20,CENTRAL,50,OTHER (COMBINED) COUNTIES,,327600.00
KANSAS,20,EAST CENTRAL,80,ANDERSON,3,17200.00
KANSAS,20,EAST CENTRAL,80,OTHER (COMBINED) COUNTIES,,97800.00
KANSAS,20,NORTH CENTRAL,40,OTHER (COMBINED) COUNTIES,,329700.00
KANSAS,20,NORTH CENTRAL,40,SMITH,183,12300.00
MICHIGAN,26,CENTRAL,50,CLARE,35,33600.00
MICHIGAN,26,CENTRAL,50,GLADWIN,51,25900.00
MICHIGAN,26,CENTRAL,50,ISABELLA,73,58100.00
MICHIGAN,26,CENTRAL,50,MECOSTA,107,81500.00
MICHIGAN,26,CENTRAL,50,OTHER (COMBINED) COUNTIES,,127900.00
MICHIGAN,26,EAST CENTRAL,60,HURON,63,144000.00
MICHIGAN,26,EAST CENTRAL,60,OTHER (COMBINED) COUNTIES,,334000.00
MICHIGAN,26,NORTHEAST,30,CHEBOYGAN,31,31200.00
MICHIGAN,26,NORTHEAST,30,IOSCO,69,20200.00
MICHIGAN,26,NORTHEAST,30,OTHER (COMBINED) COUNTIES,,290600.00
MICHIGAN,26,NORTHWEST,20,GRAND TRAVERSE,55,66700.00
MICHIGAN,26,NORTHWEST,20,MISSAUKEE,113,15000.00
MICHIGAN,26,NORTHWEST,20,OTHER (COMBINED) COUNTIES,,93300.00
MICHIGAN,26,SOUTH CENTRAL,80,HILLSDALE,59,35500.00
MICHIGAN,26,SOUTH CENTRAL,80,JACKSON,75,20000.00
MICHIGAN,26,SOUTH CENTRAL,80,OTHER (COMBINED) COUNTIES,,137700.00
MICHIGAN,26,SOUTH CENTRAL,80,SHIAWASSEE,155,34800.00
MICHIGAN,26,SOUTHEAST,90,LAPEER,87,25900.00
MICHIGAN,26,SOUTHEAST,90,OTHER (COMBINED) COUNTIES,,39200.00
MICHIGAN,26,SOUTHWEST,70,ALLEGAN,5,4400.00
MICHIGAN,26,SOUTHWEST,70,KENT,81,37800.00
MICHIGAN,26,SOUTHWEST,70,OTHER (COMBINED) COUNTIES,,20700.00
MICHIGAN,26,UPPER PENINSULA,10,CHIPPEWA,33,24900.00
MICHIGAN,26,UPPER PENINSULA,10,DICKINSON,43,17100.00
MICHIGAN,26,UPPER PENINSULA,10,OTHER (COMBINED) COUNTIES,,312000.00
MICHIGAN,26,WEST CENTRAL,40,MASON,105,63200.00
MICHIGAN,26,WEST CENTRAL,40,NEWAYGO,123,28800.00
MICHIGAN,26,WEST CENTRAL,40,OTHER (COMBINED) COUNTIES,,36000.00
MINNESOTA,27,CENTRAL,50,BENTON,9,63700.00
MINNESOTA,27,CENTRAL,50,CARVER,19,66400.00
MINNESOTA,27,CENTRAL,50,MCLEOD,85,38500.00
MINNESOTA,27,CENTRAL,50,OTHER (COMBINED) COUNTIES,,705900.00
MINNESOTA,27,CENTRAL,50,SCOTT,139,19200.00
MINNESOTA,27,CENTRAL,50,SIBLEY,143,13500.00
MINNESOTA,27,CENTRAL,50,STEARNS,145,799000.00
MINNESOTA,27,CENTRAL,50,WADENA,159,97800.00
MINNESOTA,27,EAST CENTRAL,60,AITKIN,1,38600.00
MINNESOTA,27,EAST CENTRAL,60,CHISAGO,25,24100.00
MINNESOTA,27,EAST CENTRAL,60,KANABEC,65,35100.00
MINNESOTA,27,EAST CENTRAL,60,OTHER (COMBINED) COUNTIES,,196100.00
MINNESOTA,27,EAST CENTRAL,60,PINE,115,38100.00
MINNESOTA,27,NORTH CENTRAL,20,BELTRAMI,7,114000.00
MINNESOTA,27,NORTH CENTRAL,20,HUBBARD,57,22900.00
MINNESOTA,27,NORTH CENTRAL,20,KOOCHICHING,71,17500.00
MINNESOTA,27,NORTH CENTRAL,20,LAKE OF THE WOODS,77,124000.00
MINNESOTA,27,NORTH CENTRAL,20,OTHER (COMBINED) COUNTIES,,36600.00
MINNESOTA,27,NORTHEAST,30,ST. LOUIS,137,20000.00
MINNESOTA,27,NORTHWEST,10,BECKER,5,59800.00
MINNESOTA,27,NORTHWEST,10,CLEARWATER,29,57700.00
MINNESOTA,27,NORTHWEST,10,OTHER (COMBINED) COUNTIES,,1486500.00
MINNESOTA,27,SOUTH CENTRAL,80,BROWN,15,70300.00
MINNESOTA,27,SOUTH CENTRAL,80,FARIBAULT,43,61200.00
MINNESOTA,27,SOUTH CENTRAL,80,LE SUEUR,79,14800.00
MINNESOTA,27,SOUTH CENTRAL,80,MARTIN,91,14700.00
MINNESOTA,27,SOUTH CENTRAL,80,OTHER (COMBINED) COUNTIES,,192100.00
MINNESOTA,27,SOUTH CENTRAL,80,RICE,131,51900.00
MINNESOTA,27,SOUTH CENTRAL,80,STEELE,147,51000.00
MINNESOTA,27,SOUTHEAST,90,DAKOTA,37,12300.00
MINNESOTA,27,SOUTHEAST,90,GOODHUE,49,90500.00
MINNESOTA,27,SOUTHEAST,90,HOUSTON,55,39000.00
MINNESOTA,27,SOUTHEAST,90,MOWER,99,62300.00
MINNESOTA,27,SOUTHEAST,90,OLMSTED,109,107000.00
MINNESOTA,27,SOUTHEAST,90,OTHER (COMBINED) COUNTIES,,279900.00
MINNESOTA,27,SOUTHEAST,90,WABASHA,157,226000.00
MINNESOTA,27,SOUTHEAST,90,WINONA,169,158000.00
MINNESOTA,27,SOUTHWEST,70,LYON,83,34800.00
MINNESOTA,27,SOUTHWEST,70,MURRAY,101,155000.00
MINNESOTA,27,SOUTHWEST,70,OTHER (COMBINED) COUNTIES,,533200.00
MINNESOTA,27,SOUTHWEST,70,ROCK,133,63000.00
MINNESOTA,27,WEST CENTRAL,40,DOUGLAS,41,124000.00
MINNESOTA,27,WEST CENTRAL,40,LAC QUI PARLE,73,64700.00
MINNESOTA,27,WEST CENTRAL,40,OTHER (COMBINED) COUNTIES,,644300.00
MONTANA,30,NORTH CENTRAL,20,HILL,41,23500.00
MONTANA,30,NORTH CENTRAL,20,OTHER (COMBINED) COUNTIES,,244500.00
MONTANA,30,NORTHWEST,10,LAKE,47,13500.00
MONTANA,30,NORTHWEST,10,OTHER (COMBINED) COUNTIES,,30500.00
MONTANA,30,SOUTH CENTRAL,80,OTHER (COMBINED) COUNTIES,,55000.00
MONTANA,30,SOUTHWEST,70,OTHER (COMBINED) COUNTIES,,70000.00
NEBRASKA,31,NORTHEAST,30,OTHER (COMBINED) COUNTIES,,630000.00
NEBRASKA,31,SOUTHEAST,90,GAGE,67,42100.00
NEBRASKA,31,SOUTHEAST,90,OTHER (COMBINED) COUNTIES,,99900.00
NEBRASKA,31,SOUTHWEST,70,OTHER (COMBINED) COUNTIES,,182000.00
NEW YORK,36,CENTRAL,50,CAYUGA,11,16400.00
NEW YORK,36,CENTRAL,50,HERKIMER,43,34000.00
NEW YORK,36,CENTRAL,50,MADISON,53,114000.00
NEW YORK,36,CENTRAL,50,ONONDAGA,67,61000.00
NEW YORK,36,CENTRAL,50,OTHER (COMBINED) COUNTIES,,178600.00
NEW YORK,36,CENTRAL,50,OTSEGO,77,85000.00
NEW YORK,36,EASTERN,60,ALBANY,1,7400.00
NEW YORK,36,EASTERN,60,OTHER (COMBINED) COUNTIES,,40800.00
NEW YORK,36,EASTERN,60,SCHOHARIE,95,24100.00
NEW YORK,36,NORTHEAST,30,OTHER (COMBINED) COUNTIES,,46800.00
NEW YORK,36,NORTHERN,20,JEFFERSON,45,32900.00
NEW YORK,36,NORTHERN,20,LEWIS,49,27600.00
NEW YORK,36,NORTHERN,20,ST LAWRENCE,89,16900.00
NEW YORK,36,SOUTHWEST,70,OTHER (COMBINED) COUNTIES,,217000.00
NEW YORK,36,SOUTHWEST,70,STEUBEN,101,340000.00
NEW YORK,36,WESTERN,40,ERIE,29,58900.00
NEW YORK,36,WESTERN,40,GENESEE,37,45000.00
NEW YORK,36,WESTERN,40,LIVINGSTON,51,50700.00
NEW YORK,36,WESTERN,40,ORLEANS,73,13400.00
NEW YORK,36,WESTERN,40,OTHER (COMBINED) COUNTIES,,92000.00
NEW YORK,36,WESTERN,40,SENECA,99,33000.00
NEW YORK,36,WESTERN,40,WAYNE,117,19200.00
NEW YORK,36,WESTERN,40,WYOMING,121,128000.00
NEW YORK,36,WESTERN,40,YATES,123,4800.00
NORTH DAKOTA,38,CENTRAL,50,OTHER (COMBINED) COUNTIES,,532000.00
NORTH DAKOTA,38,CENTRAL,50,WELLS,103,102000.00
NORTH DAKOTA,38,NORTH CENTRAL,20,BENSON,5,97000.00
NORTH DAKOTA,38,NORTH CENTRAL,20,MCHENRY,49,691000.00
NORTH DAKOTA,38,NORTH CENTRAL,20,OTHER (COMBINED) COUNTIES,,569000.00
NORTH DAKOTA,38,NORTHWEST,10,OTHER (COMBINED) COUNTIES,,1187000.00
NORTH DAKOTA,38,NORTHWEST,10,WARD,101,148000.00
NORTH DAKOTA,38,SOUTHEAST,90,DICKEY,21,163000.00
NORTH DAKOTA,38,SOUTHEAST,90,LA MOURE,45,35800.00
NORTH DAKOTA,38,SOUTHEAST,90,OTHER (COMBINED) COUNTIES,,223200.00
OHIO,39,CENTRAL,50,KNOX,83,24700.00
OHIO,39,CENTRAL,50,MARION,101,10000.00
OHIO,39,CENTRAL,50,OTHER (COMBINED) COUNTIES,,72300.00
OHIO,39,EAST CENTRAL,60,CARROLL,19,31500.00
OHIO,39,EAST CENTRAL,60,COSHOCTON,31,21500.00
OHIO,39,EAST CENTRAL,60,HOLMES,75,55800.00
OHIO,39,EAST CENTRAL,60,OTHER (COMBINED) COUNTIES,,54900.00
OHIO,39,EAST CENTRAL,60,TUSCARAWAS,157,25300.00
OHIO,39,NORTH CENTRAL,20,ASHLAND,5,23300.00
OHIO,39,NORTH CENTRAL,20,CRAWFORD,33,4600.00
OHIO,39,NORTH CENTRAL,20,OTHER (COMBINED) COUNTIES,,40600.00
OHIO,39,NORTH CENTRAL,20,RICHLAND,139,17400.00
OHIO,39,NORTHEAST,30,COLUMBIANA,29,83000.00
OHIO,39,NORTHEAST,30,GEAUGA,55,33500.00
OHIO,39,NORTHEAST,30,OTHER (COMBINED) COUNTIES,,147900.00
OHIO,39,NORTHEAST,30,PORTAGE,133,37200.00
OHIO,39,NORTHEAST,30,STARK,151,39500.00
OHIO,39,NORTHEAST,30,TRUMBULL,155,95900.00
OHIO,39,NORTHEAST,30,WAYNE,169,143000.00
OHIO,39,SOUTHEAST,90,GUERNSEY,59,4700.00
OHIO,39,SOUTHEAST,90,MORGAN,115,1400.00
OHIO,39,SOUTHEAST,90,OTHER (COMBINED) COUNTIES,,6000.00
OHIO,39,WEST CENTRAL,40,OTHER (COMBINED) COUNTIES,,323000.00
OREGON,41,NORTHWEST,10,MARION,47,50000.00
OREGON,41,NORTHWEST,10,OTHER (COMBINED) COUNTIES,,73600.00
OREGON,41,NORTHWEST,10,POLK,53,106000.00
OREGON,41,NORTHWEST,10,WASHINGTON,67,98400.00
OREGON,41,NORTHWEST,10,YAMHILL,71,149000.00
OREGON,41,SOUTHEAST,80,OTHER (COMBINED) COUNTIES,,221000.00
PENNSYLVANIA,42,CENTRAL,50,BLAIR,13,9400.00
PENNSYLVANIA,42,CENTRAL,50,CAMBRIA,21,140000.00
PENNSYLVANIA,42,CENTRAL,50,CENTRE,27,77000.00
PENNSYLVANIA,42,CENTRAL,50,CLEARFIELD,33,70000.00
PENNSYLVANIA,42,CENTRAL,50,COLUMBIA,37,50000.00
PENNSYLVANIA,42,CENTRAL,50,DAUPHIN,43,23000.00
PENNSYLVANIA,42,CENTRAL,50,HUNTINGDON,61,56000.00
PENNSYLVANIA,42,CENTRAL,50,JUNIATA,67,28500.00
PENNSYLVANIA,42,CENTRAL,50,MIFFLIN,87,32100.00
PENNSYLVANIA,42,CENTRAL,50,NORTHUMBERLAND,97,15000.00
PENNSYLVANIA,42,CENTRAL,50,OTHER (COMBINED) COUNTIES,,13000.00
PENNSYLVANIA,42,CENTRAL,50,PERRY,99,57000.00
PENNSYLVANIA,42,CENTRAL,50,SNYDER,109,18000.00
PENNSYLVANIA,42,EAST CENTRAL,60,LEHIGH,77,11000.00
PENNSYLVANIA,42,EAST CENTRAL,60,LUZERNE,79,14700.00
PENNSYLVANIA,42,EAST CENTRAL,60,MONROE,89,15500.00
PENNSYLVANIA,42,EAST CENTRAL,60,OTHER (COMBINED) COUNTIES,,21800.00
PENNSYLVANIA,42,EAST CENTRAL,60,SCHUYLKILL,107,58000.00
PENNSYLVANIA,42,NORTH CENTRAL,20,BRADFORD,15,24800.00
PENNSYLVANIA,42,NORTH CENTRAL,20,LYCOMING,81,116000.00
PENNSYLVANIA,42,NORTH CENTRAL,20,OTHER (COMBINED) COUNTIES,,13800.00
PENNSYLVANIA,42,NORTH CENTRAL,20,POTTER,105,38000.00
PENNSYLVANIA,42,NORTH CENTRAL,20,SULLIVAN,113,11900.00
PENNSYLVANIA,42,NORTH CENTRAL,20,TIOGA,117,27500.00
PENNSYLVANIA,42,NORTHEASTERN,30,OTHER (COMBINED) COUNTIES,,3900.00
PENNSYLVANIA,42,NORTHWESTERN,10,CRAWFORD,39,52000.00
PENNSYLVANIA,42,NORTHWESTERN,10,OTHER (COMBINED) COUNTIES,,216400.00
PENNSYLVANIA,42,NORTHWESTERN,10,VENANGO,121,20600.00
PENNSYLVANIA,42,SOUTH CENTRAL,80,BEDFORD,9,53000.00
PENNSYLVANIA,42,SOUTH CENTRAL,80,CUMBERLAND,41,39300.00
PENNSYLVANIA,42,SOUTH CENTRAL,80,FRANKLIN,55,17500.00
PENNSYLVANIA,42,SOUTH CENTRAL,80,FULTON,57,39000.00
PENNSYLVANIA,42,SOUTH CENTRAL,80,OTHER (COMBINED) COUNTIES,,25200.00
PENNSYLVANIA,42,SOUTHEASTERN,90,BERKS,11,37500.00
PENNSYLVANIA,42,SOUTHEASTERN,90,BUCKS,17,5000.00
PENNSYLVANIA,42,SOUTHEASTERN,90,LANCASTER,71,9400.00
PENNSYLVANIA,42,SOUTHEASTERN,90,OTHER (COMBINED) COUNTIES,,18200.00
PENNSYLVANIA,42,SOUTHWESTERN,70,FAYETTE,51,19000.00
PENNSYLVANIA,42,SOUTHWESTERN,70,OTHER (COMBINED) COUNTIES,,27300.00
PENNSYLVANIA,42,SOUTHWESTERN,70,SOMERSET,111,129000.00
PENNSYLVANIA,42,SOUTHWESTERN,70,WESTMORELAND,129,64700.00
PENNSYLVANIA,42,WEST CENTRAL,40,ARMSTRONG,5,97000.00
PENNSYLVANIA,42,WEST CENTRAL,40,BEAVER,7,32000.00
PENNSYLVANIA,42,WEST CENTRAL,40,BUTLER,19,61000.00
PENNSYLVANIA,42,WEST CENTRAL,40,CLARION,31,110000.00
PENNSYLVANIA,42,WEST CENTRAL,40,INDIANA,63,159000.00
PENNSYLVANIA,42,WEST CENTRAL,40,JEFFERSON,65,72000.00
PENNSYLVANIA,42,WEST CENTRAL,40,LAWRENCE,73,70000.00
SOUTH DAKOTA,46,CENTRAL,50,AURORA,3,120000.00
SOUTH DAKOTA,46,CENTRAL,50,BEADLE,5,43900.00
SOUTH DAKOTA,46,CENTRAL,50,BRULE,15,56100.00
SOUTH DAKOTA,46,CENTRAL,50,OTHER (COMBINED) COUNTIES,,119900.00
SOUTH DAKOTA,46,CENTRAL,50,SULLY,119,17100.00
SOUTH DAKOTA,46,EAST CENTRAL,60,BROOKINGS,11,205000.00
SOUTH DAKOTA,46,EAST CENTRAL,60,KINGSBURY,77,216000.00
SOUTH DAKOTA,46,EAST CENTRAL,60,LAKE,79,79800.00
SOUTH DAKOTA,46,EAST CENTRAL,60,MCCOOK,87,197000.00
SOUTH DAKOTA,46,EAST CENTRAL,60,MINER,97,101000.00
SOUTH DAKOTA,46,EAST CENTRAL,60,OTHER (COMBINED) COUNTIES,,233200.00
SOUTH DAKOTA,46,NORTH CENTRAL,20,BROWN,13,197000.00
SOUTH DAKOTA,46,NORTH CENTRAL,20,OTHER (COMBINED) COUNTIES,,169000.00
SOUTH DAKOTA,46,NORTHEAST,30,CLARK,25,174000.00
SOUTH DAKOTA,46,NORTHEAST,30,CODINGTON,29,128000.00
SOUTH DAKOTA,46,NORTHEAST,30,DAY,37,119000.00
SOUTH DAKOTA,46,NORTHEAST,30,DEUEL,39,220000.00
SOUTH DAKOTA,46,NORTHEAST,30,GRANT,51,79500.00
SOUTH DAKOTA,46,NORTHEAST,30,MARSHALL,91,40300.00
SOUTH DAKOTA,46,NORTHEAST,30,OTHER (COMBINED) COUNTIES,,224200.00
SOUTH DAKOTA,46,NORTHWEST,10,OTHER (COMBINED) COUNTIES,,47000.00
SOUTH DAKOTA,46,SOUTH CENTRAL,80,GREGORY,53,255000.00
SOUTH DAKOTA,46,SOUTH CENTRAL,80,OTHER (COMBINED) COUNTIES,,192000.00
SOUTH DAKOTA,46,SOUTH CENTRAL,80,TRIPP,123,205000.00
SOUTH DAKOTA,46,SOUTHEAST,90,DOUGLAS,43,66000.00
SOUTH DAKOTA,46,SOUTHEAST,90,HUTCHINSON,67,50800.00
SOUTH DAKOTA,46,SOUTHEAST,90,LINCOLN,83,29900.00
SOUTH DAKOTA,46,SOUTHEAST,90,OTHER (COMBINED) COUNTIES,,262900.00
SOUTH DAKOTA,46,SOUTHEAST,90,TURNER,125,36200.00
SOUTH DAKOTA,46,SOUTHEAST,90,YANKTON,135,32200.00
SOUTH DAKOTA,46,SOUTHWEST,70,BENNETT,7,90000.00
SOUTH DAKOTA,46,SOUTHWEST,70,OTHER (COMBINED) COUNTIES,,34000.00
SOUTH DAKOTA,46,WEST CENTRAL,40,HAAKON,55,76800.00
SOUTH DAKOTA,46,WEST CENTRAL,40,MEADE,93,8800.00
SOUTH DAKOTA,46,WEST CENTRAL,40,OTHER (COMBINED) COUNTIES,,73400.00
TEXAS,48,BLACKLANDS,40,BELL,27,119000.00
TEXAS,48,BLACKLANDS,40,COLLIN,85,77700.00
TEXAS,48,BLACKLANDS,40,COOKE,97,202000.00
TEXAS,48,BLACKLANDS,40,CORYELL,99,57000.00
TEXAS,48,BLACKLANDS,40,DENTON,121,170000.00
TEXAS,48,BLACKLANDS,40,HAMILTON,193,122000.00
TEXAS,48,BLACKLANDS,40,MCLENNAN,309,311000.00
TEXAS,48,BLACKLANDS,40,MILAM,331,42100.00
TEXAS,48,BLACKLANDS,40,OTHER (COMBINED) COUNTIES,,522200.00
TEXAS,48,CROSS TIMBERS,30,BROWN,49,80300.00
TEXAS,48,CROSS TIMBERS,30,CALLAHAN,59,12800.00
TEXAS,48,CROSS TIMBERS,30,MILLS,333,69500.00
TEXAS,48,CROSS TIMBERS,30,OTHER (COMBINED) COUNTIES,,41400.00
TEXAS,48,EDWARDS PLATEAU,70,GILLESPIE,171,22500.00
TEXAS,48,EDWARDS PLATEAU,70,OTHER (COMBINED) COUNTIES,,90500.00
TEXAS,48,EDWARDS PLATEAU,70,UVALDE,463,117000.00
TEXAS,48,NORTHERN LOW PLAINS,21,OTHER (COMBINED) COUNTIES,,34500.00
TEXAS,48,SOUTH CENTRAL,81,BEXAR,29,11000.00
TEXAS,48,SOUTH CENTRAL,81,MEDINA,325,247000.00
TEXAS,48,SOUTH CENTRAL,81,OTHER (COMBINED) COUNTIES,,64000.00
TEXAS,48,SOUTHERN LOW PLAINS,22,COLEMAN,83,145000.00
TEXAS,48,SOUTHERN LOW PLAINS,22,OTHER (COMBINED) COUNTIES,,72000.00
WISCONSIN,55,CENTRAL,50,JUNEAU,57,16000.00
WISCONSIN,55,CENTRAL,50,OTHER (COMBINED) COUNTIES,,22500.00
WISCONSIN,55,CENTRAL,50,PORTAGE,97,39900.00
WISCONSIN,55,CENTRAL,50,WAUPACA,135,21700.00
WISCONSIN,55,CENTRAL,50,WAUSHARA,137,7400.00
WISCONSIN,55,CENTRAL,50,WOOD,141,50500.00
WISCONSIN,55,EAST CENTRAL,60,BROWN,9,85000.00
WISCONSIN,55,EAST CENTRAL,60,CALUMET,15,45400.00
WISCONSIN,55,EAST CENTRAL,60,DOOR,29,175000.00
WISCONSIN,55,EAST CENTRAL,60,KEWAUNEE,61,86700.00
WISCONSIN,55,EAST CENTRAL,60,MANITOWOC,71,182000.00
WISCONSIN,55,EAST CENTRAL,60,OTHER (COMBINED) COUNTIES,,103500.00
WISCONSIN,55,EAST CENTRAL,60,SHEBOYGAN,117,60500.00
WISCONSIN,55,EAST CENTRAL,60,WINNEBAGO,139,6900.00
WISCONSIN,55,NORTH CENTRAL,20,CLARK,19,167000.00
WISCONSIN,55,NORTH CENTRAL,20,OTHER (COMBINED) COUNTIES,,486000.00
WISCONSIN,55,NORTHEAST,30,LANGLADE,67,677000.00
WISCONSIN,55,NORTHEAST,30,MARINETTE,75,40900.00
WISCONSIN,55,NORTHEAST,30,OCONTO,83,22000.00
WISCONSIN,55,NORTHEAST,30,OTHER (COMBINED) COUNTIES,,38100.00
WISCONSIN,55,NORTHEAST,30,SHAWANO,115,120000.00
WISCONSIN,55,NORTHWEST,10,BARRON,5,42500.00
WISCONSIN,55,NORTHWEST,10,BAYFIELD,7,34200.00
WISCONSIN,55,NORTHWEST,10,CHIPPEWA,17,99500.00
WISCONSIN,55,NORTHWEST,10,OTHER (COMBINED) COUNTIES,,83700.00
WISCONSIN,55,NORTHWEST,10,POLK,95,48700.00
WISCONSIN,55,NORTHWEST,10,RUSK,107,9400.00
WISCONSIN,55,SOUTH CENTRAL,80,COLUMBIA,21,20700.00
WISCONSIN,55,SOUTH CENTRAL,80,DANE,25,51200.00
WISCONSIN,55,SOUTH CENTRAL,80,DODGE,27,98200.00
WISCONSIN,55,SOUTH CENTRAL,80,JEFFERSON,55,7800.00
WISCONSIN,55,SOUTH CENTRAL,80,OTHER (COMBINED) COUNTIES,,219100.00
WISCONSIN,55,SOUTHEAST,90,OTHER (COMBINED) COUNTIES,,26600.00
WISCONSIN,55,SOUTHEAST,90,OZAUKEE,89,42500.00
WISCONSIN,55,SOUTHEAST,90,WASHINGTON,131,70900.00
WISCONSIN,55,SOUTHWEST,70,GRANT,43,349000.00
WISCONSIN,55,SOUTHWEST,70,IOWA,49,201000.00
WISCONSIN,55,SOUTHWEST,70,OTHER (COMBINED) COUNTIES,,289500.00
WISCONSIN,55,SOUTHWEST,70,RICHLAND,103,28000.00
WISCONSIN,55,SOUTHWEST,70,SAUK,111,71800.00
WISCONSIN,55,SOUTHWEST,70,VERNON,123,78700.00
WISCONSIN,55,WEST CENTRAL,40,DUNN,33,98000.00
WISCONSIN,55,WEST CENTRAL,40,EAU CLAIRE,35,61700.00
WISCONSIN,55,WEST CENTRAL,40,JACKSON,53,59500.00
WISCONSIN,55,WEST CENTRAL,40,MONROE,81,80200.00
WISCONSIN,55,WEST CENTRAL,40,OTHER (COMBINED) COUNTIES,,109500.00
WISCONSIN,55,WEST CENTRAL,40,PIERCE,93,118000.00
WISCONSIN,55,WEST CENTRAL,40,ST CROIX,109,109000.00
WISCONSIN,55,WEST CENTRAL,40,TREMPEALEAU,121,52100.00