Year,State,State ANSI,Ag District,County,County ANSI,peanut_lbs
2017,ALABAMA,1,BLACK BELT,AUTAUGA,1,888081.00
2017,ALABAMA,1,BLACK BELT,BULLOCK,11, (D)
2017,ALABAMA,1,BLACK BELT,DALLAS,47,7564575.00
2017,ALABAMA,1,BLACK BELT,ELMORE,51, (D)
2017,ALABAMA,1,BLACK BELT,MACON,87,1763518.00
2017,ALABAMA,1,BLACK BELT,MARENGO,91, (D)
2017,ALABAMA,1,BLACK BELT,PERRY,105,1161859.00
2017,ALABAMA,1,BLACK BELT,SUMTER,119, (D)
2017,ALABAMA,1,COASTAL PLAINS & GULF COAST,BALDWIN,3,153408345.00
2017,ALABAMA,1,COASTAL PLAINS & GULF COAST,BUTLER,13,6505506.00
2017,ALABAMA,1,COASTAL PLAINS & GULF COAST,CLARKE,25, (D)
2017,ALABAMA,1,COASTAL PLAINS & GULF COAST,CONECUH,35,2838865.00
2017,ALABAMA,1,COASTAL PLAINS & GULF COAST,ESCAMBIA,53,56754273.00
2017,ALABAMA,1,COASTAL PLAINS & GULF COAST,MOBILE,97,28211604.00
2017,ALABAMA,1,COASTAL PLAINS & GULF COAST,MONROE,99,38397703.00
2017,ALABAMA,1,COASTAL PLAINS & GULF COAST,WASHINGTON,129,13006000.00
2017,ALABAMA,1,MOUNTAINS & EASTERN VALLEY,BLOUNT,9,1415847.00
2017,ALABAMA,1,MOUNTAINS & EASTERN VALLEY,CHEROKEE,19, (D)
2017,ALABAMA,1,MOUNTAINS & EASTERN VALLEY,DE KALB,49, (D)
2017,ALABAMA,1,MOUNTAINS & EASTERN VALLEY,JACKSON,71,30000.00
2017,ALABAMA,1,NORTHERN VALLEY,FRANKLIN,59,1400000.00
2017,ALABAMA,1,NORTHERN VALLEY,LAWRENCE,79,16084000.00
2017,ALABAMA,1,NORTHERN VALLEY,MORGAN,103,170000.00
2017,ALABAMA,1,UPPER PLAINS & PIEDMONT,CHAMBERS,17, (D)
2017,ALABAMA,1,UPPER PLAINS & PIEDMONT,FAYETTE,57,6250000.00
2017,ALABAMA,1,UPPER PLAINS & PIEDMONT,LEE,81, (D)
2017,ALABAMA,1,UPPER PLAINS & PIEDMONT,PICKENS,107, (D)
2017,ALABAMA,1,UPPER PLAINS & PIEDMONT,TALLAPOOSA,123, (D)
2017,ALABAMA,1,WIREGRASS,BARBOUR,5,15434308.00
2017,ALABAMA,1,WIREGRASS,COFFEE,31,31520720.00
2017,ALABAMA,1,WIREGRASS,COVINGTON,39,24641494.00
2017,ALABAMA,1,WIREGRASS,CRENSHAW,41,2252800.00
2017,ALABAMA,1,WIREGRASS,DALE,45,44411046.00
2017,ALABAMA,1,WIREGRASS,GENEVA,61,65769456.00
2017,ALABAMA,1,WIREGRASS,HENRY,67,54541474.00
2017,ALABAMA,1,WIREGRASS,HOUSTON,69,90336880.00
2017,ALABAMA,1,WIREGRASS,PIKE,109,10076484.00
2017,ALABAMA,1,WIREGRASS,RUSSELL,113,16081607.00
2017,ARKANSAS,5,EAST CENTRAL,CRITTENDEN,35, (D)
2017,ARKANSAS,5,EAST CENTRAL,LEE,77,9425563.00
2017,ARKANSAS,5,EAST CENTRAL,PHILLIPS,107, (D)
2017,ARKANSAS,5,EAST CENTRAL,WOODRUFF,147, (D)
2017,ARKANSAS,5,NORTHEAST,CLAY,21, (D)
2017,ARKANSAS,5,NORTHEAST,CRAIGHEAD,31,42031466.00
2017,ARKANSAS,5,NORTHEAST,GREENE,55,5682000.00
2017,ARKANSAS,5,NORTHEAST,LAWRENCE,75,14602818.00
2017,ARKANSAS,5,NORTHEAST,MISSISSIPPI,93,65178973.00
2017,ARKANSAS,5,NORTHEAST,RANDOLPH,121,8579954.00
2017,CALIFORNIA,6,SAN JOAQUIN VALLEY,FRESNO,19,89890.00
2017,FLORIDA,12,CENTRAL,ALACHUA,1,2391179.00
2017,FLORIDA,12,CENTRAL,FLAGLER,35, (D)
2017,FLORIDA,12,CENTRAL,GILCHRIST,41,35331757.00
2017,FLORIDA,12,CENTRAL,HILLSBOROUGH,57,58000.00
2017,FLORIDA,12,CENTRAL,LEVY,75,72596984.00
2017,FLORIDA,12,CENTRAL,MARION,83,28605200.00
2017,FLORIDA,12,CENTRAL,PASCO,101, (D)
2017,FLORIDA,12,CENTRAL,PINELLAS,103,130000.00
2017,FLORIDA,12,CENTRAL,PUTNAM,107,9189.00
2017,FLORIDA,12,CENTRAL,ST. JOHNS,109, (D)
2017,FLORIDA,12,CENTRAL,SUMTER,119, (D)
2017,FLORIDA,12,NORTHEAST,COLUMBIA,23,12529750.00
2017,FLORIDA,12,NORTHEAST,DIXIE,29, (D)
2017,FLORIDA,12,NORTHEAST,DUVAL,31,1686000.00
2017,FLORIDA,12,NORTHEAST,HAMILTON,47,28722660.00
2017,FLORIDA,12,NORTHEAST,LAFAYETTE,67,40890843.00
2017,FLORIDA,12,NORTHEAST,MADISON,79,34983703.00
2017,FLORIDA,12,NORTHEAST,SUWANNEE,121,45924201.00
2017,FLORIDA,12,NORTHWEST,CALHOUN,13,25092160.00
2017,FLORIDA,12,NORTHWEST,ESCAMBIA,33,38048873.00
2017,FLORIDA,12,NORTHWEST,GADSDEN,39,1378286.00
2017,FLORIDA,12,NORTHWEST,GULF,45, (D)
2017,FLORIDA,12,NORTHWEST,HOLMES,59,16973277.00
2017,FLORIDA,12,NORTHWEST,JACKSON,63,136641737.00
2017,FLORIDA,12,NORTHWEST,JEFFERSON,65,7450535.00
2017,FLORIDA,12,NORTHWEST,LEON,73, (D)
2017,FLORIDA,12,NORTHWEST,OKALOOSA,91,5079125.00
2017,FLORIDA,12,NORTHWEST,SANTA ROSA,113,61347241.00
2017,FLORIDA,12,NORTHWEST,WALTON,131,5992425.00
2017,FLORIDA,12,NORTHWEST,WASHINGTON,133,8428215.00
2017,FLORIDA,12,SOUTHERN,HENDRY,51, (D)
2017,GEORGIA,13,CENTRAL,BIBB,21, (D)
2017,GEORGIA,13,CENTRAL,BLECKLEY,23,15963346.00
2017,GEORGIA,13,CENTRAL,DODGE,91,28435431.00
2017,GEORGIA,13,CENTRAL,HOUSTON,153,2827222.00
2017,GEORGIA,13,CENTRAL,JOHNSON,167,19141976.00
2017,GEORGIA,13,CENTRAL,LAURENS,175,22190212.00
2017,GEORGIA,13,CENTRAL,MONTGOMERY,209,15690391.00
2017,GEORGIA,13,CENTRAL,PULASKI,235,30045635.00
2017,GEORGIA,13,CENTRAL,TREUTLEN,283,7918364.00
2017,GEORGIA,13,CENTRAL,TWIGGS,289,8426035.00
2017,GEORGIA,13,CENTRAL,WASHINGTON,303,21333417.00
2017,GEORGIA,13,CENTRAL,WHEELER,309,1427828.00
2017,GEORGIA,13,CENTRAL,WILKINSON,319,577443.00
2017,GEORGIA,13,EAST CENTRAL,BULLOCH,31,132151614.00
2017,GEORGIA,13,EAST CENTRAL,BURKE,33,132228611.00
2017,GEORGIA,13,EAST CENTRAL,CANDLER,43,6440952.00
2017,GEORGIA,13,EAST CENTRAL,EFFINGHAM,103,28792844.00
2017,GEORGIA,13,EAST CENTRAL,EMANUEL,107,30949717.00
2017,GEORGIA,13,EAST CENTRAL,GLASCOCK,125,973581.00
2017,GEORGIA,13,EAST CENTRAL,JEFFERSON,163,58069370.00
2017,GEORGIA,13,EAST CENTRAL,JENKINS,165,30837915.00
2017,GEORGIA,13,EAST CENTRAL,SCREVEN,251,61639598.00
2017,GEORGIA,13,SOUTH CENTRAL,ATKINSON,3,50705698.00
2017,GEORGIA,13,SOUTH CENTRAL,BEN HILL,17,26532868.00
2017,GEORGIA,13,SOUTH CENTRAL,BERRIEN,19,91597697.00
2017,GEORGIA,13,SOUTH CENTRAL,BROOKS,27,63495156.00
2017,GEORGIA,13,SOUTH CENTRAL,CLINCH,65, (D)
2017,GEORGIA,13,SOUTH CENTRAL,COFFEE,69,116269762.00
2017,GEORGIA,13,SOUTH CENTRAL,COLQUITT,71,144538366.00
2017,GEORGIA,13,SOUTH CENTRAL,COOK,75,53498308.00
2017,GEORGIA,13,SOUTH CENTRAL,CRISP,81,51528787.00
2017,GEORGIA,13,SOUTH CENTRAL,DOOLY,93,92191066.00
2017,GEORGIA,13,SOUTH CENTRAL,ECHOLS,101,5012500.00
2017,GEORGIA,13,SOUTH CENTRAL,IRWIN,155,101201423.00
2017,GEORGIA,13,SOUTH CENTRAL,JEFF DAVIS,161,64856551.00
2017,GEORGIA,13,SOUTH CENTRAL,LANIER,173,27470414.00
2017,GEORGIA,13,SOUTH CENTRAL,LOWNDES,185,20245655.00
2017,GEORGIA,13,SOUTH CENTRAL,TELFAIR,271,9935672.00
2017,GEORGIA,13,SOUTH CENTRAL,TIFT,277,87822576.00
2017,GEORGIA,13,SOUTH CENTRAL,TURNER,287,55971559.00
2017,GEORGIA,13,SOUTH CENTRAL,WILCOX,315,44863314.00
2017,GEORGIA,13,SOUTH CENTRAL,WORTH,321,161142933.00
2017,GEORGIA,13,SOUTHEAST,APPLING,1,85758840.00
2017,GEORGIA,13,SOUTHEAST,BACON,5,27348910.00
2017,GEORGIA,13,SOUTHEAST,BRANTLEY,25,519638.00
2017,GEORGIA,13,SOUTHEAST,BRYAN,29, (D)
2017,GEORGIA,13,SOUTHEAST,EVANS,109,12372032.00
2017,GEORGIA,13,SOUTHEAST,PIERCE,229,30741975.00
2017,GEORGIA,13,SOUTHEAST,TATTNALL,267,20994124.00
2017,GEORGIA,13,SOUTHEAST,TOOMBS,279,28598215.00
2017,GEORGIA,13,SOUTHEAST,WARE,299,16215178.00
2017,GEORGIA,13,SOUTHEAST,WAYNE,305,9852454.00
2017,GEORGIA,13,SOUTHWEST,BAKER,7,82600982.00
2017,GEORGIA,13,SOUTHWEST,CALHOUN,37,103046281.00
2017,GEORGIA,13,SOUTHWEST,CLAY,61,30613969.00
2017,GEORGIA,13,SOUTHWEST,DECATUR,87,211018666.00
2017,GEORGIA,13,SOUTHWEST,DOUGHERTY,95,18418782.00
2017,GEORGIA,13,SOUTHWEST,EARLY,99,127222280.00
2017,GEORGIA,13,SOUTHWEST,GRADY,131,51181890.00
2017,GEORGIA,13,SOUTHWEST,LEE,177,63103981.00
2017,GEORGIA,13,SOUTHWEST,MILLER,201,101326586.00
2017,GEORGIA,13,SOUTHWEST,MITCHELL,205,170551095.00
2017,GEORGIA,13,SOUTHWEST,QUITMAN,239, (D)
2017,GEORGIA,13,SOUTHWEST,RANDOLPH,243,74326428.00
2017,GEORGIA,13,SOUTHWEST,SEMINOLE,253,93173105.00
2017,GEORGIA,13,SOUTHWEST,STEWART,259,2428087.00
2017,GEORGIA,13,SOUTHWEST,SUMTER,261,72242895.00
2017,GEORGIA,13,SOUTHWEST,TERRELL,273,80385377.00
2017,GEORGIA,13,SOUTHWEST,THOMAS,275,69300905.00
2017,GEORGIA,13,SOUTHWEST,WEBSTER,307,40007542.00
2017,GEORGIA,13,WEST CENTRAL,MACON,193,17031728.00
2017,GEORGIA,13,WEST CENTRAL,MARION,197,5070241.00
2017,GEORGIA,13,WEST CENTRAL,SCHLEY,249,5550085.00
2017,GEORGIA,13,WEST CENTRAL,TAYLOR,269,3442339.00
2017,HAWAII,15,HAWAII ISLAND,HAWAII,1,1500.00
2017,LOUISIANA,22,NORTH CENTRAL,OUACHITA,73, (D)
2017,LOUISIANA,22,NORTHEAST,MOREHOUSE,67,6458500.00
2017,LOUISIANA,22,NORTHEAST,RICHLAND,83, (D)
2017,MISSISSIPPI,28,CENTRAL,ATTALA,7, (D)
2017,MISSISSIPPI,28,CENTRAL,CARROLL,15,14008000.00
2017,MISSISSIPPI,28,CENTRAL,HOLMES,51,20678100.00
2017,MISSISSIPPI,28,CENTRAL,MADISON,89, (D)
2017,MISSISSIPPI,28,EAST CENTRAL,KEMPER,69,45000.00
2017,MISSISSIPPI,28,EAST CENTRAL,LOWNDES,87, (D)
2017,MISSISSIPPI,28,EAST CENTRAL,MONROE,95,16474993.00
2017,MISSISSIPPI,28,EAST CENTRAL,OKTIBBEHA,105, (D)
2017,MISSISSIPPI,28,LOWER DELTA,HUMPHREYS,53,3162400.00
2017,MISSISSIPPI,28,LOWER DELTA,LEFLORE,83,8585000.00
2017,MISSISSIPPI,28,LOWER DELTA,SHARKEY,125, (D)
2017,MISSISSIPPI,28,LOWER DELTA,YAZOO,163,15100700.00
2017,MISSISSIPPI,28,NORTH CENTRAL,GRENADA,43, (D)
2017,MISSISSIPPI,28,NORTH CENTRAL,MARSHALL,93, (D)
2017,MISSISSIPPI,28,NORTH CENTRAL,PANOLA,107,12675000.00
2017,MISSISSIPPI,28,NORTH CENTRAL,TATE,137,12172533.00
2017,MISSISSIPPI,28,NORTHEAST,LEE,81,959000.00
2017,MISSISSIPPI,28,SOUTH CENTRAL,COVINGTON,31, (D)
2017,MISSISSIPPI,28,SOUTH CENTRAL,JEFFERSON DAVIS,65,45000.00
2017,MISSISSIPPI,28,SOUTH CENTRAL,SMITH,129, (D)
2017,MISSISSIPPI,28,SOUTH CENTRAL,WALTHALL,147, (D)
2017,MISSISSIPPI,28,SOUTHEAST AND COASTAL,FORREST,35, (D)
2017,MISSISSIPPI,28,SOUTHEAST AND COASTAL,GEORGE,39,15969000.00
2017,MISSISSIPPI,28,SOUTHEAST AND COASTAL,JACKSON,59, (D)
2017,MISSISSIPPI,28,SOUTHEAST AND COASTAL,JONES,67, (D)
2017,MISSISSIPPI,28,SOUTHEAST AND COASTAL,PERRY,111, (D)
2017,MISSISSIPPI,28,SOUTHEAST AND COASTAL,STONE,131, (D)
2017,MISSISSIPPI,28,SOUTHEAST AND COASTAL,WAYNE,153, (D)
2017,MISSISSIPPI,28,SOUTHWEST,CLAIBORNE,21, (D)
2017,MISSISSIPPI,28,SOUTHWEST,COPIAH,29, (D)
2017,MISSISSIPPI,28,SOUTHWEST,HINDS,49, (D)
2017,MISSISSIPPI,28,SOUTHWEST,JEFFERSON,63, (D)
2017,MISSISSIPPI,28,SOUTHWEST,LINCOLN,85,4500.00
2017,MISSISSIPPI,28,SOUTHWEST,WARREN,149, (D)
2017,MISSISSIPPI,28,UPPER DELTA,COAHOMA,27,6525200.00
2017,MISSISSIPPI,28,UPPER DELTA,TALLAHATCHIE,135, (D)
2017,MISSISSIPPI,28,UPPER DELTA,TUNICA,143, (D)
2017,MISSOURI,29,SOUTHEAST,DUNKLIN,69, (D)
2017,MISSOURI,29,SOUTHEAST,STODDARD,207, (D)
2017,NEW MEXICO,35,NORTHEAST,QUAY,37, (D)
2017,NEW MEXICO,35,NORTHEAST,ROOSEVELT,41, (D)
2017,NEW MEXICO,35,SOUTHEAST,LEA,25,11708250.00
2017,NORTH CAROLINA,37,CENTRAL COASTAL,BEAUFORT,13,1448000.00
2017,NORTH CAROLINA,37,CENTRAL COASTAL,CRAVEN,49,8486900.00
2017,NORTH CAROLINA,37,CENTRAL COASTAL,GREENE,79,16715620.00
2017,NORTH CAROLINA,37,CENTRAL COASTAL,JOHNSTON,101,6662000.00
2017,NORTH CAROLINA,37,CENTRAL COASTAL,JONES,103,1846200.00
2017,NORTH CAROLINA,37,CENTRAL COASTAL,LENOIR,107,7805694.00
2017,NORTH CAROLINA,37,CENTRAL COASTAL,PITT,147,33564719.00
2017,NORTH CAROLINA,37,CENTRAL COASTAL,WAYNE,191,11474834.00
2017,NORTH CAROLINA,37,CENTRAL COASTAL,WILSON,195,11297660.00
2017,NORTH CAROLINA,37,CENTRAL PIEDMONT,WAKE,183,5044371.00
2017,NORTH CAROLINA,37,NORTHERN COASTAL,BERTIE,15,39591195.00
2017,NORTH CAROLINA,37,NORTHERN COASTAL,CHOWAN,41,25592258.00
2017,NORTH CAROLINA,37,NORTHERN COASTAL,CURRITUCK,53, (D)
2017,NORTH CAROLINA,37,NORTHERN COASTAL,EDGECOMBE,65,26706861.00
2017,NORTH CAROLINA,37,NORTHERN COASTAL,GATES,73,16367688.00
2017,NORTH CAROLINA,37,NORTHERN COASTAL,HALIFAX,83,37224200.00
2017,NORTH CAROLINA,37,NORTHERN COASTAL,HERTFORD,91,24989667.00
2017,NORTH CAROLINA,37,NORTHERN COASTAL,MARTIN,117,39814689.00
2017,NORTH CAROLINA,37,NORTHERN COASTAL,NASH,127,17433070.00
2017,NORTH CAROLINA,37,NORTHERN COASTAL,NORTHAMPTON,131,24751320.00
2017,NORTH CAROLINA,37,NORTHERN COASTAL,PERQUIMANS,143,3528042.00
2017,NORTH CAROLINA,37,NORTHERN COASTAL,WASHINGTON,187,5380308.00
2017,NORTH CAROLINA,37,SOUTHERN COASTAL,BLADEN,17,19299588.00
2017,NORTH CAROLINA,37,SOUTHERN COASTAL,COLUMBUS,47,25585209.00
2017,NORTH CAROLINA,37,SOUTHERN COASTAL,DUPLIN,61,19343815.00
2017,NORTH CAROLINA,37,SOUTHERN COASTAL,HARNETT,85, (D)
2017,NORTH CAROLINA,37,SOUTHERN COASTAL,HOKE,93, (D)
2017,NORTH CAROLINA,37,SOUTHERN COASTAL,ONSLOW,133, (D)
2017,NORTH CAROLINA,37,SOUTHERN COASTAL,ROBESON,155,17741409.00
2017,NORTH CAROLINA,37,SOUTHERN COASTAL,SAMPSON,163,15751161.00
2017,NORTH CAROLINA,37,SOUTHERN COASTAL,SCOTLAND,165,6233450.00
2017,NORTH CAROLINA,37,SOUTHERN PIEDMONT,STANLY,167, (D)
2017,NORTH CAROLINA,37,SOUTHERN PIEDMONT,UNION,179, (D)
2017,NORTH CAROLINA,37,WESTERN MOUNTAIN,JACKSON,99, (D)
2017,OKLAHOMA,40,CENTRAL,GRADY,51,3027075.00
2017,OKLAHOMA,40,CENTRAL,PAYNE,119, (D)
2017,OKLAHOMA,40,NORTH CENTRAL,ALFALFA,3, (D)
2017,OKLAHOMA,40,NORTH CENTRAL,MAJOR,93,9842700.00
2017,OKLAHOMA,40,SOUTH CENTRAL,LOVE,85, (D)
2017,OKLAHOMA,40,SOUTHWEST,CADDO,15,32714762.00
2017,OKLAHOMA,40,SOUTHWEST,COMANCHE,31, (D)
2017,OKLAHOMA,40,SOUTHWEST,GREER,55,1817499.00
2017,OKLAHOMA,40,SOUTHWEST,HARMON,57, (D)
2017,OKLAHOMA,40,SOUTHWEST,JACKSON,65, (D)
2017,OKLAHOMA,40,SOUTHWEST,KIOWA,75,1964575.00
2017,OKLAHOMA,40,SOUTHWEST,TILLMAN,141,846000.00
2017,OKLAHOMA,40,WEST CENTRAL,BECKHAM,9,18680065.00
2017,OKLAHOMA,40,WEST CENTRAL,BLAINE,11, (D)
2017,OKLAHOMA,40,WEST CENTRAL,CUSTER,39,2544878.00
2017,OKLAHOMA,40,WEST CENTRAL,WASHITA,149,996201.00
2017,SOUTH CAROLINA,45,CENTRAL,CALHOUN,17,76941170.00
2017,SOUTH CAROLINA,45,CENTRAL,CLARENDON,27,18174802.00
2017,SOUTH CAROLINA,45,CENTRAL,LEE,61,6940132.00
2017,SOUTH CAROLINA,45,CENTRAL,LEXINGTON,63,5800711.00
2017,SOUTH CAROLINA,45,CENTRAL,ORANGEBURG,75,96596573.00
2017,SOUTH CAROLINA,45,CENTRAL,RICHLAND,79, (D)
2017,SOUTH CAROLINA,45,CENTRAL,SUMTER,85,7682960.00
2017,SOUTH CAROLINA,45,EASTERN,CHESTERFIELD,25, (D)
2017,SOUTH CAROLINA,45,EASTERN,DARLINGTON,31,29126029.00
2017,SOUTH CAROLINA,45,EASTERN,DILLON,33,9213930.00
2017,SOUTH CAROLINA,45,EASTERN,FLORENCE,41,11858193.00
2017,SOUTH CAROLINA,45,EASTERN,GEORGETOWN,43,1974804.00
2017,SOUTH CAROLINA,45,EASTERN,HORRY,51,48194394.00
2017,SOUTH CAROLINA,45,EASTERN,MARION,67,9794017.00
2017,SOUTH CAROLINA,45,EASTERN,MARLBORO,69,23710475.00
2017,SOUTH CAROLINA,45,EASTERN,WILLIAMSBURG,89,9411414.00
2017,SOUTH CAROLINA,45,NORTHWEST,SPARTANBURG,83,14151.00
2017,SOUTH CAROLINA,45,SOUTHERN,ALLENDALE,5,9784808.00
2017,SOUTH CAROLINA,45,SOUTHERN,BAMBERG,9,19916029.00
2017,SOUTH CAROLINA,45,SOUTHERN,BARNWELL,11,16906139.00
2017,SOUTH CAROLINA,45,SOUTHERN,BEAUFORT,13, (D)
2017,SOUTH CAROLINA,45,SOUTHERN,BERKELEY,15, (D)
2017,SOUTH CAROLINA,45,SOUTHERN,COLLETON,29,14966400.00
2017,SOUTH CAROLINA,45,SOUTHERN,DORCHESTER,35,15153275.00
2017,SOUTH CAROLINA,45,SOUTHERN,HAMPTON,49,28930619.00
2017,SOUTH CAROLINA,45,SOUTHERN,JASPER,53, (D)
2017,SOUTH CAROLINA,45,WEST CENTRAL,AIKEN,3,4979370.00
2017,TENNESSEE,47,EAST TENNESSEE,KNOX,93, (D)
2017,TENNESSEE,47,WESTERN RIM,LAWRENCE,99, (D)
2017,TEXAS,48,BLACKLANDS,COLLIN,85, (D)
2017,TEXAS,48,BLACKLANDS,JOHNSON,251, (D)
2017,TEXAS,48,CROSS TIMBERS,BROWN,49, (D)
2017,TEXAS,48,CROSS TIMBERS,COMANCHE,93,5646136.00
2017,TEXAS,48,CROSS TIMBERS,EASTLAND,133, (D)
2017,TEXAS,48,CROSS TIMBERS,ERATH,143,432410.00
2017,TEXAS,48,EAST TEXAS NORTH,SMITH,423, (D)
2017,TEXAS,48,EAST TEXAS SOUTH,JASPER,241, (D)
2017,TEXAS,48,EDWARDS PLATEAU,MASON,319,1860000.00
2017,TEXAS,48,NORTHERN HIGH PLAINS,ARMSTRONG,11, (D)
2017,TEXAS,48,NORTHERN HIGH PLAINS,BRISCOE,45,11527000.00
2017,TEXAS,48,NORTHERN HIGH PLAINS,MOORE,341, (D)
2017,TEXAS,48,NORTHERN LOW PLAINS,BORDEN,33, (D)
2017,TEXAS,48,NORTHERN LOW PLAINS,COLLINGSWORTH,87,20763646.00
2017,TEXAS,48,NORTHERN LOW PLAINS,DONLEY,129,9872588.00
2017,TEXAS,48,NORTHERN LOW PLAINS,HALL,191,6080000.00
2017,TEXAS,48,NORTHERN LOW PLAINS,WILBARGER,487,7908068.00
2017,TEXAS,48,SOUTH CENTRAL,BASTROP,21, (D)
2017,TEXAS,48,SOUTH CENTRAL,LAVACA,285, (D)
2017,TEXAS,48,SOUTH CENTRAL,MEDINA,325, (D)
2017,TEXAS,48,SOUTH CENTRAL,WILSON,493,1237500.00
2017,TEXAS,48,SOUTH TEXAS,ATASCOSA,13,18384415.00
2017,TEXAS,48,SOUTH TEXAS,FRIO,163,44818114.00
2017,TEXAS,48,SOUTHERN HIGH PLAINS,ANDREWS,3,4880000.00
2017,TEXAS,48,SOUTHERN HIGH PLAINS,BAILEY,17,10147734.00
2017,TEXAS,48,SOUTHERN HIGH PLAINS,COCHRAN,79,65649005.00
2017,TEXAS,48,SOUTHERN HIGH PLAINS,CROSBY,107, (D)
2017,TEXAS,48,SOUTHERN HIGH PLAINS,DAWSON,115,59008372.00
2017,TEXAS,48,SOUTHERN HIGH PLAINS,GAINES,165,195445095.00
2017,TEXAS,48,SOUTHERN HIGH PLAINS,HOCKLEY,219,2891690.00
2017,TEXAS,48,SOUTHERN HIGH PLAINS,HOWARD,227,2589033.00
2017,TEXAS,48,SOUTHERN HIGH PLAINS,LAMB,279,2448000.00
2017,TEXAS,48,SOUTHERN HIGH PLAINS,LUBBOCK,303,8877904.00
2017,TEXAS,48,SOUTHERN HIGH PLAINS,LYNN,305, (D)
2017,TEXAS,48,SOUTHERN HIGH PLAINS,MARTIN,317,13150132.00
2017,TEXAS,48,SOUTHERN HIGH PLAINS,TERRY,445,67788441.00
2017,TEXAS,48,SOUTHERN HIGH PLAINS,YOAKUM,501,102145273.00
2017,TEXAS,48,SOUTHERN LOW PLAINS,HASKELL,207,4944453.00
2017,TEXAS,48,UPPER COAST,WHARTON,481, (D)
2017,VIRGINIA,51,SOUTHEASTERN,BRUNSWICK,25, (D)
2017,VIRGINIA,51,SOUTHEASTERN,DINWIDDIE,53,2901422.00
2017,VIRGINIA,51,SOUTHEASTERN,GREENSVILLE,81,12402369.00
2017,VIRGINIA,51,SOUTHEASTERN,ISLE OF WIGHT,93,20293710.00
2017,VIRGINIA,51,SOUTHEASTERN,PRINCE GEORGE,149, (D)
2017,VIRGINIA,51,SOUTHEASTERN,SOUTHAMPTON,175,52289203.00
2017,VIRGINIA,51,SOUTHEASTERN,SUFFOLK CITY,800,25771939.00
2017,VIRGINIA,51,SOUTHEASTERN,SURRY,181,6109900.00
2017,VIRGINIA,51,SOUTHEASTERN,SUSSEX,183,7714932.00