Year,Period,Week Ending,Geo Level,State,State ANSI,Ag District,County,County ANSI,sorghum_bu
2017,YEAR,,COUNTY,ALABAMA,1,BLACK BELT,DALLAS,47, (D)
2017,YEAR,,COUNTY,ALABAMA,1,BLACK BELT,ELMORE,51, (D)
2017,YEAR,,COUNTY,ALABAMA,1,BLACK BELT,MACON,87, (D)
2017,YEAR,,COUNTY,ALABAMA,1,BLACK BELT,MARENGO,91, (D)
2017,YEAR,,COUNTY,ALABAMA,1,BLACK BELT,MONTGOMERY,101, (D)
2017,YEAR,,COUNTY,ALABAMA,1,BLACK BELT,SUMTER,119, (D)
2017,YEAR,,COUNTY,ALABAMA,1,COASTAL PLAINS & GULF COAST,ESCAMBIA,53, (D)
2017,YEAR,,COUNTY,ALABAMA,1,COASTAL PLAINS & GULF COAST,MOBILE,97, (D)
2017,YEAR,,COUNTY,ALABAMA,1,MOUNTAINS & EASTERN VALLEY,JACKSON,71, (D)
2017,YEAR,,COUNTY,ALABAMA,1,NORTHERN VALLEY,LAUDERDALE,77, (D)
2017,YEAR,,COUNTY,ALABAMA,1,NORTHERN VALLEY,LAWRENCE,79, (D)
2017,YEAR,,COUNTY,ALABAMA,1,NORTHERN VALLEY,LIMESTONE,83,11100.00
2017,YEAR,,COUNTY,ALABAMA,1,NORTHERN VALLEY,MORGAN,103, (D)
2017,YEAR,,COUNTY,ALABAMA,1,UPPER PLAINS & PIEDMONT,CHILTON,21, (D)
2017,YEAR,,COUNTY,ALABAMA,1,UPPER PLAINS & PIEDMONT,LAMAR,75, (D)
2017,YEAR,,COUNTY,ALABAMA,1,UPPER PLAINS & PIEDMONT,LEE,81, (D)
2017,YEAR,,COUNTY,ALABAMA,1,WIREGRASS,BARBOUR,5, (D)
2017,YEAR,,COUNTY,ALABAMA,1,WIREGRASS,COVINGTON,39, (D)
2017,YEAR,,COUNTY,ALABAMA,1,WIREGRASS,DALE,45, (D)
2017,YEAR,,COUNTY,ALABAMA,1,WIREGRASS,GENEVA,61, (D)
2017,YEAR,,COUNTY,ALABAMA,1,WIREGRASS,HENRY,67, (D)
2017,YEAR,,COUNTY,ALABAMA,1,WIREGRASS,HOUSTON,69,5255.00
2017,YEAR,,COUNTY,ARIZONA,4,NORTHERN,YAVAPAI,25, (D)
2017,YEAR,,COUNTY,ARIZONA,4,SOUTHERN,COCHISE,3, (D)
2017,YEAR,,COUNTY,ARIZONA,4,SOUTHERN,GRAHAM,9, (D)
2017,YEAR,,COUNTY,ARIZONA,4,SOUTHERN,MARICOPA,13,75567.00
2017,YEAR,,COUNTY,ARIZONA,4,SOUTHERN,PINAL,21,59375.00
2017,YEAR,,COUNTY,ARIZONA,4,SOUTHERN,YUMA,27,25667.00
2017,YEAR,,COUNTY,ARKANSAS,5,CENTRAL,FAULKNER,45, (D)
2017,YEAR,,COUNTY,ARKANSAS,5,EAST CENTRAL,ARKANSAS,1, (D)
2017,YEAR,,COUNTY,ARKANSAS,5,EAST CENTRAL,CRITTENDEN,35,57256.00
2017,YEAR,,COUNTY,ARKANSAS,5,EAST CENTRAL,CROSS,37,51212.00
2017,YEAR,,COUNTY,ARKANSAS,5,EAST CENTRAL,LEE,77, (D)
2017,YEAR,,COUNTY,ARKANSAS,5,EAST CENTRAL,LONOKE,85, (D)
2017,YEAR,,COUNTY,ARKANSAS,5,EAST CENTRAL,MONROE,95,159418.00
2017,YEAR,,COUNTY,ARKANSAS,5,EAST CENTRAL,PHILLIPS,107, (D)
2017,YEAR,,COUNTY,ARKANSAS,5,EAST CENTRAL,PRAIRIE,117, (D)
2017,YEAR,,COUNTY,ARKANSAS,5,EAST CENTRAL,SAINT FRANCIS,123, (D)
2017,YEAR,,COUNTY,ARKANSAS,5,EAST CENTRAL,WOODRUFF,147, (D)
2017,YEAR,,COUNTY,ARKANSAS,5,NORTHEAST,CLAY,21,20056.00
2017,YEAR,,COUNTY,ARKANSAS,5,NORTHEAST,CRAIGHEAD,31, (D)
2017,YEAR,,COUNTY,ARKANSAS,5,NORTHEAST,GREENE,55,23015.00
2017,YEAR,,COUNTY,ARKANSAS,5,NORTHEAST,JACKSON,67, (D)
2017,YEAR,,COUNTY,ARKANSAS,5,NORTHEAST,LAWRENCE,75, (D)
2017,YEAR,,COUNTY,ARKANSAS,5,NORTHEAST,MISSISSIPPI,93,26900.00
2017,YEAR,,COUNTY,ARKANSAS,5,NORTHEAST,POINSETT,111,54069.00
2017,YEAR,,COUNTY,ARKANSAS,5,NORTHEAST,RANDOLPH,121, (D)
2017,YEAR,,COUNTY,ARKANSAS,5,NORTHEAST,WHITE,145, (D)
2017,YEAR,,COUNTY,ARKANSAS,5,SOUTHEAST,JEFFERSON,69, (D)
2017,YEAR,,COUNTY,CALIFORNIA,6,SACRAMENTO VALLEY,COLUSA,11, (D)
2017,YEAR,,COUNTY,CALIFORNIA,6,SACRAMENTO VALLEY,GLENN,21, (D)
2017,YEAR,,COUNTY,CALIFORNIA,6,SACRAMENTO VALLEY,SACRAMENTO,67, (D)
2017,YEAR,,COUNTY,CALIFORNIA,6,SACRAMENTO VALLEY,SOLANO,95, (D)
2017,YEAR,,COUNTY,CALIFORNIA,6,SACRAMENTO VALLEY,SUTTER,101, (D)
2017,YEAR,,COUNTY,CALIFORNIA,6,SACRAMENTO VALLEY,YOLO,113,68468.00
2017,YEAR,,COUNTY,CALIFORNIA,6,SAN JOAQUIN VALLEY,FRESNO,19, (D)
2017,YEAR,,COUNTY,CALIFORNIA,6,SAN JOAQUIN VALLEY,KINGS,31,17719.00
2017,YEAR,,COUNTY,CALIFORNIA,6,SAN JOAQUIN VALLEY,SAN JOAQUIN,77,68034.00
2017,YEAR,,COUNTY,CALIFORNIA,6,SAN JOAQUIN VALLEY,STANISLAUS,99, (D)
2017,YEAR,,COUNTY,CALIFORNIA,6,SAN JOAQUIN VALLEY,TULARE,107, (D)
2017,YEAR,,COUNTY,COLORADO,8,EAST CENTRAL,ADAMS,1,228106.00
2017,YEAR,,COUNTY,COLORADO,8,EAST CENTRAL,ARAPAHOE,5, (D)
2017,YEAR,,COUNTY,COLORADO,8,EAST CENTRAL,CHEYENNE,17,2221997.00
2017,YEAR,,COUNTY,COLORADO,8,EAST CENTRAL,EL PASO,41,16208.00
2017,YEAR,,COUNTY,COLORADO,8,EAST CENTRAL,ELBERT,39,175124.00
2017,YEAR,,COUNTY,COLORADO,8,EAST CENTRAL,KIOWA,61,2949838.00
2017,YEAR,,COUNTY,COLORADO,8,EAST CENTRAL,KIT CARSON,63,1573394.00
2017,YEAR,,COUNTY,COLORADO,8,EAST CENTRAL,LINCOLN,73,484648.00
2017,YEAR,,COUNTY,COLORADO,8,EAST CENTRAL,PHILLIPS,95,96807.00
2017,YEAR,,COUNTY,COLORADO,8,EAST CENTRAL,WASHINGTON,121,1065640.00
2017,YEAR,,COUNTY,COLORADO,8,EAST CENTRAL,YUMA,125,517292.00
2017,YEAR,,COUNTY,COLORADO,8,NORTHEAST,BOULDER,13, (D)
2017,YEAR,,COUNTY,COLORADO,8,NORTHEAST,LOGAN,75,662203.00
2017,YEAR,,COUNTY,COLORADO,8,NORTHEAST,MORGAN,87,40288.00
2017,YEAR,,COUNTY,COLORADO,8,NORTHEAST,SEDGWICK,115,155541.00
2017,YEAR,,COUNTY,COLORADO,8,NORTHEAST,WELD,123,45332.00
2017,YEAR,,COUNTY,COLORADO,8,SAN LUIS VALLEY,ALAMOSA,3, (D)
2017,YEAR,,COUNTY,COLORADO,8,SAN LUIS VALLEY,SAGUACHE,109, (D)
2017,YEAR,,COUNTY,COLORADO,8,SOUTHEAST,BACA,9,3630643.00
2017,YEAR,,COUNTY,COLORADO,8,SOUTHEAST,BENT,11,292926.00
2017,YEAR,,COUNTY,COLORADO,8,SOUTHEAST,CROWLEY,25,33040.00
2017,YEAR,,COUNTY,COLORADO,8,SOUTHEAST,LAS ANIMAS,71, (D)
2017,YEAR,,COUNTY,COLORADO,8,SOUTHEAST,OTERO,89,113189.00
2017,YEAR,,COUNTY,COLORADO,8,SOUTHEAST,PROWERS,99,1849547.00
2017,YEAR,,COUNTY,COLORADO,8,SOUTHWEST,GARFIELD,45,8253.00
2017,YEAR,,COUNTY,COLORADO,8,SOUTHWEST,MONTROSE,85, (D)
2017,YEAR,,COUNTY,DELAWARE,10,CENTRAL,KENT,1,18585.00
2017,YEAR,,COUNTY,DELAWARE,10,SOUTHERN,SUSSEX,5,12298.00
2017,YEAR,,COUNTY,FLORIDA,12,CENTRAL,ALACHUA,1, (D)
2017,YEAR,,COUNTY,FLORIDA,12,CENTRAL,GILCHRIST,41, (D)
2017,YEAR,,COUNTY,FLORIDA,12,CENTRAL,MARION,83, (D)
2017,YEAR,,COUNTY,FLORIDA,12,NORTHEAST,HAMILTON,47, (D)
2017,YEAR,,COUNTY,FLORIDA,12,NORTHEAST,MADISON,79, (D)
2017,YEAR,,COUNTY,FLORIDA,12,NORTHEAST,SUWANNEE,121, (D)
2017,YEAR,,COUNTY,FLORIDA,12,NORTHWEST,HOLMES,59, (D)
2017,YEAR,,COUNTY,FLORIDA,12,NORTHWEST,LEON,73, (D)
2017,YEAR,,COUNTY,GEORGIA,13,CENTRAL,BLECKLEY,23, (D)
2017,YEAR,,COUNTY,GEORGIA,13,CENTRAL,CRAWFORD,79, (D)
2017,YEAR,,COUNTY,GEORGIA,13,CENTRAL,HOUSTON,153, (D)
2017,YEAR,,COUNTY,GEORGIA,13,CENTRAL,MORGAN,211, (D)
2017,YEAR,,COUNTY,GEORGIA,13,CENTRAL,NEWTON,217, (D)
2017,YEAR,,COUNTY,GEORGIA,13,CENTRAL,PUTNAM,237, (D)
2017,YEAR,,COUNTY,GEORGIA,13,CENTRAL,TWIGGS,289, (D)
2017,YEAR,,COUNTY,GEORGIA,13,CENTRAL,WASHINGTON,303, (D)
2017,YEAR,,COUNTY,GEORGIA,13,CENTRAL,WHEELER,309, (D)
2017,YEAR,,COUNTY,GEORGIA,13,EAST CENTRAL,BULLOCH,31, (D)
2017,YEAR,,COUNTY,GEORGIA,13,EAST CENTRAL,BURKE,33,16705.00
2017,YEAR,,COUNTY,GEORGIA,13,EAST CENTRAL,CANDLER,43, (D)
2017,YEAR,,COUNTY,GEORGIA,13,EAST CENTRAL,COLUMBIA,73, (D)
2017,YEAR,,COUNTY,GEORGIA,13,EAST CENTRAL,EMANUEL,107, (D)
2017,YEAR,,COUNTY,GEORGIA,13,EAST CENTRAL,JEFFERSON,163,27783.00
2017,YEAR,,COUNTY,GEORGIA,13,EAST CENTRAL,SCREVEN,251, (D)
2017,YEAR,,COUNTY,GEORGIA,13,NORTH CENTRAL,CLARKE,59, (D)
2017,YEAR,,COUNTY,GEORGIA,13,NORTH CENTRAL,FULTON,121, (D)
2017,YEAR,,COUNTY,GEORGIA,13,NORTH CENTRAL,HALL,139, (D)
2017,YEAR,,COUNTY,GEORGIA,13,NORTH CENTRAL,OCONEE,219, (D)
2017,YEAR,,COUNTY,GEORGIA,13,NORTH CENTRAL,WALTON,297, (D)
2017,YEAR,,COUNTY,GEORGIA,13,NORTHEAST,BANKS,11, (D)
2017,YEAR,,COUNTY,GEORGIA,13,NORTHEAST,HART,147, (D)
2017,YEAR,,COUNTY,GEORGIA,13,NORTHEAST,MADISON,195, (D)
2017,YEAR,,COUNTY,GEORGIA,13,NORTHEAST,OGLETHORPE,221, (D)
2017,YEAR,,COUNTY,GEORGIA,13,SOUTH CENTRAL,ATKINSON,3, (D)
2017,YEAR,,COUNTY,GEORGIA,13,SOUTH CENTRAL,BERRIEN,19, (D)
2017,YEAR,,COUNTY,GEORGIA,13,SOUTH CENTRAL,BROOKS,27, (D)
2017,YEAR,,COUNTY,GEORGIA,13,SOUTH CENTRAL,CRISP,81, (D)
2017,YEAR,,COUNTY,GEORGIA,13,SOUTH CENTRAL,IRWIN,155, (D)
2017,YEAR,,COUNTY,GEORGIA,13,SOUTH CENTRAL,JEFF DAVIS,161, (D)
2017,YEAR,,COUNTY,GEORGIA,13,SOUTH CENTRAL,LOWNDES,185, (D)
2017,YEAR,,COUNTY,GEORGIA,13,SOUTH CENTRAL,TELFAIR,271, (D)
2017,YEAR,,COUNTY,GEORGIA,13,SOUTH CENTRAL,TIFT,277,8600.00
2017,YEAR,,COUNTY,GEORGIA,13,SOUTH CENTRAL,TURNER,287, (D)
2017,YEAR,,COUNTY,GEORGIA,13,SOUTH CENTRAL,WILCOX,315, (D)
2017,YEAR,,COUNTY,GEORGIA,13,SOUTH CENTRAL,WORTH,321, (D)
2017,YEAR,,COUNTY,GEORGIA,13,SOUTHEAST,APPLING,1, (D)
2017,YEAR,,COUNTY,GEORGIA,13,SOUTHEAST,TATTNALL,267, (D)
2017,YEAR,,COUNTY,GEORGIA,13,SOUTHEAST,TOOMBS,279, (D)
2017,YEAR,,COUNTY,GEORGIA,13,SOUTHWEST,BAKER,7, (D)
2017,YEAR,,COUNTY,GEORGIA,13,SOUTHWEST,CALHOUN,37,52314.00
2017,YEAR,,COUNTY,GEORGIA,13,SOUTHWEST,DECATUR,87,5050.00
2017,YEAR,,COUNTY,GEORGIA,13,SOUTHWEST,DOUGHERTY,95, (D)
2017,YEAR,,COUNTY,GEORGIA,13,SOUTHWEST,EARLY,99, (D)
2017,YEAR,,COUNTY,GEORGIA,13,SOUTHWEST,GRADY,131, (D)
2017,YEAR,,COUNTY,GEORGIA,13,SOUTHWEST,LEE,177,10690.00
2017,YEAR,,COUNTY,GEORGIA,13,SOUTHWEST,MILLER,201,7773.00
2017,YEAR,,COUNTY,GEORGIA,13,SOUTHWEST,RANDOLPH,243,39000.00
2017,YEAR,,COUNTY,GEORGIA,13,SOUTHWEST,SEMINOLE,253, (D)
2017,YEAR,,COUNTY,GEORGIA,13,SOUTHWEST,STEWART,259, (D)
2017,YEAR,,COUNTY,GEORGIA,13,SOUTHWEST,SUMTER,261, (D)
2017,YEAR,,COUNTY,GEORGIA,13,SOUTHWEST,TERRELL,273,13349.00
2017,YEAR,,COUNTY,GEORGIA,13,SOUTHWEST,THOMAS,275,8250.00
2017,YEAR,,COUNTY,GEORGIA,13,WEST CENTRAL,COWETA,77, (D)
2017,YEAR,,COUNTY,GEORGIA,13,WEST CENTRAL,MACON,193, (D)
2017,YEAR,,COUNTY,GEORGIA,13,WEST CENTRAL,MERIWETHER,199,750.00
2017,YEAR,,COUNTY,GEORGIA,13,WEST CENTRAL,TALBOT,263, (D)
2017,YEAR,,COUNTY,GEORGIA,13,WEST CENTRAL,TAYLOR,269, (D)
2017,YEAR,,COUNTY,GEORGIA,13,WEST CENTRAL,UPSON,293, (D)
2017,YEAR,,COUNTY,IDAHO,16,SOUTHWEST,ADA,1, (D)
2017,YEAR,,COUNTY,IDAHO,16,SOUTHWEST,CANYON,27, (D)
2017,YEAR,,COUNTY,IDAHO,16,SOUTHWEST,OWYHEE,73, (D)
2017,YEAR,,COUNTY,ILLINOIS,17,CENTRAL,MASON,125,39312.00
2017,YEAR,,COUNTY,ILLINOIS,17,CENTRAL,MCLEAN,113, (D)
2017,YEAR,,COUNTY,ILLINOIS,17,CENTRAL,MENARD,129, (D)
2017,YEAR,,COUNTY,ILLINOIS,17,CENTRAL,TAZEWELL,179,2714.00
2017,YEAR,,COUNTY,ILLINOIS,17,EAST,CHAMPAIGN,19, (D)
2017,YEAR,,COUNTY,ILLINOIS,17,EAST,IROQUOIS,75, (D)
2017,YEAR,,COUNTY,ILLINOIS,17,EAST SOUTHEAST,CLARK,23,18113.00
2017,YEAR,,COUNTY,ILLINOIS,17,EAST SOUTHEAST,CLAY,25,23201.00
2017,YEAR,,COUNTY,ILLINOIS,17,EAST SOUTHEAST,CRAWFORD,33,19042.00
2017,YEAR,,COUNTY,ILLINOIS,17,EAST SOUTHEAST,EFFINGHAM,49,13893.00
2017,YEAR,,COUNTY,ILLINOIS,17,EAST SOUTHEAST,FAYETTE,51, (D)
2017,YEAR,,COUNTY,ILLINOIS,17,EAST SOUTHEAST,MARION,121, (D)
2017,YEAR,,COUNTY,ILLINOIS,17,EAST SOUTHEAST,RICHLAND,159, (D)
2017,YEAR,,COUNTY,ILLINOIS,17,NORTHEAST,MCHENRY,111, (D)
2017,YEAR,,COUNTY,ILLINOIS,17,NORTHWEST,HENRY,73, (D)
2017,YEAR,,COUNTY,ILLINOIS,17,NORTHWEST,JO DAVIESS,85, (D)
2017,YEAR,,COUNTY,ILLINOIS,17,NORTHWEST,MERCER,131, (D)
2017,YEAR,,COUNTY,ILLINOIS,17,SOUTHEAST,EDWARDS,47,17186.00
2017,YEAR,,COUNTY,ILLINOIS,17,SOUTHEAST,FRANKLIN,55, (D)
2017,YEAR,,COUNTY,ILLINOIS,17,SOUTHEAST,GALLATIN,59,51612.00
2017,YEAR,,COUNTY,ILLINOIS,17,SOUTHEAST,HAMILTON,65, (D)
2017,YEAR,,COUNTY,ILLINOIS,17,SOUTHEAST,HARDIN,69,58800.00
2017,YEAR,,COUNTY,ILLINOIS,17,SOUTHEAST,JEFFERSON,81,23598.00
2017,YEAR,,COUNTY,ILLINOIS,17,SOUTHEAST,SALINE,165, (D)
2017,YEAR,,COUNTY,ILLINOIS,17,SOUTHEAST,WAYNE,191,92834.00
2017,YEAR,,COUNTY,ILLINOIS,17,SOUTHEAST,WHITE,193,221208.00
2017,YEAR,,COUNTY,ILLINOIS,17,SOUTHWEST,ALEXANDER,3, (D)
2017,YEAR,,COUNTY,ILLINOIS,17,SOUTHWEST,CLINTON,27, (D)
2017,YEAR,,COUNTY,ILLINOIS,17,SOUTHWEST,JACKSON,77,179302.00
2017,YEAR,,COUNTY,ILLINOIS,17,SOUTHWEST,JOHNSON,87, (D)
2017,YEAR,,COUNTY,ILLINOIS,17,SOUTHWEST,MONROE,133,85323.00
2017,YEAR,,COUNTY,ILLINOIS,17,SOUTHWEST,PERRY,145,50674.00
2017,YEAR,,COUNTY,ILLINOIS,17,SOUTHWEST,RANDOLPH,157,17128.00
2017,YEAR,,COUNTY,ILLINOIS,17,SOUTHWEST,ST CLAIR,163, (D)
2017,YEAR,,COUNTY,ILLINOIS,17,SOUTHWEST,UNION,181, (D)
2017,YEAR,,COUNTY,ILLINOIS,17,SOUTHWEST,WASHINGTON,189,31748.00
2017,YEAR,,COUNTY,ILLINOIS,17,SOUTHWEST,WILLIAMSON,199,21338.00
2017,YEAR,,COUNTY,ILLINOIS,17,WEST,BROWN,9, (D)
2017,YEAR,,COUNTY,ILLINOIS,17,WEST,HENDERSON,71,17616.00
2017,YEAR,,COUNTY,ILLINOIS,17,WEST SOUTHWEST,BOND,5, (D)
2017,YEAR,,COUNTY,ILLINOIS,17,WEST SOUTHWEST,CALHOUN,13, (D)
2017,YEAR,,COUNTY,ILLINOIS,17,WEST SOUTHWEST,GREENE,61, (D)
2017,YEAR,,COUNTY,ILLINOIS,17,WEST SOUTHWEST,JERSEY,83, (D)
2017,YEAR,,COUNTY,ILLINOIS,17,WEST SOUTHWEST,PIKE,149, (D)
2017,YEAR,,COUNTY,ILLINOIS,17,WEST SOUTHWEST,SANGAMON,167, (D)
2017,YEAR,,COUNTY,INDIANA,18,CENTRAL,DECATUR,31, (D)
2017,YEAR,,COUNTY,INDIANA,18,CENTRAL,HENDRICKS,63, (D)
2017,YEAR,,COUNTY,INDIANA,18,CENTRAL,JOHNSON,81, (D)
2017,YEAR,,COUNTY,INDIANA,18,CENTRAL,RUSH,139, (D)
2017,YEAR,,COUNTY,INDIANA,18,NORTH CENTRAL,ELKHART,39,4074.00
2017,YEAR,,COUNTY,INDIANA,18,NORTH CENTRAL,FULTON,49, (D)
2017,YEAR,,COUNTY,INDIANA,18,NORTH CENTRAL,ST. JOSEPH,141, (D)
2017,YEAR,,COUNTY,INDIANA,18,NORTHEAST,NOBLE,113, (D)
2017,YEAR,,COUNTY,INDIANA,18,NORTHEAST,WELLS,179, (D)
2017,YEAR,,COUNTY,INDIANA,18,NORTHWEST,JASPER,73, (D)
2017,YEAR,,COUNTY,INDIANA,18,SOUTH CENTRAL,JACKSON,71, (D)
2017,YEAR,,COUNTY,INDIANA,18,SOUTH CENTRAL,PERRY,123, (D)
2017,YEAR,,COUNTY,INDIANA,18,SOUTHWEST,DAVIESS,27,60000.00
2017,YEAR,,COUNTY,INDIANA,18,SOUTHWEST,GIBSON,51,48412.00
2017,YEAR,,COUNTY,INDIANA,18,SOUTHWEST,GREENE,55, (D)
2017,YEAR,,COUNTY,INDIANA,18,SOUTHWEST,KNOX,83, (D)
2017,YEAR,,COUNTY,INDIANA,18,SOUTHWEST,PIKE,125, (D)
2017,YEAR,,COUNTY,INDIANA,18,SOUTHWEST,POSEY,129, (D)
2017,YEAR,,COUNTY,INDIANA,18,SOUTHWEST,WARRICK,173, (D)
2017,YEAR,,COUNTY,INDIANA,18,WEST CENTRAL,TIPPECANOE,157, (D)
2017,YEAR,,COUNTY,IOWA,19,CENTRAL,BOONE,15, (D)
2017,YEAR,,COUNTY,IOWA,19,CENTRAL,STORY,169, (D)
2017,YEAR,,COUNTY,IOWA,19,EAST CENTRAL,IOWA,95, (D)
2017,YEAR,,COUNTY,IOWA,19,EAST CENTRAL,SCOTT,163, (D)
2017,YEAR,,COUNTY,IOWA,19,NORTHEAST,BREMER,17, (D)
2017,YEAR,,COUNTY,IOWA,19,NORTHWEST,LYON,119, (D)
2017,YEAR,,COUNTY,IOWA,19,SOUTHEAST,MAHASKA,123, (D)
2017,YEAR,,COUNTY,IOWA,19,SOUTHWEST,MILLS,129, (D)
2017,YEAR,,COUNTY,IOWA,19,WEST CENTRAL,SAC,161, (D)
2017,YEAR,,COUNTY,KANSAS,20,CENTRAL,BARTON,9,4065380.00
2017,YEAR,,COUNTY,KANSAS,20,CENTRAL,DICKINSON,41,2111323.00
2017,YEAR,,COUNTY,KANSAS,20,CENTRAL,ELLIS,51,4803604.00
2017,YEAR,,COUNTY,KANSAS,20,CENTRAL,ELLSWORTH,53,1845030.00
2017,YEAR,,COUNTY,KANSAS,20,CENTRAL,LINCOLN,105,2023037.00
2017,YEAR,,COUNTY,KANSAS,20,CENTRAL,MARION,115,532432.00
2017,YEAR,,COUNTY,KANSAS,20,CENTRAL,MCPHERSON,113,1386482.00
2017,YEAR,,COUNTY,KANSAS,20,CENTRAL,RICE,159,3609090.00
2017,YEAR,,COUNTY,KANSAS,20,CENTRAL,RUSH,165,4199322.00
2017,YEAR,,COUNTY,KANSAS,20,CENTRAL,RUSSELL,167,3676426.00
2017,YEAR,,COUNTY,KANSAS,20,CENTRAL,SALINE,169,1398173.00
2017,YEAR,,COUNTY,KANSAS,20,EAST CENTRAL,ANDERSON,3,153386.00
2017,YEAR,,COUNTY,KANSAS,20,EAST CENTRAL,CHASE,17,36825.00
2017,YEAR,,COUNTY,KANSAS,20,EAST CENTRAL,COFFEY,31,36227.00
2017,YEAR,,COUNTY,KANSAS,20,EAST CENTRAL,DOUGLAS,45,33968.00
2017,YEAR,,COUNTY,KANSAS,20,EAST CENTRAL,FRANKLIN,59,50984.00
2017,YEAR,,COUNTY,KANSAS,20,EAST CENTRAL,GEARY,61,30633.00
2017,YEAR,,COUNTY,KANSAS,20,EAST CENTRAL,LINN,107,35880.00
2017,YEAR,,COUNTY,KANSAS,20,EAST CENTRAL,LYON,111,57604.00
2017,YEAR,,COUNTY,KANSAS,20,EAST CENTRAL,MIAMI,121, (D)
2017,YEAR,,COUNTY,KANSAS,20,EAST CENTRAL,MORRIS,127,376976.00
2017,YEAR,,COUNTY,KANSAS,20,EAST CENTRAL,OSAGE,139,143674.00
2017,YEAR,,COUNTY,KANSAS,20,EAST CENTRAL,SHAWNEE,177,7373.00
2017,YEAR,,COUNTY,KANSAS,20,EAST CENTRAL,WABAUNSEE,197,20627.00
2017,YEAR,,COUNTY,KANSAS,20,NORTH CENTRAL,CLAY,27,1290277.00
2017,YEAR,,COUNTY,KANSAS,20,NORTH CENTRAL,CLOUD,29,1430401.00
2017,YEAR,,COUNTY,KANSAS,20,NORTH CENTRAL,JEWELL,89,2859479.00
2017,YEAR,,COUNTY,KANSAS,20,NORTH CENTRAL,MITCHELL,123,3819314.00
2017,YEAR,,COUNTY,KANSAS,20,NORTH CENTRAL,OSBORNE,141,3064403.00
2017,YEAR,,COUNTY,KANSAS,20,NORTH CENTRAL,OTTAWA,143,1620637.00
2017,YEAR,,COUNTY,KANSAS,20,NORTH CENTRAL,PHILLIPS,147,2308061.00
2017,YEAR,,COUNTY,KANSAS,20,NORTH CENTRAL,REPUBLIC,157,723267.00
2017,YEAR,,COUNTY,KANSAS,20,NORTH CENTRAL,ROOKS,163,4853298.00
2017,YEAR,,COUNTY,KANSAS,20,NORTH CENTRAL,SMITH,183,4133355.00
2017,YEAR,,COUNTY,KANSAS,20,NORTH CENTRAL,WASHINGTON,201,1449483.00
2017,YEAR,,COUNTY,KANSAS,20,NORTHEAST,ATCHISON,5, (D)
2017,YEAR,,COUNTY,KANSAS,20,NORTHEAST,JACKSON,85,20012.00
2017,YEAR,,COUNTY,KANSAS,20,NORTHEAST,JEFFERSON,87,73729.00
2017,YEAR,,COUNTY,KANSAS,20,NORTHEAST,LEAVENWORTH,103, (D)
2017,YEAR,,COUNTY,KANSAS,20,NORTHEAST,MARSHALL,117,485024.00
2017,YEAR,,COUNTY,KANSAS,20,NORTHEAST,NEMAHA,131,51988.00
2017,YEAR,,COUNTY,KANSAS,20,NORTHEAST,POTTAWATOMIE,149,117870.00
2017,YEAR,,COUNTY,KANSAS,20,NORTHEAST,RILEY,161,453466.00
2017,YEAR,,COUNTY,KANSAS,20,NORTHWEST,CHEYENNE,23,2468238.00
2017,YEAR,,COUNTY,KANSAS,20,NORTHWEST,DECATUR,39,772882.00
2017,YEAR,,COUNTY,KANSAS,20,NORTHWEST,GRAHAM,65,2777546.00
2017,YEAR,,COUNTY,KANSAS,20,NORTHWEST,NORTON,137,1013713.00
2017,YEAR,,COUNTY,KANSAS,20,NORTHWEST,RAWLINS,153,2217423.00
2017,YEAR,,COUNTY,KANSAS,20,NORTHWEST,SHERIDAN,179,1111158.00
2017,YEAR,,COUNTY,KANSAS,20,NORTHWEST,SHERMAN,181,2249408.00
2017,YEAR,,COUNTY,KANSAS,20,NORTHWEST,THOMAS,193,2819142.00
2017,YEAR,,COUNTY,KANSAS,20,SOUTH CENTRAL,BARBER,7,335729.00
2017,YEAR,,COUNTY,KANSAS,20,SOUTH CENTRAL,COMANCHE,33,1511208.00
2017,YEAR,,COUNTY,KANSAS,20,SOUTH CENTRAL,EDWARDS,47,1928855.00
2017,YEAR,,COUNTY,KANSAS,20,SOUTH CENTRAL,HARPER,77,435087.00
2017,YEAR,,COUNTY,KANSAS,20,SOUTH CENTRAL,HARVEY,79,454414.00
2017,YEAR,,COUNTY,KANSAS,20,SOUTH CENTRAL,KINGMAN,95,562232.00
2017,YEAR,,COUNTY,KANSAS,20,SOUTH CENTRAL,KIOWA,97,1824751.00
2017,YEAR,,COUNTY,KANSAS,20,SOUTH CENTRAL,PAWNEE,145,3915753.00
2017,YEAR,,COUNTY,KANSAS,20,SOUTH CENTRAL,PRATT,151,1570080.00
2017,YEAR,,COUNTY,KANSAS,20,SOUTH CENTRAL,RENO,155,2158673.00
2017,YEAR,,COUNTY,KANSAS,20,SOUTH CENTRAL,SEDGWICK,173,1199887.00
2017,YEAR,,COUNTY,KANSAS,20,SOUTH CENTRAL,STAFFORD,185,1604978.00
2017,YEAR,,COUNTY,KANSAS,20,SOUTH CENTRAL,SUMNER,191,1069139.00
2017,YEAR,,COUNTY,KANSAS,20,SOUTHEAST,ALLEN,1, (D)
2017,YEAR,,COUNTY,KANSAS,20,SOUTHEAST,BOURBON,11,21312.00
2017,YEAR,,COUNTY,KANSAS,20,SOUTHEAST,BUTLER,15,155820.00
2017,YEAR,,COUNTY,KANSAS,20,SOUTHEAST,CHEROKEE,21,173504.00
2017,YEAR,,COUNTY,KANSAS,20,SOUTHEAST,COWLEY,35,431983.00
2017,YEAR,,COUNTY,KANSAS,20,SOUTHEAST,CRAWFORD,37,87614.00
2017,YEAR,,COUNTY,KANSAS,20,SOUTHEAST,ELK,49,29688.00
2017,YEAR,,COUNTY,KANSAS,20,SOUTHEAST,GREENWOOD,73,64129.00
2017,YEAR,,COUNTY,KANSAS,20,SOUTHEAST,LABETTE,99,84392.00
2017,YEAR,,COUNTY,KANSAS,20,SOUTHEAST,MONTGOMERY,125,21466.00
2017,YEAR,,COUNTY,KANSAS,20,SOUTHEAST,NEOSHO,133, (D)
2017,YEAR,,COUNTY,KANSAS,20,SOUTHEAST,WILSON,205,21807.00
2017,YEAR,,COUNTY,KANSAS,20,SOUTHEAST,WOODSON,207,105744.00
2017,YEAR,,COUNTY,KANSAS,20,SOUTHWEST,CLARK,25,1526076.00
2017,YEAR,,COUNTY,KANSAS,20,SOUTHWEST,FINNEY,55,10128570.00
2017,YEAR,,COUNTY,KANSAS,20,SOUTHWEST,FORD,57,9778766.00
2017,YEAR,,COUNTY,KANSAS,20,SOUTHWEST,GRANT,67,2446633.00
2017,YEAR,,COUNTY,KANSAS,20,SOUTHWEST,GRAY,69,8122851.00
2017,YEAR,,COUNTY,KANSAS,20,SOUTHWEST,HAMILTON,75,4450434.00
2017,YEAR,,COUNTY,KANSAS,20,SOUTHWEST,HASKELL,81,5227243.00
2017,YEAR,,COUNTY,KANSAS,20,SOUTHWEST,HODGEMAN,83,3382194.00
2017,YEAR,,COUNTY,KANSAS,20,SOUTHWEST,KEARNY,93,4475884.00
2017,YEAR,,COUNTY,KANSAS,20,SOUTHWEST,MEADE,119,2805521.00
2017,YEAR,,COUNTY,KANSAS,20,SOUTHWEST,MORTON,129,3499650.00
2017,YEAR,,COUNTY,KANSAS,20,SOUTHWEST,SEWARD,175,1648763.00
2017,YEAR,,COUNTY,KANSAS,20,SOUTHWEST,STANTON,187,3368567.00
2017,YEAR,,COUNTY,KANSAS,20,SOUTHWEST,STEVENS,189,1982024.00
2017,YEAR,,COUNTY,KANSAS,20,WEST CENTRAL,GOVE,63,2225193.00
2017,YEAR,,COUNTY,KANSAS,20,WEST CENTRAL,GREELEY,71,5442609.00
2017,YEAR,,COUNTY,KANSAS,20,WEST CENTRAL,LANE,101,4410012.00
2017,YEAR,,COUNTY,KANSAS,20,WEST CENTRAL,LOGAN,109,2421493.00
2017,YEAR,,COUNTY,KANSAS,20,WEST CENTRAL,NESS,135,5242693.00
2017,YEAR,,COUNTY,KANSAS,20,WEST CENTRAL,SCOTT,171,6808391.00
2017,YEAR,,COUNTY,KANSAS,20,WEST CENTRAL,TREGO,195,4002038.00
2017,YEAR,,COUNTY,KANSAS,20,WEST CENTRAL,WALLACE,199,2170579.00
2017,YEAR,,COUNTY,KANSAS,20,WEST CENTRAL,WICHITA,203,3437698.00
2017,YEAR,,COUNTY,KENTUCKY,21,BLUEGRASS,FLEMING,69, (D)
2017,YEAR,,COUNTY,KENTUCKY,21,BLUEGRASS,FRANKLIN,73, (D)
2017,YEAR,,COUNTY,KENTUCKY,21,CENTRAL,BRECKINRIDGE,27, (D)
2017,YEAR,,COUNTY,KENTUCKY,21,CENTRAL,BULLITT,29, (D)
2017,YEAR,,COUNTY,KENTUCKY,21,CENTRAL,HARDIN,93, (D)
2017,YEAR,,COUNTY,KENTUCKY,21,CENTRAL,NELSON,179, (D)
2017,YEAR,,COUNTY,KENTUCKY,21,MIDWESTERN,CHRISTIAN,47,1500.00
2017,YEAR,,COUNTY,KENTUCKY,21,MIDWESTERN,CRITTENDEN,55, (D)
2017,YEAR,,COUNTY,KENTUCKY,21,MIDWESTERN,DAVIESS,59,3640.00
2017,YEAR,,COUNTY,KENTUCKY,21,MIDWESTERN,HENDERSON,101, (D)
2017,YEAR,,COUNTY,KENTUCKY,21,MIDWESTERN,HOPKINS,107,109847.00
2017,YEAR,,COUNTY,KENTUCKY,21,MIDWESTERN,LOGAN,141, (D)
2017,YEAR,,COUNTY,KENTUCKY,21,MIDWESTERN,MCLEAN,149, (D)
2017,YEAR,,COUNTY,KENTUCKY,21,MIDWESTERN,MUHLENBERG,177, (D)
2017,YEAR,,COUNTY,KENTUCKY,21,MIDWESTERN,TODD,219, (D)
2017,YEAR,,COUNTY,KENTUCKY,21,NORTHERN,TRIMBLE,223, (D)
2017,YEAR,,COUNTY,KENTUCKY,21,PURCHASE,GRAVES,83, (D)
2017,YEAR,,COUNTY,LOUISIANA,22,CENTRAL,AVOYELLES,9,630694.00
2017,YEAR,,COUNTY,LOUISIANA,22,CENTRAL,CATAHOULA,25,53365.00
2017,YEAR,,COUNTY,LOUISIANA,22,CENTRAL,CONCORDIA,29, (D)
2017,YEAR,,COUNTY,LOUISIANA,22,CENTRAL,EVANGELINE,39, (D)
2017,YEAR,,COUNTY,LOUISIANA,22,CENTRAL,GRANT,43, (D)
2017,YEAR,,COUNTY,LOUISIANA,22,CENTRAL,POINTE COUPEE,77, (D)
2017,YEAR,,COUNTY,LOUISIANA,22,CENTRAL,RAPIDES,79, (D)
2017,YEAR,,COUNTY,LOUISIANA,22,CENTRAL,SAINT LANDRY,97,72480.00
2017,YEAR,,COUNTY,LOUISIANA,22,EAST CENTRAL,EAST BATON ROUGE,33, (D)
2017,YEAR,,COUNTY,LOUISIANA,22,NORTHEAST,FRANKLIN,41, (D)
2017,YEAR,,COUNTY,LOUISIANA,22,NORTHEAST,MOREHOUSE,67, (D)
2017,YEAR,,COUNTY,LOUISIANA,22,NORTHEAST,RICHLAND,83, (D)
2017,YEAR,,COUNTY,LOUISIANA,22,NORTHEAST,TENSAS,107,151656.00
2017,YEAR,,COUNTY,LOUISIANA,22,NORTHWEST,BOSSIER,15, (D)
2017,YEAR,,COUNTY,LOUISIANA,22,SOUTHWEST,BEAUREGARD,11, (D)
2017,YEAR,,COUNTY,LOUISIANA,22,WEST CENTRAL,NATCHITOCHES,69, (D)
2017,YEAR,,COUNTY,MAINE,23,SOUTH,ANDROSCOGGIN,1, (D)
2017,YEAR,,COUNTY,MAINE,23,SOUTH,YORK,31, (D)
2017,YEAR,,COUNTY,MARYLAND,24,LOWER EASTERN SHORE,DORCHESTER,19,156155.00
2017,YEAR,,COUNTY,MARYLAND,24,LOWER EASTERN SHORE,SOMERSET,39, (D)
2017,YEAR,,COUNTY,MARYLAND,24,LOWER EASTERN SHORE,WICOMICO,45,44530.00
2017,YEAR,,COUNTY,MARYLAND,24,LOWER EASTERN SHORE,WORCESTER,47, (D)
2017,YEAR,,COUNTY,MARYLAND,24,NORTH CENTRAL,BALTIMORE,5,19790.00
2017,YEAR,,COUNTY,MARYLAND,24,NORTH CENTRAL,CARROLL,13,2220.00
2017,YEAR,,COUNTY,MARYLAND,24,NORTH CENTRAL,MONTGOMERY,31, (D)
2017,YEAR,,COUNTY,MARYLAND,24,NORTH CENTRAL,WASHINGTON,43,27754.00
2017,YEAR,,COUNTY,MARYLAND,24,SOUTHERN,CALVERT,9,55348.00
2017,YEAR,,COUNTY,MARYLAND,24,SOUTHERN,CHARLES,17,116369.00
2017,YEAR,,COUNTY,MARYLAND,24,SOUTHERN,PRINCE GEORGES,33,104972.00
2017,YEAR,,COUNTY,MARYLAND,24,SOUTHERN,ST MARYS,37,21344.00
2017,YEAR,,COUNTY,MARYLAND,24,UPPER EASTERN SHORE,CAROLINE,11,151610.00
2017,YEAR,,COUNTY,MARYLAND,24,UPPER EASTERN SHORE,CECIL,15, (D)
2017,YEAR,,COUNTY,MARYLAND,24,UPPER EASTERN SHORE,KENT,29, (D)
2017,YEAR,,COUNTY,MARYLAND,24,UPPER EASTERN SHORE,QUEEN ANNES,35, (D)
2017,YEAR,,COUNTY,MARYLAND,24,UPPER EASTERN SHORE,TALBOT,41,86261.00
2017,YEAR,,COUNTY,MICHIGAN,26,CENTRAL,GLADWIN,51, (D)
2017,YEAR,,COUNTY,MICHIGAN,26,CENTRAL,ISABELLA,73,810.00
2017,YEAR,,COUNTY,MICHIGAN,26,CENTRAL,OSCEOLA,133, (D)
2017,YEAR,,COUNTY,MICHIGAN,26,EAST CENTRAL,SAGINAW,145, (D)
2017,YEAR,,COUNTY,MICHIGAN,26,EAST CENTRAL,TUSCOLA,157,6026.00
2017,YEAR,,COUNTY,MICHIGAN,26,NORTHEAST,ALPENA,7, (D)
2017,YEAR,,COUNTY,MICHIGAN,26,NORTHWEST,KALKASKA,79, (D)
2017,YEAR,,COUNTY,MICHIGAN,26,SOUTH CENTRAL,CALHOUN,25, (D)
2017,YEAR,,COUNTY,MICHIGAN,26,SOUTH CENTRAL,CLINTON,37, (D)
2017,YEAR,,COUNTY,MICHIGAN,26,SOUTH CENTRAL,ST JOSEPH,149,180319.00
2017,YEAR,,COUNTY,MICHIGAN,26,SOUTHWEST,KALAMAZOO,77,11364.00
2017,YEAR,,COUNTY,MICHIGAN,26,SOUTHWEST,OTTAWA,139, (D)
2017,YEAR,,COUNTY,MICHIGAN,26,SOUTHWEST,VAN BUREN,159, (D)
2017,YEAR,,COUNTY,MINNESOTA,27,CENTRAL,RENVILLE,129, (D)
2017,YEAR,,COUNTY,MINNESOTA,27,CENTRAL,SCOTT,139, (D)
2017,YEAR,,COUNTY,MINNESOTA,27,CENTRAL,STEARNS,145,28100.00
2017,YEAR,,COUNTY,MINNESOTA,27,CENTRAL,WRIGHT,171, (D)
2017,YEAR,,COUNTY,MINNESOTA,27,EAST CENTRAL,WASHINGTON,163, (D)
2017,YEAR,,COUNTY,MINNESOTA,27,WEST CENTRAL,POPE,121, (D)
2017,YEAR,,COUNTY,MISSISSIPPI,28,EAST CENTRAL,CHICKASAW,17,6030.00
2017,YEAR,,COUNTY,MISSISSIPPI,28,EAST CENTRAL,NESHOBA,99, (D)
2017,YEAR,,COUNTY,MISSISSIPPI,28,EAST CENTRAL,OKTIBBEHA,105, (D)
2017,YEAR,,COUNTY,MISSISSIPPI,28,LOWER DELTA,HUMPHREYS,53, (D)
2017,YEAR,,COUNTY,MISSISSIPPI,28,LOWER DELTA,SHARKEY,125, (D)
2017,YEAR,,COUNTY,MISSISSIPPI,28,LOWER DELTA,SUNFLOWER,133,29574.00
2017,YEAR,,COUNTY,MISSISSIPPI,28,LOWER DELTA,WASHINGTON,151, (D)
2017,YEAR,,COUNTY,MISSISSIPPI,28,LOWER DELTA,YAZOO,163, (D)
2017,YEAR,,COUNTY,MISSISSIPPI,28,NORTH CENTRAL,DE SOTO,33,60458.00
2017,YEAR,,COUNTY,MISSISSIPPI,28,NORTH CENTRAL,GRENADA,43, (D)
2017,YEAR,,COUNTY,MISSISSIPPI,28,NORTH CENTRAL,PANOLA,107, (D)
2017,YEAR,,COUNTY,MISSISSIPPI,28,NORTH CENTRAL,TATE,137, (D)
2017,YEAR,,COUNTY,MISSISSIPPI,28,NORTHEAST,LEE,81, (D)
2017,YEAR,,COUNTY,MISSISSIPPI,28,SOUTHEAST AND COASTAL,NEWTON,101, (D)
2017,YEAR,,COUNTY,MISSISSIPPI,28,SOUTHWEST,CLAIBORNE,21, (D)
2017,YEAR,,COUNTY,MISSISSIPPI,28,UPPER DELTA,BOLIVAR,11, (D)
2017,YEAR,,COUNTY,MISSISSIPPI,28,UPPER DELTA,COAHOMA,27, (D)
2017,YEAR,,COUNTY,MISSISSIPPI,28,UPPER DELTA,QUITMAN,119,21120.00
2017,YEAR,,COUNTY,MISSOURI,29,CENTRAL,BENTON,15,26432.00
2017,YEAR,,COUNTY,MISSOURI,29,CENTRAL,BOONE,19,38977.00
2017,YEAR,,COUNTY,MISSOURI,29,CENTRAL,CALLAWAY,27,116828.00
2017,YEAR,,COUNTY,MISSOURI,29,CENTRAL,COLE,51,11101.00
2017,YEAR,,COUNTY,MISSOURI,29,CENTRAL,COOPER,53,25210.00
2017,YEAR,,COUNTY,MISSOURI,29,CENTRAL,DALLAS,59,4150.00
2017,YEAR,,COUNTY,MISSOURI,29,CENTRAL,HICKORY,85, (D)
2017,YEAR,,COUNTY,MISSOURI,29,CENTRAL,HOWARD,89,48800.00
2017,YEAR,,COUNTY,MISSOURI,29,CENTRAL,LACLEDE,105,12819.00
2017,YEAR,,COUNTY,MISSOURI,29,CENTRAL,MARIES,125, (D)
2017,YEAR,,COUNTY,MISSOURI,29,CENTRAL,MILLER,131,15855.00
2017,YEAR,,COUNTY,MISSOURI,29,CENTRAL,MONITEAU,135,24500.00
2017,YEAR,,COUNTY,MISSOURI,29,CENTRAL,MORGAN,141,9900.00
2017,YEAR,,COUNTY,MISSOURI,29,CENTRAL,OSAGE,151,38745.00
2017,YEAR,,COUNTY,MISSOURI,29,CENTRAL,PETTIS,159,56881.00
2017,YEAR,,COUNTY,MISSOURI,29,CENTRAL,POLK,167,36108.00
2017,YEAR,,COUNTY,MISSOURI,29,CENTRAL,SALINE,195, (D)
2017,YEAR,,COUNTY,MISSOURI,29,EAST,FRANKLIN,71,54492.00
2017,YEAR,,COUNTY,MISSOURI,29,EAST,GASCONADE,73,10232.00
2017,YEAR,,COUNTY,MISSOURI,29,EAST,JEFFERSON,99, (D)
2017,YEAR,,COUNTY,MISSOURI,29,EAST,LINCOLN,113,48702.00
2017,YEAR,,COUNTY,MISSOURI,29,EAST,MONTGOMERY,139,77436.00
2017,YEAR,,COUNTY,MISSOURI,29,EAST,PERRY,157,15450.00
2017,YEAR,,COUNTY,MISSOURI,29,EAST,ST CHARLES,183,25600.00
2017,YEAR,,COUNTY,MISSOURI,29,EAST,ST FRANCOIS,187,32730.00
2017,YEAR,,COUNTY,MISSOURI,29,EAST,WARREN,219,18177.00
2017,YEAR,,COUNTY,MISSOURI,29,NORTH CENTRAL,ADAIR,1, (D)
2017,YEAR,,COUNTY,MISSOURI,29,NORTH CENTRAL,CARROLL,33, (D)
2017,YEAR,,COUNTY,MISSOURI,29,NORTH CENTRAL,CHARITON,41,10083.00
2017,YEAR,,COUNTY,MISSOURI,29,NORTH CENTRAL,GRUNDY,79, (D)
2017,YEAR,,COUNTY,MISSOURI,29,NORTH CENTRAL,LINN,115, (D)
2017,YEAR,,COUNTY,MISSOURI,29,NORTH CENTRAL,LIVINGSTON,117,213805.00
2017,YEAR,,COUNTY,MISSOURI,29,NORTH CENTRAL,MERCER,129,4800.00
2017,YEAR,,COUNTY,MISSOURI,29,NORTH CENTRAL,RANDOLPH,175, (D)
2017,YEAR,,COUNTY,MISSOURI,29,NORTHEAST,AUDRAIN,7,278805.00
2017,YEAR,,COUNTY,MISSOURI,29,NORTHEAST,CLARK,45, (D)
2017,YEAR,,COUNTY,MISSOURI,29,NORTHEAST,MARION,127,3000.00
2017,YEAR,,COUNTY,MISSOURI,29,NORTHEAST,MONROE,137,16266.00
2017,YEAR,,COUNTY,MISSOURI,29,NORTHEAST,PIKE,163,3091.00
2017,YEAR,,COUNTY,MISSOURI,29,NORTHEAST,RALLS,173,65437.00
2017,YEAR,,COUNTY,MISSOURI,29,NORTHEAST,SCOTLAND,199,11120.00
2017,YEAR,,COUNTY,MISSOURI,29,NORTHEAST,SHELBY,205, (D)
2017,YEAR,,COUNTY,MISSOURI,29,NORTHWEST,ANDREW,3, (D)
2017,YEAR,,COUNTY,MISSOURI,29,NORTHWEST,BUCHANAN,21,37410.00
2017,YEAR,,COUNTY,MISSOURI,29,NORTHWEST,CALDWELL,25,109507.00
2017,YEAR,,COUNTY,MISSOURI,29,NORTHWEST,CLAY,47, (D)
2017,YEAR,,COUNTY,MISSOURI,29,NORTHWEST,DAVIESS,61,16227.00
2017,YEAR,,COUNTY,MISSOURI,29,NORTHWEST,DE KALB,63, (D)
2017,YEAR,,COUNTY,MISSOURI,29,NORTHWEST,GENTRY,75,208.00
2017,YEAR,,COUNTY,MISSOURI,29,NORTHWEST,HARRISON,81,31150.00
2017,YEAR,,COUNTY,MISSOURI,29,NORTHWEST,NODAWAY,147, (D)
2017,YEAR,,COUNTY,MISSOURI,29,NORTHWEST,PLATTE,165, (D)
2017,YEAR,,COUNTY,MISSOURI,29,NORTHWEST,RAY,177,4206.00
2017,YEAR,,COUNTY,MISSOURI,29,SOUTH CENTRAL,BOLLINGER,17,6191.00
2017,YEAR,,COUNTY,MISSOURI,29,SOUTH CENTRAL,DENT,65, (D)
2017,YEAR,,COUNTY,MISSOURI,29,SOUTH CENTRAL,WAYNE,223, (D)
2017,YEAR,,COUNTY,MISSOURI,29,SOUTHEAST,BUTLER,23,17897.00
2017,YEAR,,COUNTY,MISSOURI,29,SOUTHEAST,CAPE GIRARDEAU,31, (D)
2017,YEAR,,COUNTY,MISSOURI,29,SOUTHEAST,DUNKLIN,69,64473.00
2017,YEAR,,COUNTY,MISSOURI,29,SOUTHEAST,MISSISSIPPI,133,146677.00
2017,YEAR,,COUNTY,MISSOURI,29,SOUTHEAST,NEW MADRID,143,7593.00
2017,YEAR,,COUNTY,MISSOURI,29,SOUTHEAST,PEMISCOT,155, (D)
2017,YEAR,,COUNTY,MISSOURI,29,SOUTHEAST,SCOTT,201,11657.00
2017,YEAR,,COUNTY,MISSOURI,29,SOUTHEAST,STODDARD,207,32218.00
2017,YEAR,,COUNTY,MISSOURI,29,SOUTHWEST,BARRY,9,50350.00
2017,YEAR,,COUNTY,MISSOURI,29,SOUTHWEST,BARTON,11,8912.00
2017,YEAR,,COUNTY,MISSOURI,29,SOUTHWEST,DADE,57,29067.00
2017,YEAR,,COUNTY,MISSOURI,29,SOUTHWEST,GREENE,77, (D)
2017,YEAR,,COUNTY,MISSOURI,29,SOUTHWEST,JASPER,97,5359.00
2017,YEAR,,COUNTY,MISSOURI,29,SOUTHWEST,LAWRENCE,109, (D)
2017,YEAR,,COUNTY,MISSOURI,29,SOUTHWEST,NEWTON,145, (D)
2017,YEAR,,COUNTY,MISSOURI,29,WEST,BATES,13, (D)
2017,YEAR,,COUNTY,MISSOURI,29,WEST,CASS,37, (D)
2017,YEAR,,COUNTY,MISSOURI,29,WEST,CEDAR,39, (D)
2017,YEAR,,COUNTY,MISSOURI,29,WEST,HENRY,83,50765.00
2017,YEAR,,COUNTY,MISSOURI,29,WEST,JOHNSON,101,4744.00
2017,YEAR,,COUNTY,MISSOURI,29,WEST,ST CLAIR,185,34996.00
2017,YEAR,,COUNTY,MISSOURI,29,WEST,VERNON,217,17426.00
2017,YEAR,,COUNTY,MONTANA,30,CENTRAL,FERGUS,27, (D)
2017,YEAR,,COUNTY,MONTANA,30,NORTH CENTRAL,HILL,41,6000.00
2017,YEAR,,COUNTY,MONTANA,30,NORTHEAST,VALLEY,105, (D)
2017,YEAR,,COUNTY,MONTANA,30,SOUTHEAST,CARTER,11, (D)
2017,YEAR,,COUNTY,NEBRASKA,31,CENTRAL,BUFFALO,19,33895.00
2017,YEAR,,COUNTY,NEBRASKA,31,CENTRAL,CUSTER,41,119419.00
2017,YEAR,,COUNTY,NEBRASKA,31,CENTRAL,DAWSON,47,76966.00
2017,YEAR,,COUNTY,NEBRASKA,31,CENTRAL,HALL,79,103872.00
2017,YEAR,,COUNTY,NEBRASKA,31,CENTRAL,HOWARD,93,16747.00
2017,YEAR,,COUNTY,NEBRASKA,31,CENTRAL,VALLEY,175,75720.00
2017,YEAR,,COUNTY,NEBRASKA,31,EAST,BUTLER,23,19693.00
2017,YEAR,,COUNTY,NEBRASKA,31,EAST,COLFAX,37,22790.00
2017,YEAR,,COUNTY,NEBRASKA,31,EAST,DODGE,53, (D)
2017,YEAR,,COUNTY,NEBRASKA,31,EAST,HAMILTON,81,37264.00
2017,YEAR,,COUNTY,NEBRASKA,31,EAST,LANCASTER,109,56566.00
2017,YEAR,,COUNTY,NEBRASKA,31,EAST,MERRICK,121,23540.00
2017,YEAR,,COUNTY,NEBRASKA,31,EAST,NANCE,125,12246.00
2017,YEAR,,COUNTY,NEBRASKA,31,EAST,PLATTE,141,20654.00
2017,YEAR,,COUNTY,NEBRASKA,31,EAST,POLK,143,68172.00
2017,YEAR,,COUNTY,NEBRASKA,31,EAST,SAUNDERS,155,6130.00
2017,YEAR,,COUNTY,NEBRASKA,31,EAST,SEWARD,159,331395.00
2017,YEAR,,COUNTY,NEBRASKA,31,EAST,YORK,185,136714.00
2017,YEAR,,COUNTY,NEBRASKA,31,NORTH,BOYD,15,40891.00
2017,YEAR,,COUNTY,NEBRASKA,31,NORTH,CHERRY,31,12735.00
2017,YEAR,,COUNTY,NEBRASKA,31,NORTH,GARFIELD,71, (D)
2017,YEAR,,COUNTY,NEBRASKA,31,NORTH,HOLT,89,76890.00
2017,YEAR,,COUNTY,NEBRASKA,31,NORTH,KEYA PAHA,103,13514.00
2017,YEAR,,COUNTY,NEBRASKA,31,NORTH,LOUP,115,37228.00
2017,YEAR,,COUNTY,NEBRASKA,31,NORTHEAST,ANTELOPE,3, (D)
2017,YEAR,,COUNTY,NEBRASKA,31,NORTHEAST,CEDAR,27, (D)
2017,YEAR,,COUNTY,NEBRASKA,31,NORTHEAST,CUMING,39,8234.00
2017,YEAR,,COUNTY,NEBRASKA,31,NORTHEAST,KNOX,107,7522.00
2017,YEAR,,COUNTY,NEBRASKA,31,NORTHEAST,MADISON,119,2600.00
2017,YEAR,,COUNTY,NEBRASKA,31,NORTHEAST,WAYNE,179, (D)
2017,YEAR,,COUNTY,NEBRASKA,31,NORTHWEST,BANNER,7, (D)
2017,YEAR,,COUNTY,NEBRASKA,31,NORTHWEST,CHEYENNE,33,418748.00
2017,YEAR,,COUNTY,NEBRASKA,31,NORTHWEST,DAWES,45,12735.00
2017,YEAR,,COUNTY,NEBRASKA,31,NORTHWEST,DEUEL,49,278356.00
2017,YEAR,,COUNTY,NEBRASKA,31,NORTHWEST,GARDEN,69,35884.00
2017,YEAR,,COUNTY,NEBRASKA,31,NORTHWEST,KIMBALL,105,76968.00
2017,YEAR,,COUNTY,NEBRASKA,31,NORTHWEST,MORRILL,123, (D)
2017,YEAR,,COUNTY,NEBRASKA,31,NORTHWEST,SCOTTS BLUFF,157,17518.00
2017,YEAR,,COUNTY,NEBRASKA,31,NORTHWEST,SHERIDAN,161,14229.00
2017,YEAR,,COUNTY,NEBRASKA,31,NORTHWEST,SIOUX,165,2846.00
2017,YEAR,,COUNTY,NEBRASKA,31,SOUTH,ADAMS,1,30860.00
2017,YEAR,,COUNTY,NEBRASKA,31,SOUTH,FRANKLIN,61,69786.00
2017,YEAR,,COUNTY,NEBRASKA,31,SOUTH,FURNAS,65,640617.00
2017,YEAR,,COUNTY,NEBRASKA,31,SOUTH,GOSPER,73,85408.00
2017,YEAR,,COUNTY,NEBRASKA,31,SOUTH,HARLAN,83,369801.00
2017,YEAR,,COUNTY,NEBRASKA,31,SOUTH,KEARNEY,99,58784.00
2017,YEAR,,COUNTY,NEBRASKA,31,SOUTH,PHELPS,137,44603.00
2017,YEAR,,COUNTY,NEBRASKA,31,SOUTH,WEBSTER,181,268795.00
2017,YEAR,,COUNTY,NEBRASKA,31,SOUTHEAST,CLAY,35,91290.00
2017,YEAR,,COUNTY,NEBRASKA,31,SOUTHEAST,FILLMORE,59,179270.00
2017,YEAR,,COUNTY,NEBRASKA,31,SOUTHEAST,GAGE,67,82885.00
2017,YEAR,,COUNTY,NEBRASKA,31,SOUTHEAST,JEFFERSON,95,70946.00
2017,YEAR,,COUNTY,NEBRASKA,31,SOUTHEAST,JOHNSON,97,62800.00
2017,YEAR,,COUNTY,NEBRASKA,31,SOUTHEAST,NUCKOLLS,129,556551.00
2017,YEAR,,COUNTY,NEBRASKA,31,SOUTHEAST,PAWNEE,133,165782.00
2017,YEAR,,COUNTY,NEBRASKA,31,SOUTHEAST,RICHARDSON,147,11291.00
2017,YEAR,,COUNTY,NEBRASKA,31,SOUTHEAST,SALINE,151,123185.00
2017,YEAR,,COUNTY,NEBRASKA,31,SOUTHEAST,THAYER,169,207892.00
2017,YEAR,,COUNTY,NEBRASKA,31,SOUTHWEST,CHASE,29,220199.00
2017,YEAR,,COUNTY,NEBRASKA,31,SOUTHWEST,DUNDY,57,288325.00
2017,YEAR,,COUNTY,NEBRASKA,31,SOUTHWEST,FRONTIER,63,510930.00
2017,YEAR,,COUNTY,NEBRASKA,31,SOUTHWEST,HAYES,85,554560.00
2017,YEAR,,COUNTY,NEBRASKA,31,SOUTHWEST,HITCHCOCK,87,1147308.00
2017,YEAR,,COUNTY,NEBRASKA,31,SOUTHWEST,KEITH,101, (D)
2017,YEAR,,COUNTY,NEBRASKA,31,SOUTHWEST,LINCOLN,111,126475.00
2017,YEAR,,COUNTY,NEBRASKA,31,SOUTHWEST,PERKINS,135,233543.00
2017,YEAR,,COUNTY,NEBRASKA,31,SOUTHWEST,RED WILLOW,145,1065488.00
2017,YEAR,,COUNTY,NEVADA,32,NORTHWEST,CHURCHILL,1, (D)
2017,YEAR,,COUNTY,NEW HAMPSHIRE,33,ALL COUNTIES,MERRIMACK,13, (D)
2017,YEAR,,COUNTY,NEW JERSEY,34,CENTRAL,BURLINGTON,5,30040.00
2017,YEAR,,COUNTY,NEW JERSEY,34,NORTH,HUNTERDON,19, (D)
2017,YEAR,,COUNTY,NEW JERSEY,34,NORTH,MORRIS,27, (D)
2017,YEAR,,COUNTY,NEW JERSEY,34,NORTH,WARREN,41, (D)
2017,YEAR,,COUNTY,NEW JERSEY,34,SOUTH,CUMBERLAND,11, (D)
2017,YEAR,,COUNTY,NEW MEXICO,35,NORTHEAST,CURRY,9,955285.00
2017,YEAR,,COUNTY,NEW MEXICO,35,NORTHEAST,DE BACA,11, (D)
2017,YEAR,,COUNTY,NEW MEXICO,35,NORTHEAST,QUAY,37,301914.00
2017,YEAR,,COUNTY,NEW MEXICO,35,NORTHEAST,ROOSEVELT,41,339216.00
2017,YEAR,,COUNTY,NEW MEXICO,35,NORTHEAST,UNION,59, (D)
2017,YEAR,,COUNTY,NEW MEXICO,35,SOUTHEAST,CHAVES,5, (D)
2017,YEAR,,COUNTY,NEW MEXICO,35,SOUTHEAST,DONA ANA,13, (D)
2017,YEAR,,COUNTY,NEW MEXICO,35,SOUTHEAST,LEA,25, (D)
2017,YEAR,,COUNTY,NEW MEXICO,35,SOUTHWEST,LUNA,29,15048.00
2017,YEAR,,COUNTY,NEW YORK,36,CENTRAL,ONEIDA,65, (D)
2017,YEAR,,COUNTY,NEW YORK,36,CENTRAL,OTSEGO,77, (D)
2017,YEAR,,COUNTY,NEW YORK,36,EASTERN,MONTGOMERY,57, (D)
2017,YEAR,,COUNTY,NEW YORK,36,SOUTHEAST,COLUMBIA,21, (D)
2017,YEAR,,COUNTY,NEW YORK,36,SOUTHEAST,GREENE,39, (D)
2017,YEAR,,COUNTY,NEW YORK,36,SOUTHERN,TOMPKINS,109,2680.00
2017,YEAR,,COUNTY,NEW YORK,36,SOUTHWEST,CHAUTAUQUA,13, (D)
2017,YEAR,,COUNTY,NEW YORK,36,SOUTHWEST,STEUBEN,101,3500.00
2017,YEAR,,COUNTY,NEW YORK,36,WESTERN,ERIE,29, (D)
2017,YEAR,,COUNTY,NEW YORK,36,WESTERN,GENESEE,37, (D)
2017,YEAR,,COUNTY,NEW YORK,36,WESTERN,ONTARIO,69, (D)
2017,YEAR,,COUNTY,NEW YORK,36,WESTERN,SENECA,99,20280.00
2017,YEAR,,COUNTY,NEW YORK,36,WESTERN,WAYNE,117, (D)
2017,YEAR,,COUNTY,NORTH CAROLINA,37,CENTRAL COASTAL,BEAUFORT,13,8140.00
2017,YEAR,,COUNTY,NORTH CAROLINA,37,CENTRAL COASTAL,CRAVEN,49, (D)
2017,YEAR,,COUNTY,NORTH CAROLINA,37,CENTRAL COASTAL,GREENE,79, (D)
2017,YEAR,,COUNTY,NORTH CAROLINA,37,CENTRAL COASTAL,HYDE,95, (D)
2017,YEAR,,COUNTY,NORTH CAROLINA,37,CENTRAL COASTAL,JOHNSTON,101,32035.00
2017,YEAR,,COUNTY,NORTH CAROLINA,37,CENTRAL COASTAL,JONES,103, (D)
2017,YEAR,,COUNTY,NORTH CAROLINA,37,CENTRAL COASTAL,LENOIR,107,14893.00
2017,YEAR,,COUNTY,NORTH CAROLINA,37,CENTRAL COASTAL,PAMLICO,137, (D)
2017,YEAR,,COUNTY,NORTH CAROLINA,37,CENTRAL COASTAL,PITT,147,62989.00
2017,YEAR,,COUNTY,NORTH CAROLINA,37,CENTRAL COASTAL,WAYNE,191,3858.00
2017,YEAR,,COUNTY,NORTH CAROLINA,37,CENTRAL COASTAL,WILSON,195,29938.00
2017,YEAR,,COUNTY,NORTH CAROLINA,37,CENTRAL PIEDMONT,ALEXANDER,3,8514.00
2017,YEAR,,COUNTY,NORTH CAROLINA,37,CENTRAL PIEDMONT,CHATHAM,37,22127.00
2017,YEAR,,COUNTY,NORTH CAROLINA,37,CENTRAL PIEDMONT,DAVIDSON,57,18373.00
2017,YEAR,,COUNTY,NORTH CAROLINA,37,CENTRAL PIEDMONT,IREDELL,97,1248.00
2017,YEAR,,COUNTY,NORTH CAROLINA,37,CENTRAL PIEDMONT,RANDOLPH,151,21700.00
2017,YEAR,,COUNTY,NORTH CAROLINA,37,CENTRAL PIEDMONT,ROWAN,159,21745.00
2017,YEAR,,COUNTY,NORTH CAROLINA,37,CENTRAL PIEDMONT,WAKE,183,17761.00
2017,YEAR,,COUNTY,NORTH CAROLINA,37,NORTHERN COASTAL,BERTIE,15, (D)
2017,YEAR,,COUNTY,NORTH CAROLINA,37,NORTHERN COASTAL,CAMDEN,29, (D)
2017,YEAR,,COUNTY,NORTH CAROLINA,37,NORTHERN COASTAL,CHOWAN,41,33130.00
2017,YEAR,,COUNTY,NORTH CAROLINA,37,NORTHERN COASTAL,CURRITUCK,53, (D)
2017,YEAR,,COUNTY,NORTH CAROLINA,37,NORTHERN COASTAL,EDGECOMBE,65,9622.00
2017,YEAR,,COUNTY,NORTH CAROLINA,37,NORTHERN COASTAL,HALIFAX,83,49231.00
2017,YEAR,,COUNTY,NORTH CAROLINA,37,NORTHERN COASTAL,HERTFORD,91, (D)
2017,YEAR,,COUNTY,NORTH CAROLINA,37,NORTHERN COASTAL,MARTIN,117,6648.00
2017,YEAR,,COUNTY,NORTH CAROLINA,37,NORTHERN COASTAL,NASH,127,34167.00
2017,YEAR,,COUNTY,NORTH CAROLINA,37,NORTHERN COASTAL,NORTHAMPTON,131,72494.00
2017,YEAR,,COUNTY,NORTH CAROLINA,37,NORTHERN COASTAL,PASQUOTANK,139, (D)
2017,YEAR,,COUNTY,NORTH CAROLINA,37,NORTHERN COASTAL,PERQUIMANS,143,32020.00
2017,YEAR,,COUNTY,NORTH CAROLINA,37,NORTHERN COASTAL,TYRRELL,177, (D)
2017,YEAR,,COUNTY,NORTH CAROLINA,37,NORTHERN COASTAL,WASHINGTON,187, (D)
2017,YEAR,,COUNTY,NORTH CAROLINA,37,NORTHERN MOUNTAIN,SURRY,171, (D)
2017,YEAR,,COUNTY,NORTH CAROLINA,37,NORTHERN MOUNTAIN,WILKES,193, (D)
2017,YEAR,,COUNTY,NORTH CAROLINA,37,NORTHERN MOUNTAIN,YADKIN,197,22910.00
2017,YEAR,,COUNTY,NORTH CAROLINA,37,NORTHERN PIEDMONT,ALAMANCE,1,9850.00
2017,YEAR,,COUNTY,NORTH CAROLINA,37,NORTHERN PIEDMONT,FORSYTH,67,1190.00
2017,YEAR,,COUNTY,NORTH CAROLINA,37,NORTHERN PIEDMONT,GRANVILLE,77, (D)
2017,YEAR,,COUNTY,NORTH CAROLINA,37,NORTHERN PIEDMONT,GUILFORD,81,15172.00
2017,YEAR,,COUNTY,NORTH CAROLINA,37,NORTHERN PIEDMONT,ORANGE,135, (D)
2017,YEAR,,COUNTY,NORTH CAROLINA,37,NORTHERN PIEDMONT,PERSON,145, (D)
2017,YEAR,,COUNTY,NORTH CAROLINA,37,NORTHERN PIEDMONT,VANCE,181, (D)
2017,YEAR,,COUNTY,NORTH CAROLINA,37,NORTHERN PIEDMONT,WARREN,185, (D)
2017,YEAR,,COUNTY,NORTH CAROLINA,37,SOUTHERN COASTAL,BLADEN,17,18662.00
2017,YEAR,,COUNTY,NORTH CAROLINA,37,SOUTHERN COASTAL,COLUMBUS,47,2602.00
2017,YEAR,,COUNTY,NORTH CAROLINA,37,SOUTHERN COASTAL,DUPLIN,61,54878.00
2017,YEAR,,COUNTY,NORTH CAROLINA,37,SOUTHERN COASTAL,HARNETT,85, (D)
2017,YEAR,,COUNTY,NORTH CAROLINA,37,SOUTHERN COASTAL,ONSLOW,133,13916.00
2017,YEAR,,COUNTY,NORTH CAROLINA,37,SOUTHERN COASTAL,PENDER,141, (D)
2017,YEAR,,COUNTY,NORTH CAROLINA,37,SOUTHERN COASTAL,ROBESON,155,77445.00
2017,YEAR,,COUNTY,NORTH CAROLINA,37,SOUTHERN COASTAL,SAMPSON,163,25320.00
2017,YEAR,,COUNTY,NORTH CAROLINA,37,SOUTHERN PIEDMONT,ANSON,7, (D)
2017,YEAR,,COUNTY,NORTH CAROLINA,37,SOUTHERN PIEDMONT,CABARRUS,25, (D)
2017,YEAR,,COUNTY,NORTH CAROLINA,37,SOUTHERN PIEDMONT,CLEVELAND,45, (D)
2017,YEAR,,COUNTY,NORTH CAROLINA,37,SOUTHERN PIEDMONT,GASTON,71, (D)
2017,YEAR,,COUNTY,NORTH CAROLINA,37,SOUTHERN PIEDMONT,LINCOLN,109,272.00
2017,YEAR,,COUNTY,NORTH CAROLINA,37,SOUTHERN PIEDMONT,RICHMOND,153, (D)
2017,YEAR,,COUNTY,NORTH CAROLINA,37,SOUTHERN PIEDMONT,STANLY,167, (D)
2017,YEAR,,COUNTY,NORTH CAROLINA,37,SOUTHERN PIEDMONT,UNION,179,37765.00
2017,YEAR,,COUNTY,NORTH CAROLINA,37,WESTERN MOUNTAIN,MITCHELL,121, (D)
2017,YEAR,,COUNTY,NORTH DAKOTA,38,NORTH CENTRAL,MCHENRY,49,5910.00
2017,YEAR,,COUNTY,OHIO,39,CENTRAL,LICKING,89, (D)
2017,YEAR,,COUNTY,OHIO,39,NORTH CENTRAL,ASHLAND,5, (D)
2017,YEAR,,COUNTY,OHIO,39,NORTHEAST,STARK,151, (D)
2017,YEAR,,COUNTY,OHIO,39,NORTHEAST,WAYNE,169, (D)
2017,YEAR,,COUNTY,OHIO,39,NORTHWEST,PUTNAM,137, (D)
2017,YEAR,,COUNTY,OHIO,39,SOUTH CENTRAL,HIGHLAND,71, (D)
2017,YEAR,,COUNTY,OHIO,39,SOUTHWEST,PREBLE,135,4820.00
2017,YEAR,,COUNTY,OKLAHOMA,40,CENTRAL,CANADIAN,17,157682.00
2017,YEAR,,COUNTY,OKLAHOMA,40,CENTRAL,GRADY,51,108229.00
2017,YEAR,,COUNTY,OKLAHOMA,40,CENTRAL,KINGFISHER,73,157006.00
2017,YEAR,,COUNTY,OKLAHOMA,40,CENTRAL,LOGAN,83,68570.00
2017,YEAR,,COUNTY,OKLAHOMA,40,CENTRAL,MCCLAIN,87,44220.00
2017,YEAR,,COUNTY,OKLAHOMA,40,CENTRAL,OKLAHOMA,109, (D)
2017,YEAR,,COUNTY,OKLAHOMA,40,CENTRAL,PAYNE,119,30307.00
2017,YEAR,,COUNTY,OKLAHOMA,40,CENTRAL,POTTAWATOMIE,125, (D)
2017,YEAR,,COUNTY,OKLAHOMA,40,EAST CENTRAL,ADAIR,1, (D)
2017,YEAR,,COUNTY,OKLAHOMA,40,EAST CENTRAL,HUGHES,63, (D)
2017,YEAR,,COUNTY,OKLAHOMA,40,EAST CENTRAL,MUSKOGEE,101, (D)
2017,YEAR,,COUNTY,OKLAHOMA,40,EAST CENTRAL,SEQUOYAH,135, (D)
2017,YEAR,,COUNTY,OKLAHOMA,40,NORTH CENTRAL,ALFALFA,3,255633.00
2017,YEAR,,COUNTY,OKLAHOMA,40,NORTH CENTRAL,GARFIELD,47,1018888.00
2017,YEAR,,COUNTY,OKLAHOMA,40,NORTH CENTRAL,GRANT,53,636545.00
2017,YEAR,,COUNTY,OKLAHOMA,40,NORTH CENTRAL,KAY,71,345527.00
2017,YEAR,,COUNTY,OKLAHOMA,40,NORTH CENTRAL,MAJOR,93,192660.00
2017,YEAR,,COUNTY,OKLAHOMA,40,NORTH CENTRAL,NOBLE,103,95337.00
2017,YEAR,,COUNTY,OKLAHOMA,40,NORTH CENTRAL,WOODS,151,306533.00
2017,YEAR,,COUNTY,OKLAHOMA,40,NORTH CENTRAL,WOODWARD,153,34800.00
2017,YEAR,,COUNTY,OKLAHOMA,40,NORTHEAST,CRAIG,35,14846.00
2017,YEAR,,COUNTY,OKLAHOMA,40,NORTHEAST,DELAWARE,41, (D)
2017,YEAR,,COUNTY,OKLAHOMA,40,NORTHEAST,MAYES,97,94946.00
2017,YEAR,,COUNTY,OKLAHOMA,40,NORTHEAST,NOWATA,105,15458.00
2017,YEAR,,COUNTY,OKLAHOMA,40,NORTHEAST,OSAGE,113,48400.00
2017,YEAR,,COUNTY,OKLAHOMA,40,NORTHEAST,OTTAWA,115,81152.00
2017,YEAR,,COUNTY,OKLAHOMA,40,NORTHEAST,PAWNEE,117,73688.00
2017,YEAR,,COUNTY,OKLAHOMA,40,NORTHEAST,ROGERS,131,26400.00
2017,YEAR,,COUNTY,OKLAHOMA,40,NORTHEAST,WAGONER,145,51540.00
2017,YEAR,,COUNTY,OKLAHOMA,40,NORTHEAST,WASHINGTON,147, (D)
2017,YEAR,,COUNTY,OKLAHOMA,40,PANHANDLE,BEAVER,7,1255929.00
2017,YEAR,,COUNTY,OKLAHOMA,40,PANHANDLE,CIMARRON,25,4785506.00
2017,YEAR,,COUNTY,OKLAHOMA,40,PANHANDLE,ELLIS,45,36300.00
2017,YEAR,,COUNTY,OKLAHOMA,40,PANHANDLE,HARPER,59,235420.00
2017,YEAR,,COUNTY,OKLAHOMA,40,PANHANDLE,TEXAS,139,4438684.00
2017,YEAR,,COUNTY,OKLAHOMA,40,SOUTH CENTRAL,ATOKA,5, (D)
2017,YEAR,,COUNTY,OKLAHOMA,40,SOUTH CENTRAL,BRYAN,13, (D)
2017,YEAR,,COUNTY,OKLAHOMA,40,SOUTH CENTRAL,GARVIN,49,41710.00
2017,YEAR,,COUNTY,OKLAHOMA,40,SOUTH CENTRAL,MARSHALL,95,345.00
2017,YEAR,,COUNTY,OKLAHOMA,40,SOUTH CENTRAL,STEPHENS,137, (D)
2017,YEAR,,COUNTY,OKLAHOMA,40,SOUTHEAST,LEFLORE,79, (D)
2017,YEAR,,COUNTY,OKLAHOMA,40,SOUTHWEST,CADDO,15,181808.00
2017,YEAR,,COUNTY,OKLAHOMA,40,SOUTHWEST,COMANCHE,31,4600.00
2017,YEAR,,COUNTY,OKLAHOMA,40,SOUTHWEST,COTTON,33,166674.00
2017,YEAR,,COUNTY,OKLAHOMA,40,SOUTHWEST,GREER,55,43044.00
2017,YEAR,,COUNTY,OKLAHOMA,40,SOUTHWEST,HARMON,57,15067.00
2017,YEAR,,COUNTY,OKLAHOMA,40,SOUTHWEST,JACKSON,65,261302.00
2017,YEAR,,COUNTY,OKLAHOMA,40,SOUTHWEST,KIOWA,75,407895.00
2017,YEAR,,COUNTY,OKLAHOMA,40,SOUTHWEST,TILLMAN,141,333491.00
2017,YEAR,,COUNTY,OKLAHOMA,40,WEST CENTRAL,BECKHAM,9, (D)
2017,YEAR,,COUNTY,OKLAHOMA,40,WEST CENTRAL,BLAINE,11,29004.00
2017,YEAR,,COUNTY,OKLAHOMA,40,WEST CENTRAL,CUSTER,39,140897.00
2017,YEAR,,COUNTY,OKLAHOMA,40,WEST CENTRAL,DEWEY,43, (D)
2017,YEAR,,COUNTY,OKLAHOMA,40,WEST CENTRAL,ROGER MILLS,129, (D)
2017,YEAR,,COUNTY,OKLAHOMA,40,WEST CENTRAL,WASHITA,149,164206.00
2017,YEAR,,COUNTY,OREGON,41,SOUTHWEST,COOS,11, (D)
2017,YEAR,,COUNTY,PENNSYLVANIA,42,CENTRAL,DAUPHIN,43, (D)
2017,YEAR,,COUNTY,PENNSYLVANIA,42,CENTRAL,HUNTINGDON,61,13103.00
2017,YEAR,,COUNTY,PENNSYLVANIA,42,CENTRAL,JUNIATA,67, (D)
2017,YEAR,,COUNTY,PENNSYLVANIA,42,CENTRAL,MIFFLIN,87, (D)
2017,YEAR,,COUNTY,PENNSYLVANIA,42,CENTRAL,NORTHUMBERLAND,97, (D)
2017,YEAR,,COUNTY,PENNSYLVANIA,42,EAST CENTRAL,LEHIGH,77,16781.00
2017,YEAR,,COUNTY,PENNSYLVANIA,42,EAST CENTRAL,NORTHAMPTON,95, (D)
2017,YEAR,,COUNTY,PENNSYLVANIA,42,EAST CENTRAL,SCHUYLKILL,107,15449.00
2017,YEAR,,COUNTY,PENNSYLVANIA,42,NORTH CENTRAL,LYCOMING,81,3875.00
2017,YEAR,,COUNTY,PENNSYLVANIA,42,NORTH CENTRAL,POTTER,105, (D)
2017,YEAR,,COUNTY,PENNSYLVANIA,42,NORTHWESTERN,WARREN,123, (D)
2017,YEAR,,COUNTY,PENNSYLVANIA,42,SOUTH CENTRAL,ADAMS,1,93067.00
2017,YEAR,,COUNTY,PENNSYLVANIA,42,SOUTH CENTRAL,BEDFORD,9,8700.00
2017,YEAR,,COUNTY,PENNSYLVANIA,42,SOUTH CENTRAL,CUMBERLAND,41,18870.00
2017,YEAR,,COUNTY,PENNSYLVANIA,42,SOUTH CENTRAL,FRANKLIN,55,71951.00
2017,YEAR,,COUNTY,PENNSYLVANIA,42,SOUTH CENTRAL,FULTON,57,11147.00
2017,YEAR,,COUNTY,PENNSYLVANIA,42,SOUTHEASTERN,BERKS,11,26688.00
2017,YEAR,,COUNTY,PENNSYLVANIA,42,SOUTHEASTERN,CHESTER,29, (D)
2017,YEAR,,COUNTY,PENNSYLVANIA,42,SOUTHEASTERN,LANCASTER,71,8227.00
2017,YEAR,,COUNTY,PENNSYLVANIA,42,SOUTHEASTERN,LEBANON,75,40727.00
2017,YEAR,,COUNTY,PENNSYLVANIA,42,SOUTHEASTERN,MONTGOMERY,91, (D)
2017,YEAR,,COUNTY,PENNSYLVANIA,42,SOUTHWESTERN,WESTMORELAND,129,14100.00
2017,YEAR,,COUNTY,PENNSYLVANIA,42,WEST CENTRAL,ARMSTRONG,5, (D)
2017,YEAR,,COUNTY,PENNSYLVANIA,42,WEST CENTRAL,BUTLER,19, (D)
2017,YEAR,,COUNTY,PENNSYLVANIA,42,WEST CENTRAL,CLARION,31, (D)
2017,YEAR,,COUNTY,PENNSYLVANIA,42,WEST CENTRAL,INDIANA,63, (D)
2017,YEAR,,COUNTY,PENNSYLVANIA,42,WEST CENTRAL,JEFFERSON,65, (D)
2017,YEAR,,COUNTY,SOUTH CAROLINA,45,CENTRAL,CALHOUN,17, (D)
2017,YEAR,,COUNTY,SOUTH CAROLINA,45,CENTRAL,CLARENDON,27,78257.00
2017,YEAR,,COUNTY,SOUTH CAROLINA,45,CENTRAL,LEE,61, (D)
2017,YEAR,,COUNTY,SOUTH CAROLINA,45,CENTRAL,LEXINGTON,63,23931.00
2017,YEAR,,COUNTY,SOUTH CAROLINA,45,CENTRAL,ORANGEBURG,75, (D)
2017,YEAR,,COUNTY,SOUTH CAROLINA,45,CENTRAL,SUMTER,85,48564.00
2017,YEAR,,COUNTY,SOUTH CAROLINA,45,EASTERN,CHESTERFIELD,25, (D)
2017,YEAR,,COUNTY,SOUTH CAROLINA,45,EASTERN,DARLINGTON,31,16140.00
2017,YEAR,,COUNTY,SOUTH CAROLINA,45,EASTERN,DILLON,33, (D)
2017,YEAR,,COUNTY,SOUTH CAROLINA,45,EASTERN,FLORENCE,41, (D)
2017,YEAR,,COUNTY,SOUTH CAROLINA,45,EASTERN,HORRY,51, (D)
2017,YEAR,,COUNTY,SOUTH CAROLINA,45,EASTERN,MARION,67, (D)
2017,YEAR,,COUNTY,SOUTH CAROLINA,45,EASTERN,MARLBORO,69, (D)
2017,YEAR,,COUNTY,SOUTH CAROLINA,45,EASTERN,WILLIAMSBURG,89,15124.00
2017,YEAR,,COUNTY,SOUTH CAROLINA,45,NORTH CENTRAL,FAIRFIELD,39,810.00
2017,YEAR,,COUNTY,SOUTH CAROLINA,45,NORTH CENTRAL,LANCASTER,57, (D)
2017,YEAR,,COUNTY,SOUTH CAROLINA,45,NORTHWEST,ANDERSON,7,21504.00
2017,YEAR,,COUNTY,SOUTH CAROLINA,45,NORTHWEST,OCONEE,73, (D)
2017,YEAR,,COUNTY,SOUTH CAROLINA,45,SOUTHERN,BAMBERG,9, (D)
2017,YEAR,,COUNTY,SOUTH CAROLINA,45,SOUTHERN,BARNWELL,11, (D)
2017,YEAR,,COUNTY,SOUTH CAROLINA,45,SOUTHERN,BERKELEY,15, (D)
2017,YEAR,,COUNTY,SOUTH CAROLINA,45,SOUTHERN,JASPER,53, (D)
2017,YEAR,,COUNTY,SOUTH CAROLINA,45,WEST CENTRAL,AIKEN,3, (D)
2017,YEAR,,COUNTY,SOUTH CAROLINA,45,WEST CENTRAL,NEWBERRY,71, (D)
2017,YEAR,,COUNTY,SOUTH CAROLINA,45,WEST CENTRAL,SALUDA,81,34916.00
2017,YEAR,,COUNTY,SOUTH DAKOTA,46,CENTRAL,AURORA,3,54530.00
2017,YEAR,,COUNTY,SOUTH DAKOTA,46,CENTRAL,BEADLE,5, (D)
2017,YEAR,,COUNTY,SOUTH DAKOTA,46,CENTRAL,BRULE,15,207315.00
2017,YEAR,,COUNTY,SOUTH DAKOTA,46,CENTRAL,BUFFALO,17,109791.00
2017,YEAR,,COUNTY,SOUTH DAKOTA,46,CENTRAL,HAND,59,196834.00
2017,YEAR,,COUNTY,SOUTH DAKOTA,46,CENTRAL,HUGHES,65,442670.00
2017,YEAR,,COUNTY,SOUTH DAKOTA,46,CENTRAL,HYDE,69,306532.00
2017,YEAR,,COUNTY,SOUTH DAKOTA,46,CENTRAL,JERAULD,73,37443.00
2017,YEAR,,COUNTY,SOUTH DAKOTA,46,CENTRAL,SULLY,119,456247.00
2017,YEAR,,COUNTY,SOUTH DAKOTA,46,EAST CENTRAL,DAVISON,35,11900.00
2017,YEAR,,COUNTY,SOUTH DAKOTA,46,EAST CENTRAL,HANSON,61,2300.00
2017,YEAR,,COUNTY,SOUTH DAKOTA,46,EAST CENTRAL,MCCOOK,87, (D)
2017,YEAR,,COUNTY,SOUTH DAKOTA,46,EAST CENTRAL,MINNEHAHA,99, (D)
2017,YEAR,,COUNTY,SOUTH DAKOTA,46,EAST CENTRAL,SANBORN,111,118886.00
2017,YEAR,,COUNTY,SOUTH DAKOTA,46,NORTH CENTRAL,BROWN,13, (D)
2017,YEAR,,COUNTY,SOUTH DAKOTA,46,NORTH CENTRAL,FAULK,49, (D)
2017,YEAR,,COUNTY,SOUTH DAKOTA,46,NORTH CENTRAL,MCPHERSON,89,96924.00
2017,YEAR,,COUNTY,SOUTH DAKOTA,46,NORTH CENTRAL,POTTER,107, (D)
2017,YEAR,,COUNTY,SOUTH DAKOTA,46,NORTH CENTRAL,SPINK,115, (D)
2017,YEAR,,COUNTY,SOUTH DAKOTA,46,NORTH CENTRAL,WALWORTH,129, (D)
2017,YEAR,,COUNTY,SOUTH DAKOTA,46,NORTHEAST,CLARK,25, (D)
2017,YEAR,,COUNTY,SOUTH DAKOTA,46,NORTHEAST,DEUEL,39, (D)
2017,YEAR,,COUNTY,SOUTH DAKOTA,46,NORTHEAST,HAMLIN,57,46720.00
2017,YEAR,,COUNTY,SOUTH DAKOTA,46,NORTHWEST,BUTTE,19,10904.00
2017,YEAR,,COUNTY,SOUTH DAKOTA,46,NORTHWEST,DEWEY,41,59228.00
2017,YEAR,,COUNTY,SOUTH DAKOTA,46,NORTHWEST,ZIEBACH,137, (D)
2017,YEAR,,COUNTY,SOUTH DAKOTA,46,SOUTH CENTRAL,GREGORY,53,16740.00
2017,YEAR,,COUNTY,SOUTH DAKOTA,46,SOUTH CENTRAL,JONES,75,1566689.00
2017,YEAR,,COUNTY,SOUTH DAKOTA,46,SOUTH CENTRAL,LYMAN,85,2609026.00
2017,YEAR,,COUNTY,SOUTH DAKOTA,46,SOUTH CENTRAL,MELLETTE,95,111130.00
2017,YEAR,,COUNTY,SOUTH DAKOTA,46,SOUTH CENTRAL,TODD,121, (D)
2017,YEAR,,COUNTY,SOUTH DAKOTA,46,SOUTH CENTRAL,TRIPP,123,878934.00
2017,YEAR,,COUNTY,SOUTH DAKOTA,46,SOUTHEAST,BON HOMME,9, (D)
2017,YEAR,,COUNTY,SOUTH DAKOTA,46,SOUTHEAST,CHARLES MIX,23,361529.00
2017,YEAR,,COUNTY,SOUTH DAKOTA,46,SOUTHEAST,CLAY,27, (D)
2017,YEAR,,COUNTY,SOUTH DAKOTA,46,SOUTHEAST,DOUGLAS,43,72785.00
2017,YEAR,,COUNTY,SOUTH DAKOTA,46,SOUTHEAST,HUTCHINSON,67, (D)
2017,YEAR,,COUNTY,SOUTH DAKOTA,46,SOUTHEAST,LINCOLN,83, (D)
2017,YEAR,,COUNTY,SOUTH DAKOTA,46,SOUTHEAST,TURNER,125, (D)
2017,YEAR,,COUNTY,SOUTH DAKOTA,46,SOUTHEAST,YANKTON,135, (D)
2017,YEAR,,COUNTY,SOUTH DAKOTA,46,SOUTHWEST,BENNETT,7,119638.00
2017,YEAR,,COUNTY,SOUTH DAKOTA,46,SOUTHWEST,CUSTER,33,9096.00
2017,YEAR,,COUNTY,SOUTH DAKOTA,46,SOUTHWEST,FALL RIVER,47, (D)
2017,YEAR,,COUNTY,SOUTH DAKOTA,46,SOUTHWEST,OGLALA LAKOTA,102, (D)
2017,YEAR,,COUNTY,SOUTH DAKOTA,46,WEST CENTRAL,HAAKON,55,422792.00
2017,YEAR,,COUNTY,SOUTH DAKOTA,46,WEST CENTRAL,JACKSON,71, (D)
2017,YEAR,,COUNTY,SOUTH DAKOTA,46,WEST CENTRAL,MEADE,93,245137.00
2017,YEAR,,COUNTY,SOUTH DAKOTA,46,WEST CENTRAL,PENNINGTON,103, (D)
2017,YEAR,,COUNTY,SOUTH DAKOTA,46,WEST CENTRAL,STANLEY,117,492650.00
2017,YEAR,,COUNTY,TENNESSEE,47,CENTRAL BASIN,LINCOLN,103, (D)
2017,YEAR,,COUNTY,TENNESSEE,47,CENTRAL BASIN,MACON,111, (D)
2017,YEAR,,COUNTY,TENNESSEE,47,CUMBERLAND PLATEAU,BLEDSOE,7, (D)
2017,YEAR,,COUNTY,TENNESSEE,47,CUMBERLAND PLATEAU,MARION,115, (D)
2017,YEAR,,COUNTY,TENNESSEE,47,CUMBERLAND PLATEAU,WARREN,177, (D)
2017,YEAR,,COUNTY,TENNESSEE,47,DELTA,DYER,45,133142.00
2017,YEAR,,COUNTY,TENNESSEE,47,DELTA,LAUDERDALE,97, (D)
2017,YEAR,,COUNTY,TENNESSEE,47,DELTA,OBION,131, (D)
2017,YEAR,,COUNTY,TENNESSEE,47,DELTA,SHELBY,157, (D)
2017,YEAR,,COUNTY,TENNESSEE,47,DELTA,TIPTON,167,66365.00
2017,YEAR,,COUNTY,TENNESSEE,47,EAST TENNESSEE,MONROE,123, (D)
2017,YEAR,,COUNTY,TENNESSEE,47,WEST TENNESSEE,FAYETTE,47, (D)
2017,YEAR,,COUNTY,TENNESSEE,47,WEST TENNESSEE,HARDEMAN,69,19850.00
2017,YEAR,,COUNTY,TENNESSEE,47,WEST TENNESSEE,HARDIN,71,148017.00
2017,YEAR,,COUNTY,TENNESSEE,47,WEST TENNESSEE,HAYWOOD,75,52920.00
2017,YEAR,,COUNTY,TENNESSEE,47,WEST TENNESSEE,HENDERSON,77, (D)
2017,YEAR,,COUNTY,TENNESSEE,47,WEST TENNESSEE,MCNAIRY,109, (D)
2017,YEAR,,COUNTY,TENNESSEE,47,WEST TENNESSEE,WEAKLEY,183, (D)
2017,YEAR,,COUNTY,TENNESSEE,47,WESTERN RIM,LAWRENCE,99, (D)
2017,YEAR,,COUNTY,TENNESSEE,47,WESTERN RIM,MONTGOMERY,125, (D)
2017,YEAR,,COUNTY,TEXAS,48,BLACKLANDS,BELL,27,728809.00
2017,YEAR,,COUNTY,TEXAS,48,BLACKLANDS,BOSQUE,35,100222.00
2017,YEAR,,COUNTY,TEXAS,48,BLACKLANDS,COLLIN,85,465245.00
2017,YEAR,,COUNTY,TEXAS,48,BLACKLANDS,COOKE,97,362503.00
2017,YEAR,,COUNTY,TEXAS,48,BLACKLANDS,CORYELL,99,386541.00
2017,YEAR,,COUNTY,TEXAS,48,BLACKLANDS,DALLAS,113, (D)
2017,YEAR,,COUNTY,TEXAS,48,BLACKLANDS,DELTA,119,42404.00
2017,YEAR,,COUNTY,TEXAS,48,BLACKLANDS,DENTON,121,579298.00
2017,YEAR,,COUNTY,TEXAS,48,BLACKLANDS,ELLIS,139,452915.00
2017,YEAR,,COUNTY,TEXAS,48,BLACKLANDS,FALLS,145,200865.00
2017,YEAR,,COUNTY,TEXAS,48,BLACKLANDS,FANNIN,147, (D)
2017,YEAR,,COUNTY,TEXAS,48,BLACKLANDS,GRAYSON,181,454520.00
2017,YEAR,,COUNTY,TEXAS,48,BLACKLANDS,HAMILTON,193,78904.00
2017,YEAR,,COUNTY,TEXAS,48,BLACKLANDS,HILL,217,291472.00
2017,YEAR,,COUNTY,TEXAS,48,BLACKLANDS,HUNT,231,27920.00
2017,YEAR,,COUNTY,TEXAS,48,BLACKLANDS,JOHNSON,251,229350.00
2017,YEAR,,COUNTY,TEXAS,48,BLACKLANDS,KAUFMAN,257, (D)
2017,YEAR,,COUNTY,TEXAS,48,BLACKLANDS,LAMAR,277, (D)
2017,YEAR,,COUNTY,TEXAS,48,BLACKLANDS,LIMESTONE,293,46560.00
2017,YEAR,,COUNTY,TEXAS,48,BLACKLANDS,MCLENNAN,309,344776.00
2017,YEAR,,COUNTY,TEXAS,48,BLACKLANDS,MILAM,331,911715.00
2017,YEAR,,COUNTY,TEXAS,48,BLACKLANDS,NAVARRO,349,466790.00
2017,YEAR,,COUNTY,TEXAS,48,BLACKLANDS,ROCKWALL,397,315935.00
2017,YEAR,,COUNTY,TEXAS,48,BLACKLANDS,TARRANT,439, (D)
2017,YEAR,,COUNTY,TEXAS,48,BLACKLANDS,WILLIAMSON,491,647319.00
2017,YEAR,,COUNTY,TEXAS,48,COASTAL BEND,KLEBERG,273,1366285.00
2017,YEAR,,COUNTY,TEXAS,48,COASTAL BEND,NUECES,355,10486736.00
2017,YEAR,,COUNTY,TEXAS,48,COASTAL BEND,REFUGIO,391,1994908.00
2017,YEAR,,COUNTY,TEXAS,48,COASTAL BEND,SAN PATRICIO,409,6356318.00
2017,YEAR,,COUNTY,TEXAS,48,CROSS TIMBERS,ARCHER,9, (D)
2017,YEAR,,COUNTY,TEXAS,48,CROSS TIMBERS,BROWN,49, (D)
2017,YEAR,,COUNTY,TEXAS,48,CROSS TIMBERS,CALLAHAN,59, (D)
2017,YEAR,,COUNTY,TEXAS,48,CROSS TIMBERS,CLAY,77,22584.00
2017,YEAR,,COUNTY,TEXAS,48,CROSS TIMBERS,COMANCHE,93,23262.00
2017,YEAR,,COUNTY,TEXAS,48,CROSS TIMBERS,EASTLAND,133, (D)
2017,YEAR,,COUNTY,TEXAS,48,CROSS TIMBERS,ERATH,143,113737.00
2017,YEAR,,COUNTY,TEXAS,48,CROSS TIMBERS,MILLS,333, (D)
2017,YEAR,,COUNTY,TEXAS,48,CROSS TIMBERS,MONTAGUE,337, (D)
2017,YEAR,,COUNTY,TEXAS,48,CROSS TIMBERS,STEPHENS,429,11601.00
2017,YEAR,,COUNTY,TEXAS,48,CROSS TIMBERS,THROCKMORTON,447, (D)
2017,YEAR,,COUNTY,TEXAS,48,CROSS TIMBERS,WISE,497,63700.00
2017,YEAR,,COUNTY,TEXAS,48,EAST TEXAS NORTH,BOWIE,37, (D)
2017,YEAR,,COUNTY,TEXAS,48,EAST TEXAS NORTH,FRANKLIN,159, (D)
2017,YEAR,,COUNTY,TEXAS,48,EAST TEXAS NORTH,HOPKINS,223, (D)
2017,YEAR,,COUNTY,TEXAS,48,EAST TEXAS NORTH,SHELBY,419, (D)
2017,YEAR,,COUNTY,TEXAS,48,EAST TEXAS SOUTH,BRAZOS,41,136433.00
2017,YEAR,,COUNTY,TEXAS,48,EAST TEXAS SOUTH,GRIMES,185, (D)
2017,YEAR,,COUNTY,TEXAS,48,EAST TEXAS SOUTH,LEON,289, (D)
2017,YEAR,,COUNTY,TEXAS,48,EAST TEXAS SOUTH,ROBERTSON,395,336335.00
2017,YEAR,,COUNTY,TEXAS,48,EAST TEXAS SOUTH,SAN JACINTO,407, (D)
2017,YEAR,,COUNTY,TEXAS,48,EAST TEXAS SOUTH,WALLER,473,90474.00
2017,YEAR,,COUNTY,TEXAS,48,EDWARDS PLATEAU,BLANCO,31, (D)
2017,YEAR,,COUNTY,TEXAS,48,EDWARDS PLATEAU,COKE,81, (D)
2017,YEAR,,COUNTY,TEXAS,48,EDWARDS PLATEAU,CONCHO,95,208799.00
2017,YEAR,,COUNTY,TEXAS,48,EDWARDS PLATEAU,GILLESPIE,171,70495.00
2017,YEAR,,COUNTY,TEXAS,48,EDWARDS PLATEAU,IRION,235, (D)
2017,YEAR,,COUNTY,TEXAS,48,EDWARDS PLATEAU,KENDALL,259, (D)
2017,YEAR,,COUNTY,TEXAS,48,EDWARDS PLATEAU,MCCULLOCH,307,36366.00
2017,YEAR,,COUNTY,TEXAS,48,EDWARDS PLATEAU,REAGAN,383,43575.00
2017,YEAR,,COUNTY,TEXAS,48,EDWARDS PLATEAU,SCHLEICHER,413,41341.00
2017,YEAR,,COUNTY,TEXAS,48,EDWARDS PLATEAU,TOM GREEN,451,431228.00
2017,YEAR,,COUNTY,TEXAS,48,EDWARDS PLATEAU,UPTON,461,75786.00
2017,YEAR,,COUNTY,TEXAS,48,EDWARDS PLATEAU,UVALDE,463,421146.00
2017,YEAR,,COUNTY,TEXAS,48,LOWER VALLEY,CAMERON,61,3558813.00
2017,YEAR,,COUNTY,TEXAS,48,LOWER VALLEY,HIDALGO,215,4851324.00
2017,YEAR,,COUNTY,TEXAS,48,LOWER VALLEY,STARR,427,872659.00
2017,YEAR,,COUNTY,TEXAS,48,LOWER VALLEY,WILLACY,489,5758754.00
2017,YEAR,,COUNTY,TEXAS,48,NORTHERN HIGH PLAINS,ARMSTRONG,11,416912.00
2017,YEAR,,COUNTY,TEXAS,48,NORTHERN HIGH PLAINS,BRISCOE,45,199021.00
2017,YEAR,,COUNTY,TEXAS,48,NORTHERN HIGH PLAINS,CARSON,65,2650733.00
2017,YEAR,,COUNTY,TEXAS,48,NORTHERN HIGH PLAINS,CASTRO,69,742081.00
2017,YEAR,,COUNTY,TEXAS,48,NORTHERN HIGH PLAINS,DALLAM,111,1017863.00
2017,YEAR,,COUNTY,TEXAS,48,NORTHERN HIGH PLAINS,DEAF SMITH,117,2268866.00
2017,YEAR,,COUNTY,TEXAS,48,NORTHERN HIGH PLAINS,FLOYD,153,450448.00
2017,YEAR,,COUNTY,TEXAS,48,NORTHERN HIGH PLAINS,GRAY,179,202001.00
2017,YEAR,,COUNTY,TEXAS,48,NORTHERN HIGH PLAINS,HALE,189,683637.00
2017,YEAR,,COUNTY,TEXAS,48,NORTHERN HIGH PLAINS,HANSFORD,195,511537.00
2017,YEAR,,COUNTY,TEXAS,48,NORTHERN HIGH PLAINS,HARTLEY,205,562168.00
2017,YEAR,,COUNTY,TEXAS,48,NORTHERN HIGH PLAINS,HUTCHINSON,233,222644.00
2017,YEAR,,COUNTY,TEXAS,48,NORTHERN HIGH PLAINS,LIPSCOMB,295,684402.00
2017,YEAR,,COUNTY,TEXAS,48,NORTHERN HIGH PLAINS,MOORE,341,1645228.00
2017,YEAR,,COUNTY,TEXAS,48,NORTHERN HIGH PLAINS,OCHILTREE,357,2931706.00
2017,YEAR,,COUNTY,TEXAS,48,NORTHERN HIGH PLAINS,OLDHAM,359,343383.00
2017,YEAR,,COUNTY,TEXAS,48,NORTHERN HIGH PLAINS,PARMER,369,1371676.00
2017,YEAR,,COUNTY,TEXAS,48,NORTHERN HIGH PLAINS,POTTER,375,95321.00
2017,YEAR,,COUNTY,TEXAS,48,NORTHERN HIGH PLAINS,RANDALL,381,698716.00
2017,YEAR,,COUNTY,TEXAS,48,NORTHERN HIGH PLAINS,ROBERTS,393, (D)
2017,YEAR,,COUNTY,TEXAS,48,NORTHERN HIGH PLAINS,SHERMAN,421,1529690.00
2017,YEAR,,COUNTY,TEXAS,48,NORTHERN HIGH PLAINS,SWISHER,437,924189.00
2017,YEAR,,COUNTY,TEXAS,48,NORTHERN LOW PLAINS,BORDEN,33, (D)
2017,YEAR,,COUNTY,TEXAS,48,NORTHERN LOW PLAINS,CHILDRESS,75,68885.00
2017,YEAR,,COUNTY,TEXAS,48,NORTHERN LOW PLAINS,COLLINGSWORTH,87,32907.00
2017,YEAR,,COUNTY,TEXAS,48,NORTHERN LOW PLAINS,DICKENS,125,47074.00
2017,YEAR,,COUNTY,TEXAS,48,NORTHERN LOW PLAINS,DONLEY,129,63680.00
2017,YEAR,,COUNTY,TEXAS,48,NORTHERN LOW PLAINS,HALL,191, (D)
2017,YEAR,,COUNTY,TEXAS,48,NORTHERN LOW PLAINS,HARDEMAN,197, (D)
2017,YEAR,,COUNTY,TEXAS,48,NORTHERN LOW PLAINS,KENT,263, (D)
2017,YEAR,,COUNTY,TEXAS,48,NORTHERN LOW PLAINS,MOTLEY,345, (D)
2017,YEAR,,COUNTY,TEXAS,48,NORTHERN LOW PLAINS,WHEELER,483, (D)
2017,YEAR,,COUNTY,TEXAS,48,NORTHERN LOW PLAINS,WICHITA,485,152653.00
2017,YEAR,,COUNTY,TEXAS,48,NORTHERN LOW PLAINS,WILBARGER,487,91963.00
2017,YEAR,,COUNTY,TEXAS,48,SOUTH CENTRAL,AUSTIN,15,87219.00
2017,YEAR,,COUNTY,TEXAS,48,SOUTH CENTRAL,BASTROP,21, (D)
2017,YEAR,,COUNTY,TEXAS,48,SOUTH CENTRAL,BEE,25,668066.00
2017,YEAR,,COUNTY,TEXAS,48,SOUTH CENTRAL,BEXAR,29,428000.00
2017,YEAR,,COUNTY,TEXAS,48,SOUTH CENTRAL,BURLESON,51,264458.00
2017,YEAR,,COUNTY,TEXAS,48,SOUTH CENTRAL,CALDWELL,55,481899.00
2017,YEAR,,COUNTY,TEXAS,48,SOUTH CENTRAL,COLORADO,89,77069.00
2017,YEAR,,COUNTY,TEXAS,48,SOUTH CENTRAL,COMAL,91, (D)
2017,YEAR,,COUNTY,TEXAS,48,SOUTH CENTRAL,DE WITT,123, (D)
2017,YEAR,,COUNTY,TEXAS,48,SOUTH CENTRAL,FAYETTE,149,58636.00
2017,YEAR,,COUNTY,TEXAS,48,SOUTH CENTRAL,GOLIAD,175,127144.00
2017,YEAR,,COUNTY,TEXAS,48,SOUTH CENTRAL,GONZALES,177,15866.00
2017,YEAR,,COUNTY,TEXAS,48,SOUTH CENTRAL,GUADALUPE,187,991324.00
2017,YEAR,,COUNTY,TEXAS,48,SOUTH CENTRAL,HAYS,209,135982.00
2017,YEAR,,COUNTY,TEXAS,48,SOUTH CENTRAL,KARNES,255,346780.00
2017,YEAR,,COUNTY,TEXAS,48,SOUTH CENTRAL,LAVACA,285, (D)
2017,YEAR,,COUNTY,TEXAS,48,SOUTH CENTRAL,LEE,287, (D)
2017,YEAR,,COUNTY,TEXAS,48,SOUTH CENTRAL,MEDINA,325,331827.00
2017,YEAR,,COUNTY,TEXAS,48,SOUTH CENTRAL,TRAVIS,453,454776.00
2017,YEAR,,COUNTY,TEXAS,48,SOUTH CENTRAL,WILSON,493,379637.00
2017,YEAR,,COUNTY,TEXAS,48,SOUTH TEXAS,ATASCOSA,13,78469.00
2017,YEAR,,COUNTY,TEXAS,48,SOUTH TEXAS,DIMMIT,127, (D)
2017,YEAR,,COUNTY,TEXAS,48,SOUTH TEXAS,DUVAL,131, (D)
2017,YEAR,,COUNTY,TEXAS,48,SOUTH TEXAS,FRIO,163,153938.00
2017,YEAR,,COUNTY,TEXAS,48,SOUTH TEXAS,JIM WELLS,249,2371055.00
2017,YEAR,,COUNTY,TEXAS,48,SOUTH TEXAS,LA SALLE,283, (D)
2017,YEAR,,COUNTY,TEXAS,48,SOUTH TEXAS,LIVE OAK,297,342189.00
2017,YEAR,,COUNTY,TEXAS,48,SOUTH TEXAS,ZAPATA,505, (D)
2017,YEAR,,COUNTY,TEXAS,48,SOUTH TEXAS,ZAVALA,507,214665.00
2017,YEAR,,COUNTY,TEXAS,48,SOUTHERN HIGH PLAINS,ANDREWS,3, (D)
2017,YEAR,,COUNTY,TEXAS,48,SOUTHERN HIGH PLAINS,BAILEY,17,830428.00
2017,YEAR,,COUNTY,TEXAS,48,SOUTHERN HIGH PLAINS,COCHRAN,79,1229473.00
2017,YEAR,,COUNTY,TEXAS,48,SOUTHERN HIGH PLAINS,CROSBY,107,486283.00
2017,YEAR,,COUNTY,TEXAS,48,SOUTHERN HIGH PLAINS,DAWSON,115,168405.00
2017,YEAR,,COUNTY,TEXAS,48,SOUTHERN HIGH PLAINS,GAINES,165,492112.00
2017,YEAR,,COUNTY,TEXAS,48,SOUTHERN HIGH PLAINS,GLASSCOCK,173,20419.00
2017,YEAR,,COUNTY,TEXAS,48,SOUTHERN HIGH PLAINS,HOCKLEY,219,2842016.00
2017,YEAR,,COUNTY,TEXAS,48,SOUTHERN HIGH PLAINS,HOWARD,227, (D)
2017,YEAR,,COUNTY,TEXAS,48,SOUTHERN HIGH PLAINS,LAMB,279,1751795.00
2017,YEAR,,COUNTY,TEXAS,48,SOUTHERN HIGH PLAINS,LUBBOCK,303,1067423.00
2017,YEAR,,COUNTY,TEXAS,48,SOUTHERN HIGH PLAINS,LYNN,305,885753.00
2017,YEAR,,COUNTY,TEXAS,48,SOUTHERN HIGH PLAINS,MARTIN,317,358338.00
2017,YEAR,,COUNTY,TEXAS,48,SOUTHERN HIGH PLAINS,TERRY,445,391875.00
2017,YEAR,,COUNTY,TEXAS,48,SOUTHERN HIGH PLAINS,YOAKUM,501,748379.00
2017,YEAR,,COUNTY,TEXAS,48,SOUTHERN LOW PLAINS,BAYLOR,23,12318.00
2017,YEAR,,COUNTY,TEXAS,48,SOUTHERN LOW PLAINS,COLEMAN,83,61729.00
2017,YEAR,,COUNTY,TEXAS,48,SOUTHERN LOW PLAINS,FISHER,151, (D)
2017,YEAR,,COUNTY,TEXAS,48,SOUTHERN LOW PLAINS,HASKELL,207,340884.00
2017,YEAR,,COUNTY,TEXAS,48,SOUTHERN LOW PLAINS,JONES,253,74502.00
2017,YEAR,,COUNTY,TEXAS,48,SOUTHERN LOW PLAINS,KNOX,275, (D)
2017,YEAR,,COUNTY,TEXAS,48,SOUTHERN LOW PLAINS,MITCHELL,335,12124.00
2017,YEAR,,COUNTY,TEXAS,48,SOUTHERN LOW PLAINS,NOLAN,353,52169.00
2017,YEAR,,COUNTY,TEXAS,48,SOUTHERN LOW PLAINS,RUNNELS,399,249771.00
2017,YEAR,,COUNTY,TEXAS,48,SOUTHERN LOW PLAINS,SCURRY,415, (D)
2017,YEAR,,COUNTY,TEXAS,48,SOUTHERN LOW PLAINS,STONEWALL,433, (D)
2017,YEAR,,COUNTY,TEXAS,48,SOUTHERN LOW PLAINS,TAYLOR,441,105834.00
2017,YEAR,,COUNTY,TEXAS,48,TRANS-PECOS,EL PASO,141, (D)
2017,YEAR,,COUNTY,TEXAS,48,TRANS-PECOS,PECOS,371, (D)
2017,YEAR,,COUNTY,TEXAS,48,UPPER COAST,BRAZORIA,39,714973.00
2017,YEAR,,COUNTY,TEXAS,48,UPPER COAST,CALHOUN,57,853856.00
2017,YEAR,,COUNTY,TEXAS,48,UPPER COAST,FORT BEND,157,1549375.00
2017,YEAR,,COUNTY,TEXAS,48,UPPER COAST,HARRIS,201, (D)
2017,YEAR,,COUNTY,TEXAS,48,UPPER COAST,JACKSON,239,517954.00
2017,YEAR,,COUNTY,TEXAS,48,UPPER COAST,JEFFERSON,245, (D)
2017,YEAR,,COUNTY,TEXAS,48,UPPER COAST,LIBERTY,291, (D)
2017,YEAR,,COUNTY,TEXAS,48,UPPER COAST,MATAGORDA,321,1314223.00
2017,YEAR,,COUNTY,TEXAS,48,UPPER COAST,VICTORIA,469,1090155.00
2017,YEAR,,COUNTY,TEXAS,48,UPPER COAST,WHARTON,481,2072922.00
2017,YEAR,,COUNTY,VIRGINIA,51,CENTRAL,ALBEMARLE,3, (D)
2017,YEAR,,COUNTY,VIRGINIA,51,CENTRAL,AMELIA,7, (D)
2017,YEAR,,COUNTY,VIRGINIA,51,CENTRAL,CAROLINE,33,55194.00
2017,YEAR,,COUNTY,VIRGINIA,51,CENTRAL,FLUVANNA,65, (D)
2017,YEAR,,COUNTY,VIRGINIA,51,CENTRAL,HANOVER,85, (D)
2017,YEAR,,COUNTY,VIRGINIA,51,CENTRAL,HENRICO,87, (D)
2017,YEAR,,COUNTY,VIRGINIA,51,CENTRAL,LOUISA,109, (D)
2017,YEAR,,COUNTY,VIRGINIA,51,CENTRAL,PRINCE EDWARD,147, (D)
2017,YEAR,,COUNTY,VIRGINIA,51,CENTRAL,SPOTSYLVANIA,177, (D)
2017,YEAR,,COUNTY,VIRGINIA,51,EASTERN,ACCOMACK,1,96813.00
2017,YEAR,,COUNTY,VIRGINIA,51,EASTERN,KING WILLIAM,101, (D)
2017,YEAR,,COUNTY,VIRGINIA,51,EASTERN,MATHEWS,115, (D)
2017,YEAR,,COUNTY,VIRGINIA,51,EASTERN,NORTHAMPTON,131,73574.00
2017,YEAR,,COUNTY,VIRGINIA,51,NORTHERN,CULPEPER,47, (D)
2017,YEAR,,COUNTY,VIRGINIA,51,NORTHERN,FAUQUIER,61, (D)
2017,YEAR,,COUNTY,VIRGINIA,51,NORTHERN,MADISON,113, (D)
2017,YEAR,,COUNTY,VIRGINIA,51,NORTHERN,ROCKINGHAM,165, (D)
2017,YEAR,,COUNTY,VIRGINIA,51,NORTHERN,SHENANDOAH,171, (D)
2017,YEAR,,COUNTY,VIRGINIA,51,SOUTHEASTERN,BRUNSWICK,25,15000.00
2017,YEAR,,COUNTY,VIRGINIA,51,SOUTHEASTERN,DINWIDDIE,53, (D)
2017,YEAR,,COUNTY,VIRGINIA,51,SOUTHEASTERN,GREENSVILLE,81,30963.00
2017,YEAR,,COUNTY,VIRGINIA,51,SOUTHEASTERN,MECKLENBURG,117,3194.00
2017,YEAR,,COUNTY,VIRGINIA,51,SOUTHEASTERN,PRINCE GEORGE,149,15601.00
2017,YEAR,,COUNTY,VIRGINIA,51,SOUTHEASTERN,SUFFOLK CITY,800, (D)
2017,YEAR,,COUNTY,VIRGINIA,51,SOUTHEASTERN,SURRY,181, (D)
2017,YEAR,,COUNTY,VIRGINIA,51,SOUTHEASTERN,SUSSEX,183,40390.00
2017,YEAR,,COUNTY,VIRGINIA,51,SOUTHERN,CHARLOTTE,37,15906.00
2017,YEAR,,COUNTY,VIRGINIA,51,SOUTHERN,FRANKLIN,67,4854.00
2017,YEAR,,COUNTY,VIRGINIA,51,SOUTHERN,HALIFAX,83,1375.00
2017,YEAR,,COUNTY,VIRGINIA,51,SOUTHERN,HENRY,89, (D)
2017,YEAR,,COUNTY,VIRGINIA,51,SOUTHERN,LUNENBURG,111,7200.00
2017,YEAR,,COUNTY,VIRGINIA,51,SOUTHERN,NOTTOWAY,135, (D)
2017,YEAR,,COUNTY,VIRGINIA,51,SOUTHERN,PITTSYLVANIA,143, (D)
2017,YEAR,,COUNTY,VIRGINIA,51,WESTERN,AUGUSTA,15,3966.00
2017,YEAR,,COUNTY,VIRGINIA,51,WESTERN,ROCKBRIDGE,163, (D)
2017,YEAR,,COUNTY,WASHINGTON,53,NORTHEAST,SPOKANE,63, (D)
2017,YEAR,,COUNTY,WEST VIRGINIA,54,EASTERN,BERKELEY,3, (D)
2017,YEAR,,COUNTY,WEST VIRGINIA,54,EASTERN,GRANT,23, (D)
2017,YEAR,,COUNTY,WEST VIRGINIA,54,NORTHWEST,HARRISON,33, (D)
2017,YEAR,,COUNTY,WEST VIRGINIA,54,NORTHWEST,UPSHUR,97, (D)
2017,YEAR,,COUNTY,WEST VIRGINIA,54,SOUTHWEST,MASON,53, (D)
2017,YEAR,,COUNTY,WISCONSIN,55,CENTRAL,WOOD,141, (D)
2017,YEAR,,COUNTY,WISCONSIN,55,EAST CENTRAL,BROWN,9, (D)
2017,YEAR,,COUNTY,WISCONSIN,55,EAST CENTRAL,CALUMET,15,239935.00
2017,YEAR,,COUNTY,WISCONSIN,55,EAST CENTRAL,DOOR,29, (D)
2017,YEAR,,COUNTY,WISCONSIN,55,EAST CENTRAL,FOND DU LAC,39, (D)
2017,YEAR,,COUNTY,WISCONSIN,55,EAST CENTRAL,KEWAUNEE,61, (D)
2017,YEAR,,COUNTY,WISCONSIN,55,NORTH CENTRAL,MARATHON,73, (D)
2017,YEAR,,COUNTY,WISCONSIN,55,SOUTH CENTRAL,DANE,25, (D)
2017,YEAR,,COUNTY,WISCONSIN,55,SOUTH CENTRAL,GREEN,45, (D)
2017,YEAR,,COUNTY,WYOMING,56,NORTHWEST,PARK,29, (D)
2017,YEAR,,COUNTY,WYOMING,56,SOUTHEAST,LARAMIE,21, (D)