Year,State,State ANSI,Ag District,County,County ANSI,sugarbeet_tons
2017,CALIFORNIA,6,SAN JOAQUIN VALLEY,FRESNO,19, (D)
2017,CALIFORNIA,6,SOUTHERN CALIFORNIA,IMPERIAL,25, (D)
2017,COLORADO,8,EAST CENTRAL,ADAMS,1,27225.00
2017,COLORADO,8,EAST CENTRAL,KIT CARSON,63, (D)
2017,COLORADO,8,EAST CENTRAL,PHILLIPS,95,44109.00
2017,COLORADO,8,EAST CENTRAL,WASHINGTON,121, (D)
2017,COLORADO,8,EAST CENTRAL,YUMA,125,149769.00
2017,COLORADO,8,NORTHEAST,BOULDER,13,21325.00
2017,COLORADO,8,NORTHEAST,LARIMER,69,46505.00
2017,COLORADO,8,NORTHEAST,LOGAN,75,213940.00
2017,COLORADO,8,NORTHEAST,MORGAN,87,49831.00
2017,COLORADO,8,NORTHEAST,SEDGWICK,115, (D)
2017,COLORADO,8,NORTHEAST,WELD,123,478645.00
2017,IDAHO,16,EAST,BINGHAM,11,863742.00
2017,IDAHO,16,EAST,POWER,77,587456.00
2017,IDAHO,16,SOUTH CENTRAL,CASSIA,31,1243574.00
2017,IDAHO,16,SOUTH CENTRAL,GOODING,47,31801.00
2017,IDAHO,16,SOUTH CENTRAL,JEROME,53,362006.00
2017,IDAHO,16,SOUTH CENTRAL,LINCOLN,63,101188.00
2017,IDAHO,16,SOUTH CENTRAL,MINIDOKA,67,1939697.00
2017,IDAHO,16,SOUTH CENTRAL,TWIN FALLS,83,290101.00
2017,IDAHO,16,SOUTHWEST,ADA,1,61635.00
2017,IDAHO,16,SOUTHWEST,CANYON,27,433069.00
2017,IDAHO,16,SOUTHWEST,ELMORE,39,349865.00
2017,IDAHO,16,SOUTHWEST,GEM,45,21570.00
2017,IDAHO,16,SOUTHWEST,OWYHEE,73,96951.00
2017,IDAHO,16,SOUTHWEST,PAYETTE,75,107830.00
2017,IDAHO,16,SOUTHWEST,WASHINGTON,87,31353.00
2017,MICHIGAN,26,CENTRAL,GLADWIN,51,19218.00
2017,MICHIGAN,26,CENTRAL,GRATIOT,57,185032.00
2017,MICHIGAN,26,CENTRAL,ISABELLA,73, (D)
2017,MICHIGAN,26,CENTRAL,MIDLAND,111,58567.00
2017,MICHIGAN,26,CENTRAL,MONTCALM,117,23237.00
2017,MICHIGAN,26,EAST CENTRAL,ARENAC,11,63670.00
2017,MICHIGAN,26,EAST CENTRAL,BAY,17,249147.00
2017,MICHIGAN,26,EAST CENTRAL,HURON,63,1568009.00
2017,MICHIGAN,26,EAST CENTRAL,SAGINAW,145,360168.00
2017,MICHIGAN,26,EAST CENTRAL,SANILAC,151,642356.00
2017,MICHIGAN,26,EAST CENTRAL,TUSCOLA,157,401944.00
2017,MICHIGAN,26,NORTHEAST,MONTMORENCY,119, (D)
2017,MICHIGAN,26,NORTHEAST,OGEMAW,129, (D)
2017,MICHIGAN,26,SOUTH CENTRAL,CLINTON,37, (D)
2017,MICHIGAN,26,SOUTH CENTRAL,IONIA,67, (D)
2017,MICHIGAN,26,SOUTH CENTRAL,SHIAWASSEE,155,8792.00
2017,MICHIGAN,26,SOUTHEAST,GENESEE,49, (D)
2017,MICHIGAN,26,SOUTHEAST,LAPEER,87,32796.00
2017,MICHIGAN,26,SOUTHEAST,ST CLAIR,147,39806.00
2017,MICHIGAN,26,UPPER PENINSULA,ALGER,3, (D)
2017,MICHIGAN,26,UPPER PENINSULA,DELTA,41, (D)
2017,MICHIGAN,26,UPPER PENINSULA,MACKINAC,97, (D)
2017,MICHIGAN,26,UPPER PENINSULA,SCHOOLCRAFT,153, (D)
2017,MINNESOTA,27,CENTRAL,BENTON,9, (D)
2017,MINNESOTA,27,CENTRAL,KANDIYOHI,67,580961.00
2017,MINNESOTA,27,CENTRAL,MCLEOD,85,56110.00
2017,MINNESOTA,27,CENTRAL,MEEKER,93,66716.00
2017,MINNESOTA,27,CENTRAL,RENVILLE,129,1299319.00
2017,MINNESOTA,27,CENTRAL,SIBLEY,143,86591.00
2017,MINNESOTA,27,CENTRAL,STEARNS,145,94420.00
2017,MINNESOTA,27,NORTHWEST,BECKER,5,137775.00
2017,MINNESOTA,27,NORTHWEST,CLAY,27,1239757.00
2017,MINNESOTA,27,NORTHWEST,KITTSON,69,575467.00
2017,MINNESOTA,27,NORTHWEST,MAHNOMEN,87,83090.00
2017,MINNESOTA,27,NORTHWEST,MARSHALL,89,1116843.00
2017,MINNESOTA,27,NORTHWEST,NORMAN,107,1234341.00
2017,MINNESOTA,27,NORTHWEST,PENNINGTON,113, (D)
2017,MINNESOTA,27,NORTHWEST,POLK,119,2714375.00
2017,MINNESOTA,27,NORTHWEST,RED LAKE,125,44881.00
2017,MINNESOTA,27,NORTHWEST,ROSEAU,135, (D)
2017,MINNESOTA,27,SOUTH CENTRAL,BROWN,15, (D)
2017,MINNESOTA,27,SOUTH CENTRAL,NICOLLET,103, (D)
2017,MINNESOTA,27,SOUTHWEST,COTTONWOOD,33, (D)
2017,MINNESOTA,27,SOUTHWEST,LYON,83,14438.00
2017,MINNESOTA,27,SOUTHWEST,REDWOOD,127,162528.00
2017,MINNESOTA,27,WEST CENTRAL,BIG STONE,11, (D)
2017,MINNESOTA,27,WEST CENTRAL,CHIPPEWA,23,964940.00
2017,MINNESOTA,27,WEST CENTRAL,GRANT,51,358332.00
2017,MINNESOTA,27,WEST CENTRAL,LAC QUI PARLE,73, (D)
2017,MINNESOTA,27,WEST CENTRAL,OTTER TAIL,111, (D)
2017,MINNESOTA,27,WEST CENTRAL,POPE,121,53419.00
2017,MINNESOTA,27,WEST CENTRAL,STEVENS,149,164846.00
2017,MINNESOTA,27,WEST CENTRAL,SWIFT,151,152663.00
2017,MINNESOTA,27,WEST CENTRAL,TRAVERSE,155,158811.00
2017,MINNESOTA,27,WEST CENTRAL,WILKIN,167,1055343.00
2017,MINNESOTA,27,WEST CENTRAL,YELLOW MEDICINE,173,48943.00
2017,MONTANA,30,NORTHEAST,DAWSON,21,78368.00
2017,MONTANA,30,NORTHEAST,MCCONE,55, (D)
2017,MONTANA,30,NORTHEAST,RICHLAND,83,544583.00
2017,MONTANA,30,NORTHEAST,ROOSEVELT,85,37745.00
2017,MONTANA,30,SOUTH CENTRAL,BIG HORN,3,170351.00
2017,MONTANA,30,SOUTH CENTRAL,CARBON,9,118372.00
2017,MONTANA,30,SOUTH CENTRAL,TREASURE,103,171988.00
2017,MONTANA,30,SOUTH CENTRAL,YELLOWSTONE,111,146210.00
2017,MONTANA,30,SOUTHEAST,PRAIRIE,79, (D)
2017,MONTANA,30,SOUTHEAST,ROSEBUD,87,95428.00
2017,NEBRASKA,31,CENTRAL,SHERMAN,163, (D)
2017,NEBRASKA,31,NORTHWEST,BANNER,7, (D)
2017,NEBRASKA,31,NORTHWEST,BOX BUTTE,13,637448.00
2017,NEBRASKA,31,NORTHWEST,CHEYENNE,33,35100.00
2017,NEBRASKA,31,NORTHWEST,DEUEL,49, (D)
2017,NEBRASKA,31,NORTHWEST,GARDEN,69, (D)
2017,NEBRASKA,31,NORTHWEST,KIMBALL,105, (D)
2017,NEBRASKA,31,NORTHWEST,MORRILL,123,172475.00
2017,NEBRASKA,31,NORTHWEST,SCOTTS BLUFF,157,328784.00
2017,NEBRASKA,31,NORTHWEST,SHERIDAN,161,113488.00
2017,NEBRASKA,31,NORTHWEST,SIOUX,165,31194.00
2017,NEBRASKA,31,SOUTHWEST,KEITH,101, (D)
2017,NORTH DAKOTA,38,CENTRAL,SHERIDAN,83, (D)
2017,NORTH DAKOTA,38,EAST CENTRAL,CASS,17,496702.00
2017,NORTH DAKOTA,38,EAST CENTRAL,TRAILL,97,836255.00
2017,NORTH DAKOTA,38,NORTHEAST,GRAND FORKS,35,1043145.00
2017,NORTH DAKOTA,38,NORTHEAST,PEMBINA,67,1401486.00
2017,NORTH DAKOTA,38,NORTHEAST,WALSH,99,1444611.00
2017,NORTH DAKOTA,38,NORTHWEST,WILLIAMS,105, (D)
2017,NORTH DAKOTA,38,SOUTHEAST,RICHLAND,77,874911.00
2017,NORTH DAKOTA,38,WEST CENTRAL,MCKENZIE,53,341566.00
2017,OREGON,41,NORTHEAST,UNION,61,39531.00
2017,OREGON,41,NORTHWEST,LINN,43, (D)
2017,OREGON,41,NORTHWEST,MARION,47, (D)
2017,OREGON,41,SOUTHEAST,MALHEUR,45,285099.00
2017,OREGON,41,SOUTHWEST,DOUGLAS,19, (D)
2017,WASHINGTON,53,CENTRAL,BENTON,5, (D)
2017,WASHINGTON,53,EAST CENTRAL,FRANKLIN,21,300.00
2017,WYOMING,56,NORTHEAST,SHERIDAN,33, (D)
2017,WYOMING,56,NORTHWEST,BIG HORN,3,216019.00
2017,WYOMING,56,NORTHWEST,FREMONT,13,92765.00
2017,WYOMING,56,NORTHWEST,PARK,29,287677.00
2017,WYOMING,56,NORTHWEST,WASHAKIE,43,154987.00
2017,WYOMING,56,SOUTHEAST,GOSHEN,15, (D)
2017,WYOMING,56,SOUTHEAST,LARAMIE,21, (D)
2017,WYOMING,56,SOUTHEAST,PLATTE,31,71884.00