Year,State,State ANSI,Ag District,County,County ANSI,sugarcane_tons
2017,FLORIDA,12,CENTRAL,MARION,83,36.00
2017,FLORIDA,12,NORTHEAST,TAYLOR,123,50.00
2017,FLORIDA,12,SOUTHERN,GLADES,43, (D)
2017,FLORIDA,12,SOUTHERN,HENDRY,51, (D)
2017,FLORIDA,12,SOUTHERN,HIGHLANDS,55, (D)
2017,FLORIDA,12,SOUTHERN,LEE,71,40.00
2017,FLORIDA,12,SOUTHERN,MARTIN,85,26883.00
2017,FLORIDA,12,SOUTHERN,MIAMI-DADE,86, (D)
2017,FLORIDA,12,SOUTHERN,PALM BEACH,99,491636.00
2017,HAWAII,15,"MAUI, MOLOKAI & LANAI ISLAND",MAUI & KALWAO,9, (D)
2017,HAWAII,15,OAHU ISLAND,HONOLULU,3, (D)
2017,LOUISIANA,22,CENTRAL,AVOYELLES,9,27870.00
2017,LOUISIANA,22,CENTRAL,EVANGELINE,39, (D)
2017,LOUISIANA,22,CENTRAL,POINTE COUPEE,77,101639.00
2017,LOUISIANA,22,CENTRAL,RAPIDES,79,19330.00
2017,LOUISIANA,22,CENTRAL,SAINT LANDRY,97,36589.00
2017,LOUISIANA,22,CENTRAL,WEST BATON ROUGE,121,31362.00
2017,LOUISIANA,22,SOUTH CENTRAL,ASSUMPTION,7,149157.00
2017,LOUISIANA,22,SOUTH CENTRAL,IBERIA,45,130590.00
2017,LOUISIANA,22,SOUTH CENTRAL,IBERVILLE,47,111975.00
2017,LOUISIANA,22,SOUTH CENTRAL,LAFAYETTE,55,17795.00
2017,LOUISIANA,22,SOUTH CENTRAL,SAINT MARTIN,99,103865.00
2017,LOUISIANA,22,SOUTH CENTRAL,SAINT MARY,101,123562.00
2017,LOUISIANA,22,SOUTHEAST,ASCENSION,5,41327.00
2017,LOUISIANA,22,SOUTHEAST,LAFOURCHE,57,72081.00
2017,LOUISIANA,22,SOUTHEAST,SAINT JAMES,93,98882.00
2017,LOUISIANA,22,SOUTHEAST,ST. JOHN THE BAPTIST,95,27100.00
2017,LOUISIANA,22,SOUTHEAST,TERREBONNE,109,78620.00
2017,LOUISIANA,22,SOUTHWEST,ACADIA,1,20200.00
2017,LOUISIANA,22,SOUTHWEST,JEFFERSON DAVIS,53, (D)
2017,LOUISIANA,22,SOUTHWEST,VERMILION,113,102475.00
2017,TEXAS,48,LOWER VALLEY,HIDALGO,215, (D)
2017,TEXAS,48,LOWER VALLEY,WILLACY,489, (D)