Year,State,State ANSI,Ag District,County,County ANSI,sunflower_lbs
2017,ALABAMA,1,BLACK BELT,MACON,87, (D)
2017,ALABAMA,1,NORTHERN VALLEY,LAUDERDALE,77,27600.00
2017,ALABAMA,1,UPPER PLAINS & PIEDMONT,CHILTON,21, (D)
2017,ALABAMA,1,UPPER PLAINS & PIEDMONT,RANDOLPH,111,3600.00
2017,ALABAMA,1,WIREGRASS,GENEVA,61, (D)
2017,ARKANSAS,5,EAST CENTRAL,SAINT FRANCIS,123, (D)
2017,CALIFORNIA,6,CENTRAL COAST,SAN LUIS OBISPO,79, (D)
2017,CALIFORNIA,6,CENTRAL COAST,SAN MATEO,81, (D)
2017,CALIFORNIA,6,CENTRAL COAST,SONOMA,97, (D)
2017,CALIFORNIA,6,SACRAMENTO VALLEY,BUTTE,7,991180.00
2017,CALIFORNIA,6,SACRAMENTO VALLEY,COLUSA,11,7724327.00
2017,CALIFORNIA,6,SACRAMENTO VALLEY,GLENN,21,1917596.00
2017,CALIFORNIA,6,SACRAMENTO VALLEY,SACRAMENTO,67, (D)
2017,CALIFORNIA,6,SACRAMENTO VALLEY,SOLANO,95,9931182.00
2017,CALIFORNIA,6,SACRAMENTO VALLEY,SUTTER,101,7544115.00
2017,CALIFORNIA,6,SACRAMENTO VALLEY,TEHAMA,103, (D)
2017,CALIFORNIA,6,SACRAMENTO VALLEY,YOLO,113,17381414.00
2017,CALIFORNIA,6,SACRAMENTO VALLEY,YUBA,115, (D)
2017,CALIFORNIA,6,SAN JOAQUIN VALLEY,KINGS,31, (D)
2017,CALIFORNIA,6,SAN JOAQUIN VALLEY,MERCED,47, (D)
2017,CALIFORNIA,6,SAN JOAQUIN VALLEY,SAN JOAQUIN,77,2887008.00
2017,CALIFORNIA,6,SOUTHERN CALIFORNIA,IMPERIAL,25,470058.00
2017,CALIFORNIA,6,SOUTHERN CALIFORNIA,LOS ANGELES,37, (D)
2017,COLORADO,8,EAST CENTRAL,ADAMS,1,6213176.00
2017,COLORADO,8,EAST CENTRAL,ARAPAHOE,5, (D)
2017,COLORADO,8,EAST CENTRAL,CHEYENNE,17,4184000.00
2017,COLORADO,8,EAST CENTRAL,DOUGLAS,35, (D)
2017,COLORADO,8,EAST CENTRAL,ELBERT,39, (D)
2017,COLORADO,8,EAST CENTRAL,KIOWA,61,18439447.00
2017,COLORADO,8,EAST CENTRAL,KIT CARSON,63,11377260.00
2017,COLORADO,8,EAST CENTRAL,LINCOLN,73,9305492.00
2017,COLORADO,8,EAST CENTRAL,PHILLIPS,95, (D)
2017,COLORADO,8,EAST CENTRAL,WASHINGTON,121,1191241.00
2017,COLORADO,8,EAST CENTRAL,YUMA,125,3237194.00
2017,COLORADO,8,NORTHEAST,BOULDER,13, (D)
2017,COLORADO,8,NORTHEAST,LOGAN,75,5515092.00
2017,COLORADO,8,NORTHEAST,SEDGWICK,115,7093700.00
2017,COLORADO,8,NORTHEAST,WELD,123,2437616.00
2017,COLORADO,8,SOUTHEAST,BACA,9,3172492.00
2017,COLORADO,8,SOUTHEAST,BENT,11,219450.00
2017,COLORADO,8,SOUTHEAST,PROWERS,99,2407642.00
2017,COLORADO,8,SOUTHWEST,DELTA,29, (D)
2017,COLORADO,8,SOUTHWEST,DOLORES,33, (D)
2017,COLORADO,8,SOUTHWEST,MESA,77, (D)
2017,COLORADO,8,SOUTHWEST,MONTEZUMA,83, (D)
2017,COLORADO,8,SOUTHWEST,MONTROSE,85, (D)
2017,CONNECTICUT,9,ALL COUNTIES,HARTFORD,3, (D)
2017,DELAWARE,10,CENTRAL,KENT,1, (D)
2017,FLORIDA,12,CENTRAL,ALACHUA,1, (D)
2017,FLORIDA,12,CENTRAL,HILLSBOROUGH,57,600.00
2017,FLORIDA,12,CENTRAL,PUTNAM,107, (D)
2017,GEORGIA,13,CENTRAL,CRAWFORD,79, (D)
2017,GEORGIA,13,CENTRAL,DODGE,91, (D)
2017,GEORGIA,13,CENTRAL,HOUSTON,153, (D)
2017,GEORGIA,13,CENTRAL,JASPER,159, (D)
2017,GEORGIA,13,CENTRAL,LAURENS,175, (D)
2017,GEORGIA,13,CENTRAL,MONTGOMERY,209,4500.00
2017,GEORGIA,13,CENTRAL,PEACH,225, (D)
2017,GEORGIA,13,CENTRAL,PULASKI,235,41600.00
2017,GEORGIA,13,CENTRAL,PUTNAM,237,1800.00
2017,GEORGIA,13,CENTRAL,WHEELER,309,5400.00
2017,GEORGIA,13,EAST CENTRAL,MCDUFFIE,189, (D)
2017,GEORGIA,13,NORTH CENTRAL,FANNIN,111, (D)
2017,GEORGIA,13,NORTH CENTRAL,JACKSON,157,7500.00
2017,GEORGIA,13,NORTH CENTRAL,TOWNS,281, (D)
2017,GEORGIA,13,NORTH CENTRAL,WALTON,297, (D)
2017,GEORGIA,13,NORTHWEST,FLOYD,115, (D)
2017,GEORGIA,13,NORTHWEST,GORDON,129, (D)
2017,GEORGIA,13,NORTHWEST,POLK,233,3602.00
2017,GEORGIA,13,NORTHWEST,WALKER,295, (D)
2017,GEORGIA,13,SOUTH CENTRAL,COFFEE,69, (D)
2017,GEORGIA,13,SOUTH CENTRAL,CRISP,81,1500.00
2017,GEORGIA,13,SOUTH CENTRAL,DOOLY,93, (D)
2017,GEORGIA,13,SOUTH CENTRAL,LOWNDES,185, (D)
2017,GEORGIA,13,SOUTH CENTRAL,WILCOX,315, (D)
2017,GEORGIA,13,SOUTHWEST,LEE,177, (D)
2017,GEORGIA,13,SOUTHWEST,STEWART,259, (D)
2017,GEORGIA,13,WEST CENTRAL,PIKE,231, (D)
2017,GEORGIA,13,WEST CENTRAL,UPSON,293,375.00
2017,IDAHO,16,NORTH,BOUNDARY,21, (D)
2017,IDAHO,16,NORTH,NEZ PERCE,69, (D)
2017,IDAHO,16,SOUTHWEST,OWYHEE,73, (D)
2017,ILLINOIS,17,EAST,CHAMPAIGN,19, (D)
2017,ILLINOIS,17,EAST,IROQUOIS,75, (D)
2017,ILLINOIS,17,EAST,LIVINGSTON,105,32666.00
2017,ILLINOIS,17,EAST SOUTHEAST,CLARK,23, (D)
2017,ILLINOIS,17,EAST SOUTHEAST,EDGAR,45, (D)
2017,ILLINOIS,17,NORTHEAST,KANE,89, (D)
2017,ILLINOIS,17,NORTHEAST,MCHENRY,111, (D)
2017,ILLINOIS,17,SOUTHEAST,FRANKLIN,55,9000.00
2017,ILLINOIS,17,SOUTHWEST,ST CLAIR,163, (D)
2017,ILLINOIS,17,WEST,WARREN,187, (D)
2017,ILLINOIS,17,WEST SOUTHWEST,CASS,17, (D)
2017,ILLINOIS,17,WEST SOUTHWEST,GREENE,61, (D)
2017,INDIANA,18,CENTRAL,GRANT,53, (D)
2017,INDIANA,18,CENTRAL,HANCOCK,59,18000.00
2017,INDIANA,18,NORTH CENTRAL,MIAMI,103,83400.00
2017,INDIANA,18,NORTH CENTRAL,ST. JOSEPH,141, (D)
2017,INDIANA,18,NORTHEAST,ADAMS,1, (D)
2017,INDIANA,18,NORTHEAST,HUNTINGTON,69, (D)
2017,INDIANA,18,NORTHEAST,NOBLE,113, (D)
2017,INDIANA,18,NORTHWEST,BENTON,7, (D)
2017,INDIANA,18,NORTHWEST,LA PORTE,91, (D)
2017,INDIANA,18,NORTHWEST,PULASKI,131, (D)
2017,INDIANA,18,SOUTH CENTRAL,ORANGE,117, (D)
2017,IOWA,19,CENTRAL,POLK,153, (D)
2017,IOWA,19,CENTRAL,STORY,169, (D)
2017,IOWA,19,EAST CENTRAL,LINN,113, (D)
2017,IOWA,19,EAST CENTRAL,SCOTT,163, (D)
2017,IOWA,19,NORTH CENTRAL,MITCHELL,131, (D)
2017,IOWA,19,WEST CENTRAL,SAC,161, (D)
2017,KANSAS,20,CENTRAL,BARTON,9, (D)
2017,KANSAS,20,CENTRAL,DICKINSON,41, (D)
2017,KANSAS,20,CENTRAL,ELLIS,51, (D)
2017,KANSAS,20,CENTRAL,ELLSWORTH,53, (D)
2017,KANSAS,20,CENTRAL,LINCOLN,105, (D)
2017,KANSAS,20,CENTRAL,MARION,115,2098939.00
2017,KANSAS,20,CENTRAL,MCPHERSON,113,363380.00
2017,KANSAS,20,CENTRAL,RICE,159,798200.00
2017,KANSAS,20,CENTRAL,RUSH,165, (D)
2017,KANSAS,20,CENTRAL,SALINE,169,88780.00
2017,KANSAS,20,EAST CENTRAL,ANDERSON,3,681000.00
2017,KANSAS,20,EAST CENTRAL,DOUGLAS,45, (D)
2017,KANSAS,20,EAST CENTRAL,LYON,111, (D)
2017,KANSAS,20,EAST CENTRAL,MORRIS,127, (D)
2017,KANSAS,20,NORTH CENTRAL,JEWELL,89,911813.00
2017,KANSAS,20,NORTH CENTRAL,OSBORNE,141,855770.00
2017,KANSAS,20,NORTH CENTRAL,OTTAWA,143,831120.00
2017,KANSAS,20,NORTH CENTRAL,PHILLIPS,147, (D)
2017,KANSAS,20,NORTH CENTRAL,REPUBLIC,157,1346572.00
2017,KANSAS,20,NORTH CENTRAL,ROOKS,163,3423080.00
2017,KANSAS,20,NORTH CENTRAL,SMITH,183, (D)
2017,KANSAS,20,NORTH CENTRAL,WASHINGTON,201, (D)
2017,KANSAS,20,NORTHEAST,BROWN,13, (D)
2017,KANSAS,20,NORTHEAST,JACKSON,85, (D)
2017,KANSAS,20,NORTHEAST,LEAVENWORTH,103, (D)
2017,KANSAS,20,NORTHEAST,NEMAHA,131, (D)
2017,KANSAS,20,NORTHWEST,CHEYENNE,23,7531085.00
2017,KANSAS,20,NORTHWEST,DECATUR,39, (D)
2017,KANSAS,20,NORTHWEST,GRAHAM,65, (D)
2017,KANSAS,20,NORTHWEST,RAWLINS,153, (D)
2017,KANSAS,20,NORTHWEST,SHERIDAN,179,2196761.00
2017,KANSAS,20,NORTHWEST,SHERMAN,181,11403175.00
2017,KANSAS,20,NORTHWEST,THOMAS,193, (D)
2017,KANSAS,20,SOUTH CENTRAL,BARBER,7, (D)
2017,KANSAS,20,SOUTH CENTRAL,EDWARDS,47, (D)
2017,KANSAS,20,SOUTH CENTRAL,HARVEY,79, (D)
2017,KANSAS,20,SOUTH CENTRAL,KINGMAN,95, (D)
2017,KANSAS,20,SOUTH CENTRAL,RENO,155,2881890.00
2017,KANSAS,20,SOUTH CENTRAL,SEDGWICK,173, (D)
2017,KANSAS,20,SOUTH CENTRAL,SUMNER,191,3224691.00
2017,KANSAS,20,SOUTHEAST,COWLEY,35, (D)
2017,KANSAS,20,SOUTHEAST,LABETTE,99,2640.00
2017,KANSAS,20,SOUTHEAST,MONTGOMERY,125, (D)
2017,KANSAS,20,SOUTHEAST,WOODSON,207,588160.00
2017,KANSAS,20,SOUTHWEST,FINNEY,55,2455000.00
2017,KANSAS,20,SOUTHWEST,GRANT,67,1232928.00
2017,KANSAS,20,SOUTHWEST,GRAY,69, (D)
2017,KANSAS,20,SOUTHWEST,HAMILTON,75,152532.00
2017,KANSAS,20,SOUTHWEST,HASKELL,81, (D)
2017,KANSAS,20,SOUTHWEST,KEARNY,93,2088532.00
2017,KANSAS,20,SOUTHWEST,MORTON,129, (D)
2017,KANSAS,20,SOUTHWEST,SEWARD,175, (D)
2017,KANSAS,20,SOUTHWEST,STANTON,187, (D)
2017,KANSAS,20,SOUTHWEST,STEVENS,189,4346395.00
2017,KANSAS,20,WEST CENTRAL,GOVE,63,3470170.00
2017,KANSAS,20,WEST CENTRAL,GREELEY,71,1239007.00
2017,KANSAS,20,WEST CENTRAL,LOGAN,109,1065600.00
2017,KANSAS,20,WEST CENTRAL,NESS,135, (D)
2017,KANSAS,20,WEST CENTRAL,SCOTT,171,4077964.00
2017,KANSAS,20,WEST CENTRAL,WALLACE,199,2691353.00
2017,KANSAS,20,WEST CENTRAL,WICHITA,203,890028.00
2017,KENTUCKY,21,BLUEGRASS,GARRARD,79, (D)
2017,KENTUCKY,21,BLUEGRASS,MERCER,167, (D)
2017,KENTUCKY,21,BLUEGRASS,SPENCER,215, (D)
2017,KENTUCKY,21,CENTRAL,NELSON,179, (D)
2017,MAINE,23,NORTH,AROOSTOOK,3, (D)
2017,MARYLAND,24,LOWER EASTERN SHORE,WICOMICO,45, (D)
2017,MARYLAND,24,NORTH CENTRAL,HARFORD,25, (D)
2017,MARYLAND,24,NORTH CENTRAL,MONTGOMERY,31, (D)
2017,MARYLAND,24,SOUTHERN,CHARLES,17, (D)
2017,MARYLAND,24,UPPER EASTERN SHORE,CAROLINE,11, (D)
2017,MASSACHUSETTS,25,ALL COUNTIES,BERKSHIRE,3, (D)
2017,MICHIGAN,26,CENTRAL,CLARE,35, (D)
2017,MICHIGAN,26,CENTRAL,GLADWIN,51, (D)
2017,MICHIGAN,26,CENTRAL,MIDLAND,111, (D)
2017,MICHIGAN,26,EAST CENTRAL,BAY,17, (D)
2017,MICHIGAN,26,EAST CENTRAL,SAGINAW,145,500000.00
2017,MICHIGAN,26,NORTHEAST,ALPENA,7, (D)
2017,MICHIGAN,26,NORTHWEST,EMMET,47, (D)
2017,MICHIGAN,26,NORTHWEST,GRAND TRAVERSE,55, (D)
2017,MICHIGAN,26,NORTHWEST,KALKASKA,79, (D)
2017,MICHIGAN,26,SOUTH CENTRAL,SHIAWASSEE,155, (D)
2017,MICHIGAN,26,SOUTH CENTRAL,ST JOSEPH,149, (D)
2017,MICHIGAN,26,SOUTHEAST,LENAWEE,91, (D)
2017,MICHIGAN,26,SOUTHEAST,LIVINGSTON,93, (D)
2017,MICHIGAN,26,SOUTHEAST,WASHTENAW,161, (D)
2017,MICHIGAN,26,SOUTHWEST,OTTAWA,139,34640.00
2017,MICHIGAN,26,SOUTHWEST,VAN BUREN,159,420.00
2017,MICHIGAN,26,UPPER PENINSULA,ALGER,3, (D)
2017,MICHIGAN,26,UPPER PENINSULA,DELTA,41, (D)
2017,MICHIGAN,26,UPPER PENINSULA,MENOMINEE,109, (D)
2017,MICHIGAN,26,WEST CENTRAL,MASON,105, (D)
2017,MICHIGAN,26,WEST CENTRAL,NEWAYGO,123, (D)
2017,MINNESOTA,27,CENTRAL,MORRISON,97,1520404.00
2017,MINNESOTA,27,CENTRAL,TODD,153,332953.00
2017,MINNESOTA,27,CENTRAL,WADENA,159,737612.00
2017,MINNESOTA,27,EAST CENTRAL,CROW WING,35, (D)
2017,MINNESOTA,27,EAST CENTRAL,MILLE LACS,95,11400.00
2017,MINNESOTA,27,EAST CENTRAL,RAMSEY,123, (D)
2017,MINNESOTA,27,EAST CENTRAL,WASHINGTON,163, (D)
2017,MINNESOTA,27,NORTH CENTRAL,BELTRAMI,7, (D)
2017,MINNESOTA,27,NORTH CENTRAL,HUBBARD,57, (D)
2017,MINNESOTA,27,NORTH CENTRAL,LAKE OF THE WOODS,77, (D)
2017,MINNESOTA,27,NORTHEAST,ST. LOUIS,137, (D)
2017,MINNESOTA,27,NORTHWEST,BECKER,5, (D)
2017,MINNESOTA,27,NORTHWEST,CLAY,27,4636519.00
2017,MINNESOTA,27,NORTHWEST,KITTSON,69,9405403.00
2017,MINNESOTA,27,NORTHWEST,MAHNOMEN,87,1596564.00
2017,MINNESOTA,27,NORTHWEST,MARSHALL,89,13859659.00
2017,MINNESOTA,27,NORTHWEST,NORMAN,107,917075.00
2017,MINNESOTA,27,NORTHWEST,PENNINGTON,113, (D)
2017,MINNESOTA,27,NORTHWEST,POLK,119,9389510.00
2017,MINNESOTA,27,NORTHWEST,RED LAKE,125, (D)
2017,MINNESOTA,27,NORTHWEST,ROSEAU,135,16952022.00
2017,MINNESOTA,27,SOUTH CENTRAL,STEELE,147,156490.00
2017,MINNESOTA,27,SOUTHWEST,ROCK,133, (D)
2017,MINNESOTA,27,WEST CENTRAL,DOUGLAS,41, (D)
2017,MINNESOTA,27,WEST CENTRAL,GRANT,51, (D)
2017,MINNESOTA,27,WEST CENTRAL,OTTER TAIL,111,349769.00
2017,MINNESOTA,27,WEST CENTRAL,STEVENS,149, (D)
2017,MINNESOTA,27,WEST CENTRAL,TRAVERSE,155, (D)
2017,MINNESOTA,27,WEST CENTRAL,WILKIN,167,5116901.00
2017,MINNESOTA,27,WEST CENTRAL,YELLOW MEDICINE,173, (D)
2017,MISSISSIPPI,28,NORTH CENTRAL,MARSHALL,93, (D)
2017,MISSOURI,29,CENTRAL,BOONE,19,165400.00
2017,MISSOURI,29,CENTRAL,CALLAWAY,27, (D)
2017,MISSOURI,29,CENTRAL,MONITEAU,135, (D)
2017,MISSOURI,29,CENTRAL,PETTIS,159, (D)
2017,MISSOURI,29,EAST,ST CHARLES,183,11151.00
2017,MISSOURI,29,SOUTHWEST,BARRY,9, (D)
2017,MISSOURI,29,SOUTHWEST,GREENE,77,403000.00
2017,MISSOURI,29,SOUTHWEST,NEWTON,145, (D)
2017,MISSOURI,29,WEST,BATES,13, (D)
2017,MISSOURI,29,WEST,ST CLAIR,185, (D)
2017,MONTANA,30,CENTRAL,BROADWATER,7, (D)
2017,MONTANA,30,CENTRAL,JUDITH BASIN,45, (D)
2017,MONTANA,30,NORTH CENTRAL,PONDERA,73, (D)
2017,MONTANA,30,NORTH CENTRAL,TETON,99,380188.00
2017,MONTANA,30,NORTHEAST,DAWSON,21,560000.00
2017,MONTANA,30,NORTHEAST,GARFIELD,33, (D)
2017,MONTANA,30,SOUTH CENTRAL,STILLWATER,95, (D)
2017,MONTANA,30,SOUTH CENTRAL,YELLOWSTONE,111,921807.00
2017,MONTANA,30,SOUTHEAST,FALLON,25, (D)
2017,MONTANA,30,SOUTHEAST,WIBAUX,109, (D)
2017,NEBRASKA,31,CENTRAL,VALLEY,175,889890.00
2017,NEBRASKA,31,NORTH,CHERRY,31,792960.00
2017,NEBRASKA,31,NORTHWEST,BANNER,7,3915000.00
2017,NEBRASKA,31,NORTHWEST,BOX BUTTE,13,5741537.00
2017,NEBRASKA,31,NORTHWEST,CHEYENNE,33,2740152.00
2017,NEBRASKA,31,NORTHWEST,DAWES,45,2275110.00
2017,NEBRASKA,31,NORTHWEST,DEUEL,49,6607710.00
2017,NEBRASKA,31,NORTHWEST,GARDEN,69, (D)
2017,NEBRASKA,31,NORTHWEST,KIMBALL,105,7816878.00
2017,NEBRASKA,31,NORTHWEST,MORRILL,123,1515500.00
2017,NEBRASKA,31,NORTHWEST,SCOTTS BLUFF,157, (D)
2017,NEBRASKA,31,NORTHWEST,SHERIDAN,161,9789045.00
2017,NEBRASKA,31,SOUTH,HARLAN,83,359322.00
2017,NEBRASKA,31,SOUTHWEST,CHASE,29, (D)
2017,NEBRASKA,31,SOUTHWEST,DUNDY,57, (D)
2017,NEBRASKA,31,SOUTHWEST,HAYES,85, (D)
2017,NEBRASKA,31,SOUTHWEST,PERKINS,135,7005752.00
2017,NEW HAMPSHIRE,33,ALL COUNTIES,STRAFFORD,17, (D)
2017,NEW JERSEY,34,CENTRAL,BURLINGTON,5, (D)
2017,NEW JERSEY,34,CENTRAL,MIDDLESEX,23, (D)
2017,NEW JERSEY,34,NORTH,HUNTERDON,19, (D)
2017,NEW JERSEY,34,NORTH,SOMERSET,35, (D)
2017,NEW JERSEY,34,NORTH,SUSSEX,37, (D)
2017,NEW JERSEY,34,NORTH,WARREN,41, (D)
2017,NEW JERSEY,34,SOUTH,ATLANTIC,1, (D)
2017,NEW JERSEY,34,SOUTH,GLOUCESTER,15, (D)
2017,NEW MEXICO,35,NORTHEAST,CURRY,9, (D)
2017,NEW YORK,36,CENTRAL,CAYUGA,11, (D)
2017,NEW YORK,36,CENTRAL,HERKIMER,43, (D)
2017,NEW YORK,36,CENTRAL,ONONDAGA,67,2000.00
2017,NEW YORK,36,CENTRAL,OTSEGO,77, (D)
2017,NEW YORK,36,EASTERN,WASHINGTON,115,12000.00
2017,NEW YORK,36,LONG ISLAND,SUFFOLK,103, (D)
2017,NEW YORK,36,NORTHEAST,CLINTON,19, (D)
2017,NEW YORK,36,NORTHEAST,ESSEX,31,6400.00
2017,NEW YORK,36,NORTHEAST,WARREN,113, (D)
2017,NEW YORK,36,SOUTHEAST,DELAWARE,25, (D)
2017,NEW YORK,36,SOUTHEAST,ULSTER,111, (D)
2017,NEW YORK,36,SOUTHERN,CHEMUNG,15, (D)
2017,NEW YORK,36,SOUTHWEST,CATTARAUGUS,9, (D)
2017,NEW YORK,36,SOUTHWEST,STEUBEN,101,57750.00
2017,NEW YORK,36,WESTERN,ERIE,29, (D)
2017,NEW YORK,36,WESTERN,MONROE,55, (D)
2017,NEW YORK,36,WESTERN,ONTARIO,69, (D)
2017,NEW YORK,36,WESTERN,WAYNE,117, (D)
2017,NEW YORK,36,WESTERN,WYOMING,121, (D)
2017,NEW YORK,36,WESTERN,YATES,123, (D)
2017,NORTH CAROLINA,37,CENTRAL PIEDMONT,CHATHAM,37, (D)
2017,NORTH CAROLINA,37,CENTRAL PIEDMONT,LEE,105, (D)
2017,NORTH CAROLINA,37,CENTRAL PIEDMONT,ROWAN,159, (D)
2017,NORTH CAROLINA,37,CENTRAL PIEDMONT,WAKE,183, (D)
2017,NORTH CAROLINA,37,NORTHERN COASTAL,BERTIE,15, (D)
2017,NORTH CAROLINA,37,SOUTHERN COASTAL,BLADEN,17, (D)
2017,NORTH CAROLINA,37,SOUTHERN COASTAL,COLUMBUS,47, (D)
2017,NORTH CAROLINA,37,SOUTHERN COASTAL,HARNETT,85, (D)
2017,NORTH CAROLINA,37,SOUTHERN PIEDMONT,CABARRUS,25, (D)
2017,NORTH CAROLINA,37,SOUTHERN PIEDMONT,GASTON,71, (D)
2017,NORTH CAROLINA,37,SOUTHERN PIEDMONT,STANLY,167, (D)
2017,NORTH CAROLINA,37,WESTERN MOUNTAIN,BURKE,23,600.00
2017,NORTH DAKOTA,38,CENTRAL,EDDY,27,5053096.00
2017,NORTH DAKOTA,38,CENTRAL,FOSTER,31,3186669.00
2017,NORTH DAKOTA,38,CENTRAL,KIDDER,43,1820000.00
2017,NORTH DAKOTA,38,CENTRAL,SHERIDAN,83,9243700.00
2017,NORTH DAKOTA,38,CENTRAL,STUTSMAN,93,5655755.00
2017,NORTH DAKOTA,38,CENTRAL,WELLS,103,13598192.00
2017,NORTH DAKOTA,38,EAST CENTRAL,BARNES,3, (D)
2017,NORTH DAKOTA,38,EAST CENTRAL,CASS,17,17388432.00
2017,NORTH DAKOTA,38,EAST CENTRAL,GRIGGS,39,2123058.00
2017,NORTH DAKOTA,38,EAST CENTRAL,STEELE,91,2809331.00
2017,NORTH DAKOTA,38,EAST CENTRAL,TRAILL,97,4116000.00
2017,NORTH DAKOTA,38,NORTH CENTRAL,BENSON,5,4934000.00
2017,NORTH DAKOTA,38,NORTH CENTRAL,BOTTINEAU,9,4855989.00
2017,NORTH DAKOTA,38,NORTH CENTRAL,MCHENRY,49,2530960.00
2017,NORTH DAKOTA,38,NORTH CENTRAL,PIERCE,69,580900.00
2017,NORTH DAKOTA,38,NORTH CENTRAL,ROLETTE,79,2686750.00
2017,NORTH DAKOTA,38,NORTHEAST,CAVALIER,19,6614193.00
2017,NORTH DAKOTA,38,NORTHEAST,GRAND FORKS,35,7786190.00
2017,NORTH DAKOTA,38,NORTHEAST,NELSON,63,1398641.00
2017,NORTH DAKOTA,38,NORTHEAST,PEMBINA,67,1550379.00
2017,NORTH DAKOTA,38,NORTHEAST,RAMSEY,71,2423018.00
2017,NORTH DAKOTA,38,NORTHEAST,TOWNER,95,8538879.00
2017,NORTH DAKOTA,38,NORTHEAST,WALSH,99,10664344.00
2017,NORTH DAKOTA,38,NORTHWEST,BURKE,13,9870967.00
2017,NORTH DAKOTA,38,NORTHWEST,DIVIDE,23,5754814.00
2017,NORTH DAKOTA,38,NORTHWEST,MOUNTRAIL,61,21930162.00
2017,NORTH DAKOTA,38,NORTHWEST,RENVILLE,75,16362402.00
2017,NORTH DAKOTA,38,NORTHWEST,WARD,101,26640454.00
2017,NORTH DAKOTA,38,NORTHWEST,WILLIAMS,105,12785724.00
2017,NORTH DAKOTA,38,SOUTH CENTRAL,BURLEIGH,15,27773922.00
2017,NORTH DAKOTA,38,SOUTH CENTRAL,EMMONS,29,107743215.00
2017,NORTH DAKOTA,38,SOUTH CENTRAL,GRANT,37,46662397.00
2017,NORTH DAKOTA,38,SOUTH CENTRAL,MORTON,59,44036225.00
2017,NORTH DAKOTA,38,SOUTH CENTRAL,SIOUX,85,43008891.00
2017,NORTH DAKOTA,38,SOUTHEAST,DICKEY,21,4230600.00
2017,NORTH DAKOTA,38,SOUTHEAST,LA MOURE,45,1802197.00
2017,NORTH DAKOTA,38,SOUTHEAST,LOGAN,47,4488856.00
2017,NORTH DAKOTA,38,SOUTHEAST,MCINTOSH,51,19153655.00
2017,NORTH DAKOTA,38,SOUTHEAST,RANSOM,73, (D)
2017,NORTH DAKOTA,38,SOUTHEAST,RICHLAND,77,6297014.00
2017,NORTH DAKOTA,38,SOUTHEAST,SARGENT,81,2448538.00
2017,NORTH DAKOTA,38,SOUTHWEST,ADAMS,1,24155344.00
2017,NORTH DAKOTA,38,SOUTHWEST,BILLINGS,7,4468320.00
2017,NORTH DAKOTA,38,SOUTHWEST,BOWMAN,11,7856520.00
2017,NORTH DAKOTA,38,SOUTHWEST,GOLDEN VALLEY,33,2953340.00
2017,NORTH DAKOTA,38,SOUTHWEST,HETTINGER,41,24278545.00
2017,NORTH DAKOTA,38,SOUTHWEST,SLOPE,87,6200133.00
2017,NORTH DAKOTA,38,SOUTHWEST,STARK,89,31388985.00
2017,NORTH DAKOTA,38,WEST CENTRAL,DUNN,25,9689304.00
2017,NORTH DAKOTA,38,WEST CENTRAL,MCKENZIE,53, (D)
2017,NORTH DAKOTA,38,WEST CENTRAL,MCLEAN,55,6086554.00
2017,NORTH DAKOTA,38,WEST CENTRAL,MERCER,57,19295997.00
2017,NORTH DAKOTA,38,WEST CENTRAL,OLIVER,65,7432049.00
2017,OHIO,39,CENTRAL,DELAWARE,41,7140.00
2017,OHIO,39,EAST CENTRAL,BELMONT,13, (D)
2017,OHIO,39,NORTH CENTRAL,SANDUSKY,143, (D)
2017,OHIO,39,NORTHEAST,PORTAGE,133, (D)
2017,OHIO,39,SOUTHEAST,HOCKING,73, (D)
2017,OHIO,39,SOUTHWEST,CLINTON,27, (D)
2017,OHIO,39,WEST CENTRAL,DARKE,37, (D)
2017,OHIO,39,WEST CENTRAL,MERCER,107, (D)
2017,OHIO,39,WEST CENTRAL,MIAMI,109, (D)
2017,OKLAHOMA,40,CENTRAL,CANADIAN,17,151430.00
2017,OKLAHOMA,40,CENTRAL,GRADY,51, (D)
2017,OKLAHOMA,40,CENTRAL,KINGFISHER,73,1371310.00
2017,OKLAHOMA,40,NORTH CENTRAL,GARFIELD,47,1541045.00
2017,OKLAHOMA,40,NORTH CENTRAL,GRANT,53, (D)
2017,OKLAHOMA,40,NORTH CENTRAL,WOODWARD,153, (D)
2017,OKLAHOMA,40,PANHANDLE,CIMARRON,25, (D)
2017,OKLAHOMA,40,PANHANDLE,TEXAS,139, (D)
2017,OKLAHOMA,40,SOUTHWEST,TILLMAN,141, (D)
2017,OKLAHOMA,40,WEST CENTRAL,BLAINE,11, (D)
2017,OKLAHOMA,40,WEST CENTRAL,CUSTER,39,5069300.00
2017,OKLAHOMA,40,WEST CENTRAL,DEWEY,43, (D)
2017,OKLAHOMA,40,WEST CENTRAL,WASHITA,149, (D)
2017,OREGON,41,NORTH CENTRAL,WASCO,65, (D)
2017,OREGON,41,NORTHEAST,UNION,61,818600.00
2017,OREGON,41,NORTHWEST,BENTON,3, (D)
2017,OREGON,41,NORTHWEST,MARION,47, (D)
2017,PENNSYLVANIA,42,CENTRAL,CENTRE,27,81154.00
2017,PENNSYLVANIA,42,CENTRAL,JUNIATA,67, (D)
2017,PENNSYLVANIA,42,CENTRAL,NORTHUMBERLAND,97, (D)
2017,PENNSYLVANIA,42,CENTRAL,PERRY,99, (D)
2017,PENNSYLVANIA,42,CENTRAL,SNYDER,109, (D)
2017,PENNSYLVANIA,42,CENTRAL,UNION,119,64300.00
2017,PENNSYLVANIA,42,EAST CENTRAL,LEHIGH,77,1300.00
2017,PENNSYLVANIA,42,EAST CENTRAL,SCHUYLKILL,107, (D)
2017,PENNSYLVANIA,42,NORTH CENTRAL,CLINTON,35, (D)
2017,PENNSYLVANIA,42,NORTH CENTRAL,MCKEAN,83, (D)
2017,PENNSYLVANIA,42,NORTHEASTERN,WYOMING,131, (D)
2017,PENNSYLVANIA,42,NORTHWESTERN,CRAWFORD,39, (D)
2017,PENNSYLVANIA,42,NORTHWESTERN,ERIE,49, (D)
2017,PENNSYLVANIA,42,SOUTH CENTRAL,ADAMS,1, (D)
2017,PENNSYLVANIA,42,SOUTH CENTRAL,BEDFORD,9, (D)
2017,PENNSYLVANIA,42,SOUTH CENTRAL,FRANKLIN,55, (D)
2017,PENNSYLVANIA,42,SOUTH CENTRAL,FULTON,57, (D)
2017,PENNSYLVANIA,42,SOUTH CENTRAL,YORK,133,311972.00
2017,PENNSYLVANIA,42,SOUTHEASTERN,BERKS,11, (D)
2017,PENNSYLVANIA,42,SOUTHWESTERN,ALLEGHENY,3, (D)
2017,PENNSYLVANIA,42,SOUTHWESTERN,FAYETTE,51, (D)
2017,PENNSYLVANIA,42,SOUTHWESTERN,WASHINGTON,125, (D)
2017,PENNSYLVANIA,42,WEST CENTRAL,BUTLER,19, (D)
2017,PENNSYLVANIA,42,WEST CENTRAL,CLARION,31, (D)
2017,PENNSYLVANIA,42,WEST CENTRAL,INDIANA,63, (D)
2017,SOUTH CAROLINA,45,CENTRAL,CALHOUN,17, (D)
2017,SOUTH CAROLINA,45,CENTRAL,CLARENDON,27,10800.00
2017,SOUTH CAROLINA,45,CENTRAL,ORANGEBURG,75, (D)
2017,SOUTH CAROLINA,45,CENTRAL,RICHLAND,79,1050.00
2017,SOUTH CAROLINA,45,EASTERN,DARLINGTON,31, (D)
2017,SOUTH CAROLINA,45,EASTERN,FLORENCE,41,2000.00
2017,SOUTH CAROLINA,45,NORTH CENTRAL,KERSHAW,55,131280.00
2017,SOUTH CAROLINA,45,NORTHWEST,GREENVILLE,45, (D)
2017,SOUTH CAROLINA,45,NORTHWEST,LAURENS,59,30400.00
2017,SOUTH CAROLINA,45,NORTHWEST,OCONEE,73, (D)
2017,SOUTH CAROLINA,45,SOUTHERN,ALLENDALE,5,13000.00
2017,SOUTH CAROLINA,45,SOUTHERN,BARNWELL,11, (D)
2017,SOUTH CAROLINA,45,SOUTHERN,DORCHESTER,35, (D)
2017,SOUTH CAROLINA,45,WEST CENTRAL,ABBEVILLE,1, (D)
2017,SOUTH CAROLINA,45,WEST CENTRAL,AIKEN,3, (D)
2017,SOUTH CAROLINA,45,WEST CENTRAL,MCCORMICK,65, (D)
2017,SOUTH DAKOTA,46,CENTRAL,AURORA,3,5252488.00
2017,SOUTH DAKOTA,46,CENTRAL,BEADLE,5,2417405.00
2017,SOUTH DAKOTA,46,CENTRAL,BRULE,15,507453.00
2017,SOUTH DAKOTA,46,CENTRAL,BUFFALO,17,7717489.00
2017,SOUTH DAKOTA,46,CENTRAL,HAND,59,33599924.00
2017,SOUTH DAKOTA,46,CENTRAL,HUGHES,65,78797977.00
2017,SOUTH DAKOTA,46,CENTRAL,HYDE,69,61941116.00
2017,SOUTH DAKOTA,46,CENTRAL,JERAULD,73,9629900.00
2017,SOUTH DAKOTA,46,CENTRAL,SULLY,119,235054617.00
2017,SOUTH DAKOTA,46,EAST CENTRAL,BROOKINGS,11, (D)
2017,SOUTH DAKOTA,46,EAST CENTRAL,DAVISON,35, (D)
2017,SOUTH DAKOTA,46,EAST CENTRAL,KINGSBURY,77, (D)
2017,SOUTH DAKOTA,46,EAST CENTRAL,SANBORN,111,2035049.00
2017,SOUTH DAKOTA,46,NORTH CENTRAL,BROWN,13,852000.00
2017,SOUTH DAKOTA,46,NORTH CENTRAL,CAMPBELL,21,21996840.00
2017,SOUTH DAKOTA,46,NORTH CENTRAL,EDMUNDS,45,5274168.00
2017,SOUTH DAKOTA,46,NORTH CENTRAL,FAULK,49,9751942.00
2017,SOUTH DAKOTA,46,NORTH CENTRAL,MCPHERSON,89,11374602.00
2017,SOUTH DAKOTA,46,NORTH CENTRAL,POTTER,107,87232329.00
2017,SOUTH DAKOTA,46,NORTH CENTRAL,SPINK,115,9123948.00
2017,SOUTH DAKOTA,46,NORTH CENTRAL,WALWORTH,129,18570669.00
2017,SOUTH DAKOTA,46,NORTHEAST,CLARK,25,2600000.00
2017,SOUTH DAKOTA,46,NORTHEAST,DAY,37,3927958.00
2017,SOUTH DAKOTA,46,NORTHEAST,GRANT,51, (D)
2017,SOUTH DAKOTA,46,NORTHEAST,HAMLIN,57, (D)
2017,SOUTH DAKOTA,46,NORTHEAST,MARSHALL,91, (D)
2017,SOUTH DAKOTA,46,NORTHEAST,ROBERTS,109,675000.00
2017,SOUTH DAKOTA,46,NORTHWEST,CORSON,31,71295436.00
2017,SOUTH DAKOTA,46,NORTHWEST,DEWEY,41,23233500.00
2017,SOUTH DAKOTA,46,NORTHWEST,HARDING,63,2486400.00
2017,SOUTH DAKOTA,46,NORTHWEST,PERKINS,105,6964041.00
2017,SOUTH DAKOTA,46,NORTHWEST,ZIEBACH,137,46936618.00
2017,SOUTH DAKOTA,46,SOUTH CENTRAL,GREGORY,53,1219617.00
2017,SOUTH DAKOTA,46,SOUTH CENTRAL,JONES,75,47585721.00
2017,SOUTH DAKOTA,46,SOUTH CENTRAL,LYMAN,85,47348224.00
2017,SOUTH DAKOTA,46,SOUTH CENTRAL,MELLETTE,95,4704400.00
2017,SOUTH DAKOTA,46,SOUTH CENTRAL,TODD,121,7257392.00
2017,SOUTH DAKOTA,46,SOUTH CENTRAL,TRIPP,123,8168620.00
2017,SOUTH DAKOTA,46,SOUTHEAST,CHARLES MIX,23,5593325.00
2017,SOUTH DAKOTA,46,SOUTHEAST,DOUGLAS,43, (D)
2017,SOUTH DAKOTA,46,SOUTHEAST,TURNER,125, (D)
2017,SOUTH DAKOTA,46,SOUTHEAST,YANKTON,135, (D)
2017,SOUTH DAKOTA,46,SOUTHWEST,BENNETT,7,23859940.00
2017,SOUTH DAKOTA,46,SOUTHWEST,CUSTER,33,545652.00
2017,SOUTH DAKOTA,46,SOUTHWEST,FALL RIVER,47,990000.00
2017,SOUTH DAKOTA,46,SOUTHWEST,OGLALA LAKOTA,102,3616023.00
2017,SOUTH DAKOTA,46,WEST CENTRAL,HAAKON,55,25767639.00
2017,SOUTH DAKOTA,46,WEST CENTRAL,JACKSON,71,4881644.00
2017,SOUTH DAKOTA,46,WEST CENTRAL,MEADE,93,5177000.00
2017,SOUTH DAKOTA,46,WEST CENTRAL,PENNINGTON,103,9029000.00
2017,SOUTH DAKOTA,46,WEST CENTRAL,STANLEY,117,28722232.00
2017,TENNESSEE,47,CENTRAL BASIN,RUTHERFORD,149, (D)
2017,TENNESSEE,47,WEST TENNESSEE,HARDIN,71, (D)
2017,TENNESSEE,47,WEST TENNESSEE,HAYWOOD,75, (D)
2017,TEXAS,48,BLACKLANDS,CORYELL,99,470164.00
2017,TEXAS,48,BLACKLANDS,DENTON,121, (D)
2017,TEXAS,48,BLACKLANDS,ELLIS,139,10447340.00
2017,TEXAS,48,BLACKLANDS,FALLS,145, (D)
2017,TEXAS,48,BLACKLANDS,LIMESTONE,293,395125.00
2017,TEXAS,48,BLACKLANDS,MILAM,331, (D)
2017,TEXAS,48,BLACKLANDS,NAVARRO,349,1923600.00
2017,TEXAS,48,BLACKLANDS,TARRANT,439, (D)
2017,TEXAS,48,EAST TEXAS NORTH,ANDERSON,1, (D)
2017,TEXAS,48,EAST TEXAS NORTH,NACOGDOCHES,347, (D)
2017,TEXAS,48,EDWARDS PLATEAU,UVALDE,463,438574.00
2017,TEXAS,48,LOWER VALLEY,CAMERON,61, (D)
2017,TEXAS,48,LOWER VALLEY,HIDALGO,215,6996800.00
2017,TEXAS,48,LOWER VALLEY,STARR,427, (D)
2017,TEXAS,48,NORTHERN HIGH PLAINS,CASTRO,69, (D)
2017,TEXAS,48,NORTHERN HIGH PLAINS,DALLAM,111,6213345.00
2017,TEXAS,48,NORTHERN HIGH PLAINS,DEAF SMITH,117,5274600.00
2017,TEXAS,48,NORTHERN HIGH PLAINS,FLOYD,153, (D)
2017,TEXAS,48,NORTHERN HIGH PLAINS,HALE,189,2303100.00
2017,TEXAS,48,NORTHERN HIGH PLAINS,LIPSCOMB,295, (D)
2017,TEXAS,48,NORTHERN HIGH PLAINS,MOORE,341,3015815.00
2017,TEXAS,48,SOUTH CENTRAL,FAYETTE,149, (D)
2017,TEXAS,48,SOUTH CENTRAL,MEDINA,325, (D)
2017,TEXAS,48,SOUTH TEXAS,JIM WELLS,249, (D)
2017,TEXAS,48,SOUTH TEXAS,ZAVALA,507,253176.00
2017,TEXAS,48,SOUTHERN HIGH PLAINS,BAILEY,17, (D)
2017,TEXAS,48,SOUTHERN HIGH PLAINS,CROSBY,107, (D)
2017,TEXAS,48,SOUTHERN HIGH PLAINS,LAMB,279, (D)
2017,TEXAS,48,SOUTHERN HIGH PLAINS,LUBBOCK,303,5302167.00
2017,TEXAS,48,SOUTHERN HIGH PLAINS,LYNN,305,2153350.00
2017,TEXAS,48,SOUTHERN HIGH PLAINS,MARTIN,317,1298000.00
2017,TEXAS,48,SOUTHERN HIGH PLAINS,TERRY,445, (D)
2017,TEXAS,48,SOUTHERN HIGH PLAINS,YOAKUM,501,2395781.00
2017,TEXAS,48,SOUTHERN LOW PLAINS,RUNNELS,399,1582500.00
2017,UTAH,49,CENTRAL,UTAH,49, (D)
2017,UTAH,49,NORTHERN,CACHE,5, (D)
2017,VERMONT,50,ALL COUNTIES,GRAND ISLE,13, (D)
2017,VIRGINIA,51,EASTERN,KING WILLIAM,101,25200.00
2017,VIRGINIA,51,NORTHERN,PRINCE WILLIAM,153, (D)
2017,VIRGINIA,51,NORTHERN,ROCKINGHAM,165, (D)
2017,VIRGINIA,51,SOUTHEASTERN,MECKLENBURG,117, (D)
2017,VIRGINIA,51,SOUTHERN,FRANKLIN,67, (D)
2017,VIRGINIA,51,WESTERN,BOTETOURT,23, (D)
2017,WASHINGTON,53,CENTRAL,KITTITAS,37, (D)
2017,WASHINGTON,53,CENTRAL,OKANOGAN,47, (D)
2017,WASHINGTON,53,EAST CENTRAL,ADAMS,1,492404.00
2017,WASHINGTON,53,EAST CENTRAL,FRANKLIN,21, (D)
2017,WASHINGTON,53,EAST CENTRAL,GRANT,25,1569053.00
2017,WASHINGTON,53,NORTHEAST,SPOKANE,63,704364.00
2017,WASHINGTON,53,NORTHEAST,STEVENS,65,812072.00
2017,WASHINGTON,53,SOUTHEAST,WALLA WALLA,71, (D)
2017,WASHINGTON,53,SOUTHEAST,WHITMAN,75,674570.00
2017,WEST VIRGINIA,54,EASTERN,BERKELEY,3, (D)
2017,WEST VIRGINIA,54,EASTERN,JEFFERSON,37, (D)
2017,WEST VIRGINIA,54,EASTERN,MORGAN,65, (D)
2017,WISCONSIN,55,CENTRAL,WAUSHARA,137, (D)
2017,WISCONSIN,55,EAST CENTRAL,FOND DU LAC,39,216000.00
2017,WISCONSIN,55,EAST CENTRAL,KEWAUNEE,61, (D)
2017,WISCONSIN,55,EAST CENTRAL,WINNEBAGO,139, (D)
2017,WISCONSIN,55,NORTH CENTRAL,MARATHON,73, (D)
2017,WISCONSIN,55,NORTH CENTRAL,ONEIDA,85, (D)
2017,WISCONSIN,55,NORTHEAST,MARINETTE,75, (D)
2017,WISCONSIN,55,NORTHEAST,OCONTO,83, (D)
2017,WISCONSIN,55,NORTHWEST,BAYFIELD,7, (D)
2017,WISCONSIN,55,NORTHWEST,BURNETT,13, (D)
2017,WISCONSIN,55,NORTHWEST,CHIPPEWA,17, (D)
2017,WISCONSIN,55,NORTHWEST,WASHBURN,129, (D)
2017,WISCONSIN,55,SOUTH CENTRAL,COLUMBIA,21, (D)
2017,WISCONSIN,55,SOUTH CENTRAL,DODGE,27, (D)
2017,WISCONSIN,55,SOUTH CENTRAL,ROCK,105, (D)
2017,WISCONSIN,55,SOUTHEAST,MILWAUKEE,79,300.00
2017,WISCONSIN,55,SOUTHEAST,RACINE,101, (D)
2017,WISCONSIN,55,SOUTHEAST,WAUKESHA,133,55100.00
2017,WISCONSIN,55,SOUTHWEST,CRAWFORD,23, (D)
2017,WISCONSIN,55,WEST CENTRAL,BUFFALO,11, (D)
2017,WISCONSIN,55,WEST CENTRAL,DUNN,33, (D)
2017,WYOMING,56,NORTHWEST,PARK,29, (D)
2017,WYOMING,56,SOUTH CENTRAL,ALBANY,1, (D)
2017,WYOMING,56,SOUTHEAST,GOSHEN,15, (D)
2017,WYOMING,56,SOUTHEAST,LARAMIE,21,1526000.00