Year,State,State ANSI,Ag District,County,County ANSI,tobacco_lb
2017,CONNECTICUT,9,ALL COUNTIES,HARTFORD,3,3244358.00
2017,CONNECTICUT,9,ALL COUNTIES,TOLLAND,13,623766.00
2017,FLORIDA,12,CENTRAL,ALACHUA,1,1926330.00
2017,FLORIDA,12,CENTRAL,LAKE,69, (D)
2017,FLORIDA,12,NORTHEAST,COLUMBIA,23, (D)
2017,FLORIDA,12,NORTHEAST,LAFAYETTE,67,250000.00
2017,FLORIDA,12,NORTHEAST,SUWANNEE,121, (D)
2017,GEORGIA,13,CENTRAL,DODGE,91, (D)
2017,GEORGIA,13,CENTRAL,TREUTLEN,283, (D)
2017,GEORGIA,13,EAST CENTRAL,BULLOCH,31, (D)
2017,GEORGIA,13,EAST CENTRAL,EMANUEL,107,246600.00
2017,GEORGIA,13,EAST CENTRAL,SCREVEN,251, (D)
2017,GEORGIA,13,SOUTH CENTRAL,ATKINSON,3,902376.00
2017,GEORGIA,13,SOUTH CENTRAL,BEN HILL,17,462700.00
2017,GEORGIA,13,SOUTH CENTRAL,BERRIEN,19,3519052.00
2017,GEORGIA,13,SOUTH CENTRAL,BROOKS,27,2293840.00
2017,GEORGIA,13,SOUTH CENTRAL,CLINCH,65, (D)
2017,GEORGIA,13,SOUTH CENTRAL,COFFEE,69,2904214.00
2017,GEORGIA,13,SOUTH CENTRAL,COLQUITT,71,1540122.00
2017,GEORGIA,13,SOUTH CENTRAL,COOK,75,1226967.00
2017,GEORGIA,13,SOUTH CENTRAL,ECHOLS,101, (D)
2017,GEORGIA,13,SOUTH CENTRAL,IRWIN,155,605910.00
2017,GEORGIA,13,SOUTH CENTRAL,JEFF DAVIS,161, (D)
2017,GEORGIA,13,SOUTH CENTRAL,LANIER,173,1284000.00
2017,GEORGIA,13,SOUTH CENTRAL,LOWNDES,185, (D)
2017,GEORGIA,13,SOUTH CENTRAL,TIFT,277,816600.00
2017,GEORGIA,13,SOUTHEAST,APPLING,1,2370178.00
2017,GEORGIA,13,SOUTHEAST,PIERCE,229,2771493.00
2017,GEORGIA,13,SOUTHEAST,TATTNALL,267, (D)
2017,GEORGIA,13,SOUTHEAST,WAYNE,305,1422899.00
2017,GEORGIA,13,SOUTHWEST,GRADY,131, (D)
2017,GEORGIA,13,SOUTHWEST,THOMAS,275, (D)
2017,ILLINOIS,17,CENTRAL,MCLEAN,113, (D)
2017,ILLINOIS,17,SOUTHEAST,WAYNE,191, (D)
2017,INDIANA,18,EAST CENTRAL,FAYETTE,41, (D)
2017,INDIANA,18,EAST CENTRAL,HENRY,65, (D)
2017,INDIANA,18,EAST CENTRAL,WAYNE,177,81390.00
2017,INDIANA,18,NORTHEAST,ALLEN,3, (D)
2017,INDIANA,18,SOUTH CENTRAL,HARRISON,61, (D)
2017,INDIANA,18,SOUTH CENTRAL,WASHINGTON,175, (D)
2017,INDIANA,18,SOUTHEAST,CLARK,19,350388.00
2017,INDIANA,18,SOUTHEAST,DEARBORN,29, (D)
2017,INDIANA,18,SOUTHEAST,JEFFERSON,77,371182.00
2017,INDIANA,18,SOUTHEAST,OHIO,115,121800.00
2017,INDIANA,18,SOUTHEAST,RIPLEY,137, (D)
2017,INDIANA,18,SOUTHEAST,SCOTT,143, (D)
2017,INDIANA,18,SOUTHEAST,SWITZERLAND,155,591824.00
2017,KENTUCKY,21,BLUEGRASS,ANDERSON,5,979606.00
2017,KENTUCKY,21,BLUEGRASS,BATH,11,426338.00
2017,KENTUCKY,21,BLUEGRASS,BOURBON,17,2777153.00
2017,KENTUCKY,21,BLUEGRASS,BOYLE,21,704951.00
2017,KENTUCKY,21,BLUEGRASS,CLARK,49,2522022.00
2017,KENTUCKY,21,BLUEGRASS,FAYETTE,67,1767200.00
2017,KENTUCKY,21,BLUEGRASS,FLEMING,69,1986069.00
2017,KENTUCKY,21,BLUEGRASS,FRANKLIN,73,1119340.00
2017,KENTUCKY,21,BLUEGRASS,GARRARD,79,3623693.00
2017,KENTUCKY,21,BLUEGRASS,HARRISON,97,6482034.00
2017,KENTUCKY,21,BLUEGRASS,JESSAMINE,113,800038.00
2017,KENTUCKY,21,BLUEGRASS,LINCOLN,137,894350.00
2017,KENTUCKY,21,BLUEGRASS,MADISON,151,977238.00
2017,KENTUCKY,21,BLUEGRASS,MASON,161,2907346.00
2017,KENTUCKY,21,BLUEGRASS,MERCER,167,978554.00
2017,KENTUCKY,21,BLUEGRASS,MONTGOMERY,173,969300.00
2017,KENTUCKY,21,BLUEGRASS,NICHOLAS,181,4686903.00
2017,KENTUCKY,21,BLUEGRASS,ROBERTSON,201,50000.00
2017,KENTUCKY,21,BLUEGRASS,SCOTT,209,2232044.00
2017,KENTUCKY,21,BLUEGRASS,SHELBY,211,3384784.00
2017,KENTUCKY,21,BLUEGRASS,SPENCER,215,1791632.00
2017,KENTUCKY,21,BLUEGRASS,WASHINGTON,229,620829.00
2017,KENTUCKY,21,BLUEGRASS,WOODFORD,239,3061992.00
2017,KENTUCKY,21,CENTRAL,ADAIR,1,1778588.00
2017,KENTUCKY,21,CENTRAL,ALLEN,3,4950600.00
2017,KENTUCKY,21,CENTRAL,BARREN,9,8260851.00
2017,KENTUCKY,21,CENTRAL,BRECKINRIDGE,27,6409981.00
2017,KENTUCKY,21,CENTRAL,CASEY,45,1307951.00
2017,KENTUCKY,21,CENTRAL,CLINTON,53,53466.00
2017,KENTUCKY,21,CENTRAL,CUMBERLAND,57,60044.00
2017,KENTUCKY,21,CENTRAL,EDMONSON,61, (D)
2017,KENTUCKY,21,CENTRAL,GRAYSON,85,926676.00
2017,KENTUCKY,21,CENTRAL,GREEN,87,7039780.00
2017,KENTUCKY,21,CENTRAL,HARDIN,93,892054.00
2017,KENTUCKY,21,CENTRAL,HART,99,2761570.00
2017,KENTUCKY,21,CENTRAL,JEFFERSON,111, (D)
2017,KENTUCKY,21,CENTRAL,LARUE,123,1355322.00
2017,KENTUCKY,21,CENTRAL,MARION,155,1837389.00
2017,KENTUCKY,21,CENTRAL,MEADE,163,875199.00
2017,KENTUCKY,21,CENTRAL,METCALFE,169,5797696.00
2017,KENTUCKY,21,CENTRAL,MONROE,171,2658692.00
2017,KENTUCKY,21,CENTRAL,NELSON,179,1702068.00
2017,KENTUCKY,21,CENTRAL,RUSSELL,207,180560.00
2017,KENTUCKY,21,CENTRAL,TAYLOR,217,1517438.00
2017,KENTUCKY,21,CENTRAL,WARREN,227,812560.00
2017,KENTUCKY,21,EASTERN OR MOUNTAIN,CARTER,43,119426.00
2017,KENTUCKY,21,EASTERN OR MOUNTAIN,CLAY,51,1057888.00
2017,KENTUCKY,21,EASTERN OR MOUNTAIN,ELLIOTT,63,5600.00
2017,KENTUCKY,21,EASTERN OR MOUNTAIN,GREENUP,89, (D)
2017,KENTUCKY,21,EASTERN OR MOUNTAIN,JACKSON,109,74919.00
2017,KENTUCKY,21,EASTERN OR MOUNTAIN,LAUREL,125,271900.00
2017,KENTUCKY,21,EASTERN OR MOUNTAIN,LEWIS,135,747872.00
2017,KENTUCKY,21,EASTERN OR MOUNTAIN,MAGOFFIN,153, (D)
2017,KENTUCKY,21,EASTERN OR MOUNTAIN,MENIFEE,165, (D)
2017,KENTUCKY,21,EASTERN OR MOUNTAIN,MORGAN,175,114650.00
2017,KENTUCKY,21,EASTERN OR MOUNTAIN,POWELL,197,9000.00
2017,KENTUCKY,21,EASTERN OR MOUNTAIN,PULASKI,199,469406.00
2017,KENTUCKY,21,EASTERN OR MOUNTAIN,ROCKCASTLE,203,21200.00
2017,KENTUCKY,21,EASTERN OR MOUNTAIN,ROWAN,205,30200.00
2017,KENTUCKY,21,EASTERN OR MOUNTAIN,WAYNE,231,116281.00
2017,KENTUCKY,21,EASTERN OR MOUNTAIN,WOLFE,237, (D)
2017,KENTUCKY,21,MIDWESTERN,CALDWELL,33,1363926.00
2017,KENTUCKY,21,MIDWESTERN,CHRISTIAN,47,14426991.00
2017,KENTUCKY,21,MIDWESTERN,DAVIESS,59,7086321.00
2017,KENTUCKY,21,MIDWESTERN,HANCOCK,91,298571.00
2017,KENTUCKY,21,MIDWESTERN,HENDERSON,101,533678.00
2017,KENTUCKY,21,MIDWESTERN,HOPKINS,107,381326.00
2017,KENTUCKY,21,MIDWESTERN,LOGAN,141,3388822.00
2017,KENTUCKY,21,MIDWESTERN,MCLEAN,149,1131661.00
2017,KENTUCKY,21,MIDWESTERN,MUHLENBERG,177,2383620.00
2017,KENTUCKY,21,MIDWESTERN,OHIO,183,534838.00
2017,KENTUCKY,21,MIDWESTERN,SIMPSON,213,1385061.00
2017,KENTUCKY,21,MIDWESTERN,TODD,219,5828589.00
2017,KENTUCKY,21,MIDWESTERN,UNION,225,10350.00
2017,KENTUCKY,21,MIDWESTERN,WEBSTER,233,556325.00
2017,KENTUCKY,21,NORTHERN,BOONE,15,155449.00
2017,KENTUCKY,21,NORTHERN,BRACKEN,23,1774793.00
2017,KENTUCKY,21,NORTHERN,CAMPBELL,37,98854.00
2017,KENTUCKY,21,NORTHERN,CARROLL,41,42803.00
2017,KENTUCKY,21,NORTHERN,GALLATIN,77,888646.00
2017,KENTUCKY,21,NORTHERN,GRANT,81,1489955.00
2017,KENTUCKY,21,NORTHERN,HENRY,103,2895481.00
2017,KENTUCKY,21,NORTHERN,KENTON,117,353454.00
2017,KENTUCKY,21,NORTHERN,OWEN,187,3748142.00
2017,KENTUCKY,21,NORTHERN,PENDLETON,191,1268450.00
2017,KENTUCKY,21,NORTHERN,TRIMBLE,223,1221692.00
2017,KENTUCKY,21,PURCHASE,BALLARD,7, (D)
2017,KENTUCKY,21,PURCHASE,CALLOWAY,35,7260006.00
2017,KENTUCKY,21,PURCHASE,CARLISLE,39,546055.00
2017,KENTUCKY,21,PURCHASE,GRAVES,83,5982083.00
2017,KENTUCKY,21,PURCHASE,HICKMAN,105,413421.00
2017,KENTUCKY,21,PURCHASE,LYON,143,531600.00
2017,KENTUCKY,21,PURCHASE,MARSHALL,157,100000.00
2017,KENTUCKY,21,PURCHASE,MCCRACKEN,145,196172.00
2017,KENTUCKY,21,PURCHASE,TRIGG,221,4556096.00
2017,LOUISIANA,22,SOUTHEAST,SAINT JAMES,93, (D)
2017,MARYLAND,24,NORTH CENTRAL,HARFORD,25, (D)
2017,MARYLAND,24,SOUTHERN,CALVERT,9, (D)
2017,MARYLAND,24,SOUTHERN,CHARLES,17, (D)
2017,MARYLAND,24,SOUTHERN,ST MARYS,37,550302.00
2017,MARYLAND,24,UPPER EASTERN SHORE,CECIL,15,107667.00
2017,MASSACHUSETTS,25,ALL COUNTIES,FRANKLIN,11, (D)
2017,MASSACHUSETTS,25,ALL COUNTIES,HAMPDEN,13,546230.00
2017,MASSACHUSETTS,25,ALL COUNTIES,HAMPSHIRE,15,97383.00
2017,MASSACHUSETTS,25,ALL COUNTIES,WORCESTER,27, (D)
2017,MISSOURI,29,CENTRAL,HOWARD,89, (D)
2017,MISSOURI,29,NORTHWEST,DAVIESS,61, (D)
2017,MISSOURI,29,NORTHWEST,PLATTE,165, (D)
2017,MISSOURI,29,SOUTH CENTRAL,WEBSTER,225, (D)
2017,NORTH CAROLINA,37,CENTRAL COASTAL,BEAUFORT,13,3118892.00
2017,NORTH CAROLINA,37,CENTRAL COASTAL,CRAVEN,49,3202910.00
2017,NORTH CAROLINA,37,CENTRAL COASTAL,GREENE,79,11324938.00
2017,NORTH CAROLINA,37,CENTRAL COASTAL,JOHNSTON,101,25887619.00
2017,NORTH CAROLINA,37,CENTRAL COASTAL,JONES,103,1601237.00
2017,NORTH CAROLINA,37,CENTRAL COASTAL,LENOIR,107,12858842.00
2017,NORTH CAROLINA,37,CENTRAL COASTAL,PAMLICO,137, (D)
2017,NORTH CAROLINA,37,CENTRAL COASTAL,PITT,147,16785200.00
2017,NORTH CAROLINA,37,CENTRAL COASTAL,WAYNE,191,18037738.00
2017,NORTH CAROLINA,37,CENTRAL COASTAL,WILSON,195,28370157.00
2017,NORTH CAROLINA,37,CENTRAL PIEDMONT,ALEXANDER,3,997786.00
2017,NORTH CAROLINA,37,CENTRAL PIEDMONT,CHATHAM,37,1705212.00
2017,NORTH CAROLINA,37,CENTRAL PIEDMONT,DAVIDSON,57,493125.00
2017,NORTH CAROLINA,37,CENTRAL PIEDMONT,LEE,105,6197436.00
2017,NORTH CAROLINA,37,CENTRAL PIEDMONT,RANDOLPH,151,1693060.00
2017,NORTH CAROLINA,37,CENTRAL PIEDMONT,WAKE,183,10959562.00
2017,NORTH CAROLINA,37,NORTHERN COASTAL,BERTIE,15,7843676.00
2017,NORTH CAROLINA,37,NORTHERN COASTAL,CHOWAN,41, (D)
2017,NORTH CAROLINA,37,NORTHERN COASTAL,EDGECOMBE,65,12224191.00
2017,NORTH CAROLINA,37,NORTHERN COASTAL,HALIFAX,83,8186406.00
2017,NORTH CAROLINA,37,NORTHERN COASTAL,HERTFORD,91,6520206.00
2017,NORTH CAROLINA,37,NORTHERN COASTAL,MARTIN,117,10565381.00
2017,NORTH CAROLINA,37,NORTHERN COASTAL,NASH,127,21732452.00
2017,NORTH CAROLINA,37,NORTHERN COASTAL,NORTHAMPTON,131, (D)
2017,NORTH CAROLINA,37,NORTHERN COASTAL,WASHINGTON,187,559300.00
2017,NORTH CAROLINA,37,NORTHERN MOUNTAIN,ALLEGHANY,5,399600.00
2017,NORTH CAROLINA,37,NORTHERN MOUNTAIN,ASHE,9,25846.00
2017,NORTH CAROLINA,37,NORTHERN MOUNTAIN,AVERY,11, (D)
2017,NORTH CAROLINA,37,NORTHERN MOUNTAIN,SURRY,171,6916230.00
2017,NORTH CAROLINA,37,NORTHERN MOUNTAIN,WILKES,193, (D)
2017,NORTH CAROLINA,37,NORTHERN MOUNTAIN,YADKIN,197,7381436.00
2017,NORTH CAROLINA,37,NORTHERN PIEDMONT,ALAMANCE,1,3217563.00
2017,NORTH CAROLINA,37,NORTHERN PIEDMONT,CASWELL,33,4729892.00
2017,NORTH CAROLINA,37,NORTHERN PIEDMONT,DURHAM,63,536490.00
2017,NORTH CAROLINA,37,NORTHERN PIEDMONT,FORSYTH,67,915585.00
2017,NORTH CAROLINA,37,NORTHERN PIEDMONT,FRANKLIN,69,8596173.00
2017,NORTH CAROLINA,37,NORTHERN PIEDMONT,GRANVILLE,77,6792059.00
2017,NORTH CAROLINA,37,NORTHERN PIEDMONT,GUILFORD,81,4687162.00
2017,NORTH CAROLINA,37,NORTHERN PIEDMONT,ORANGE,135,2082649.00
2017,NORTH CAROLINA,37,NORTHERN PIEDMONT,PERSON,145,12310497.00
2017,NORTH CAROLINA,37,NORTHERN PIEDMONT,ROCKINGHAM,157,11195717.00
2017,NORTH CAROLINA,37,NORTHERN PIEDMONT,STOKES,169,2946144.00
2017,NORTH CAROLINA,37,NORTHERN PIEDMONT,VANCE,181,6092436.00
2017,NORTH CAROLINA,37,NORTHERN PIEDMONT,WARREN,185,3414282.00
2017,NORTH CAROLINA,37,SOUTHERN COASTAL,BLADEN,17, (D)
2017,NORTH CAROLINA,37,SOUTHERN COASTAL,BRUNSWICK,19, (D)
2017,NORTH CAROLINA,37,SOUTHERN COASTAL,COLUMBUS,47,4185576.00
2017,NORTH CAROLINA,37,SOUTHERN COASTAL,CUMBERLAND,51,4612159.00
2017,NORTH CAROLINA,37,SOUTHERN COASTAL,DUPLIN,61,4266337.00
2017,NORTH CAROLINA,37,SOUTHERN COASTAL,HARNETT,85,19892158.00
2017,NORTH CAROLINA,37,SOUTHERN COASTAL,ONSLOW,133,1638508.00
2017,NORTH CAROLINA,37,SOUTHERN COASTAL,PENDER,141, (D)
2017,NORTH CAROLINA,37,SOUTHERN COASTAL,ROBESON,155,5815249.00
2017,NORTH CAROLINA,37,SOUTHERN COASTAL,SAMPSON,163,21098407.00
2017,NORTH CAROLINA,37,SOUTHERN PIEDMONT,CLEVELAND,45, (D)
2017,NORTH CAROLINA,37,SOUTHERN PIEDMONT,MONTGOMERY,123, (D)
2017,NORTH CAROLINA,37,SOUTHERN PIEDMONT,MOORE,125,4394591.00
2017,NORTH CAROLINA,37,SOUTHERN PIEDMONT,RICHMOND,153,371640.00
2017,NORTH CAROLINA,37,WESTERN MOUNTAIN,BUNCOMBE,21,9692.00
2017,NORTH CAROLINA,37,WESTERN MOUNTAIN,HAYWOOD,87,107600.00
2017,NORTH CAROLINA,37,WESTERN MOUNTAIN,MADISON,115,50226.00
2017,NORTH CAROLINA,37,WESTERN MOUNTAIN,YANCEY,199,75599.00
2017,OHIO,39,SOUTH CENTRAL,ADAMS,1,995722.00
2017,OHIO,39,SOUTH CENTRAL,BROWN,15,510626.00
2017,OHIO,39,SOUTH CENTRAL,GALLIA,53,46094.00
2017,OHIO,39,SOUTH CENTRAL,HIGHLAND,71,432186.00
2017,OHIO,39,SOUTH CENTRAL,PIKE,131, (D)
2017,OHIO,39,SOUTHWEST,CLERMONT,25, (D)
2017,OHIO,39,SOUTHWEST,MONTGOMERY,113, (D)
2017,PENNSYLVANIA,42,CENTRAL,CENTRE,27, (D)
2017,PENNSYLVANIA,42,CENTRAL,COLUMBIA,37,25776.00
2017,PENNSYLVANIA,42,CENTRAL,DAUPHIN,43,28750.00
2017,PENNSYLVANIA,42,CENTRAL,MONTOUR,93,431633.00
2017,PENNSYLVANIA,42,CENTRAL,NORTHUMBERLAND,97,564945.00
2017,PENNSYLVANIA,42,CENTRAL,UNION,119, (D)
2017,PENNSYLVANIA,42,NORTH CENTRAL,CLINTON,35,221057.00
2017,PENNSYLVANIA,42,NORTH CENTRAL,LYCOMING,81, (D)
2017,PENNSYLVANIA,42,SOUTH CENTRAL,CUMBERLAND,41, (D)
2017,PENNSYLVANIA,42,SOUTH CENTRAL,YORK,133,548932.00
2017,PENNSYLVANIA,42,SOUTHEASTERN,CHESTER,29,2147364.00
2017,PENNSYLVANIA,42,SOUTHEASTERN,LANCASTER,71,13358163.00
2017,SOUTH CAROLINA,45,CENTRAL,CLARENDON,27,743080.00
2017,SOUTH CAROLINA,45,CENTRAL,LEXINGTON,63, (D)
2017,SOUTH CAROLINA,45,CENTRAL,SUMTER,85, (D)
2017,SOUTH CAROLINA,45,EASTERN,CHESTERFIELD,25,311610.00
2017,SOUTH CAROLINA,45,EASTERN,DARLINGTON,31,831214.00
2017,SOUTH CAROLINA,45,EASTERN,DILLON,33,522667.00
2017,SOUTH CAROLINA,45,EASTERN,FLORENCE,41,1015894.00
2017,SOUTH CAROLINA,45,EASTERN,GEORGETOWN,43,1408274.00
2017,SOUTH CAROLINA,45,EASTERN,HORRY,51,14843322.00
2017,SOUTH CAROLINA,45,EASTERN,MARION,67,1274602.00
2017,SOUTH CAROLINA,45,EASTERN,MARLBORO,69, (D)
2017,SOUTH CAROLINA,45,EASTERN,WILLIAMSBURG,89,1490048.00
2017,SOUTH CAROLINA,45,SOUTHERN,COLLETON,29, (D)
2017,TENNESSEE,47,CENTRAL BASIN,CANNON,15, (D)
2017,TENNESSEE,47,CENTRAL BASIN,CLAY,27,1556500.00
2017,TENNESSEE,47,CENTRAL BASIN,JACKSON,87,27150.00
2017,TENNESSEE,47,CENTRAL BASIN,LINCOLN,103, (D)
2017,TENNESSEE,47,CENTRAL BASIN,MACON,111,8364156.00
2017,TENNESSEE,47,CENTRAL BASIN,MAURY,119, (D)
2017,TENNESSEE,47,CENTRAL BASIN,MOORE,127, (D)
2017,TENNESSEE,47,CENTRAL BASIN,RUTHERFORD,149, (D)
2017,TENNESSEE,47,CENTRAL BASIN,SMITH,159,1686006.00
2017,TENNESSEE,47,CENTRAL BASIN,SUMNER,165,2140986.00
2017,TENNESSEE,47,CENTRAL BASIN,TROUSDALE,169,171983.00
2017,TENNESSEE,47,CENTRAL BASIN,WILLIAMSON,187, (D)
2017,TENNESSEE,47,CENTRAL BASIN,WILSON,189, (D)
2017,TENNESSEE,47,CUMBERLAND PLATEAU,CUMBERLAND,35, (D)
2017,TENNESSEE,47,CUMBERLAND PLATEAU,MORGAN,129, (D)
2017,TENNESSEE,47,CUMBERLAND PLATEAU,PUTNAM,141,53580.00
2017,TENNESSEE,47,EAST TENNESSEE,BRADLEY,11, (D)
2017,TENNESSEE,47,EAST TENNESSEE,CARTER,19, (D)
2017,TENNESSEE,47,EAST TENNESSEE,CLAIBORNE,25,279955.00
2017,TENNESSEE,47,EAST TENNESSEE,GRAINGER,57,74936.00
2017,TENNESSEE,47,EAST TENNESSEE,GREENE,59,77941.00
2017,TENNESSEE,47,EAST TENNESSEE,HAMBLEN,63, (D)
2017,TENNESSEE,47,EAST TENNESSEE,HANCOCK,67,15000.00
2017,TENNESSEE,47,EAST TENNESSEE,HAWKINS,73,175798.00
2017,TENNESSEE,47,EAST TENNESSEE,JEFFERSON,89, (D)
2017,TENNESSEE,47,EAST TENNESSEE,JOHNSON,91,16634.00
2017,TENNESSEE,47,EAST TENNESSEE,LOUDON,105, (D)
2017,TENNESSEE,47,EAST TENNESSEE,MCMINN,107,145264.00
2017,TENNESSEE,47,EAST TENNESSEE,ROANE,145, (D)
2017,TENNESSEE,47,EAST TENNESSEE,SEVIER,155,7470.00
2017,TENNESSEE,47,EAST TENNESSEE,SULLIVAN,163, (D)
2017,TENNESSEE,47,EAST TENNESSEE,UNION,173, (D)
2017,TENNESSEE,47,EAST TENNESSEE,WASHINGTON,179,644534.00
2017,TENNESSEE,47,WEST TENNESSEE,HENRY,79,2056995.00
2017,TENNESSEE,47,WESTERN RIM,CHEATHAM,21,3270640.00
2017,TENNESSEE,47,WESTERN RIM,DICKSON,43,1619183.00
2017,TENNESSEE,47,WESTERN RIM,HICKMAN,81, (D)
2017,TENNESSEE,47,WESTERN RIM,HOUSTON,83, (D)
2017,TENNESSEE,47,WESTERN RIM,LAWRENCE,99,31403.00
2017,TENNESSEE,47,WESTERN RIM,MONTGOMERY,125,6420129.00
2017,TENNESSEE,47,WESTERN RIM,ROBERTSON,147,12584317.00
2017,TENNESSEE,47,WESTERN RIM,STEWART,161,895683.00
2017,VIRGINIA,51,CENTRAL,AMELIA,7,832660.00
2017,VIRGINIA,51,CENTRAL,APPOMATTOX,11,334251.00
2017,VIRGINIA,51,CENTRAL,CAMPBELL,31, (D)
2017,VIRGINIA,51,CENTRAL,CUMBERLAND,49, (D)
2017,VIRGINIA,51,CENTRAL,PRINCE EDWARD,147, (D)
2017,VIRGINIA,51,SOUTHEASTERN,BRUNSWICK,25,5907330.00
2017,VIRGINIA,51,SOUTHEASTERN,DINWIDDIE,53,4267613.00
2017,VIRGINIA,51,SOUTHEASTERN,GREENSVILLE,81,2029786.00
2017,VIRGINIA,51,SOUTHEASTERN,MECKLENBURG,117,13975695.00
2017,VIRGINIA,51,SOUTHEASTERN,SUSSEX,183,1248800.00
2017,VIRGINIA,51,SOUTHERN,CHARLOTTE,37,1229561.00
2017,VIRGINIA,51,SOUTHERN,FRANKLIN,67,2409541.00
2017,VIRGINIA,51,SOUTHERN,HALIFAX,83,4075204.00
2017,VIRGINIA,51,SOUTHERN,HENRY,89,353258.00
2017,VIRGINIA,51,SOUTHERN,LUNENBURG,111,5053997.00
2017,VIRGINIA,51,SOUTHERN,NOTTOWAY,135, (D)
2017,VIRGINIA,51,SOUTHERN,PATRICK,141,498000.00
2017,VIRGINIA,51,SOUTHERN,PITTSYLVANIA,143,10411637.00
2017,VIRGINIA,51,SOUTHWESTERN,GRAYSON,77, (D)
2017,VIRGINIA,51,SOUTHWESTERN,LEE,105,189742.00
2017,VIRGINIA,51,SOUTHWESTERN,MONTGOMERY,121, (D)
2017,VIRGINIA,51,SOUTHWESTERN,RUSSELL,167,36125.00
2017,VIRGINIA,51,SOUTHWESTERN,SCOTT,169,29600.00
2017,VIRGINIA,51,SOUTHWESTERN,SMYTH,173,10641.00
2017,VIRGINIA,51,SOUTHWESTERN,WASHINGTON,191,143152.00
2017,WEST VIRGINIA,54,SOUTHWEST,CABELL,11, (D)
2017,WISCONSIN,55,SOUTH CENTRAL,DANE,25,461187.00
2017,WISCONSIN,55,SOUTH CENTRAL,JEFFERSON,55, (D)
2017,WISCONSIN,55,SOUTH CENTRAL,ROCK,105,105429.00
2017,WISCONSIN,55,SOUTHWEST,GRANT,43,77867.00
2017,WISCONSIN,55,SOUTHWEST,IOWA,49, (D)
2017,WISCONSIN,55,SOUTHWEST,LAFAYETTE,65,312648.00